strata generate: this CPU has no AVX-512: the expert kernels run on AVX-2 (multi-token for the i-quant gate/up rows)
strata generate: native pack: D:\ds4_work\strata\Strata-data\packs\iq3_xxs experts (largest blob 2.33 MB), token embedding IQ3_S in mapped host memory (260 MiB)
strata generate: 1466 MiB of weights loaded from D:\ds4_work\strata\Strata-data\packs\iq3_xxs (302 canonical tensors skipped: served natively)
strata generate: 300 native projection matrices, 1781.11 MiB of weights
strata generate: the SSD is kept awake while rows are read: one page of the table after 100 ms without a read, until 60 s after the last request (STRATA_SSD_KEEPALIVE=0 turns it off)
strata generate: profile D:\ds4_work\strata\Strata\data\expert-profile.bin: 24576 ranked pairs, built for 24576 slots
strata generate: KV streaming: 32768 of 262144 cells per QSA layer in VRAM, the K/V in 3.09 GiB of pinned RAM
strata generate: PLE on, table 320001536 rows of C:\Users\imanu\Downloads\Qwen3.8-Flash-Next-GSQ-RCO-IQ3_XXS-00002-of-00002.gguf
strata mtp: draft layer loaded, 834 MiB of VRAM (experts 675, dense 111), files read in 0.26 s (3025 MiB/s)
strata generate: GPU 0: NVIDIA GeForce RTX 2080 Ti, compute capability 7.5
strata generate: expert arena read unbuffered (3 of 16 probe reads from the file cache; 31.5 GiB available, 43.8 GiB of files)
strata generate: expert arena: cudaHostRegister PORTABLE ok; large pages refused for 42916118528 B (GetLargePageMinimum=2097152, VirtualAlloc error 1314); using 4 KB pages
strata generate: loaded 39.97 GiB at 1.65 GiB/s
strata generate: experimental native Q5_K head, 437043200 bytes
strata generate: expert cache 5357 slots, 8.68 GiB of VRAM; policy is
strata generate: the GPU computes the experts in the cache; it rounds differently from the CPU,
                 so a reply can differ slightly from a run without the cache (same quality:
                 bench/results/2026-09-27-cache-parity).
                 PROFILE, ranked by routing frequency, no eviction.
strata generate: pre-filled 5357 of 5357 slots from the profile; slot 0 verified
strata generate: R4 hit path ON - resident experts are computed on the GPU
strata generate: 7 expert-pool workers + the host thread
strata generate: session is up (engine 0.1.38)
strata generate: token graph hit path: 5357 resident experts, decided on the device
strata serve: the prompt path borrows 2331 CUDA0 cache slots (3.73 GiB)
strata hc: CUDA0: the hyper-connection read runs as staged (the norm per token and stream, the down projection's activations staged ahead by cp.async); checked bit for bit against the plain read on this card (STRATA_HC_SPLIT=1 or 0 for the earlier ones)
strata verify: window up to 4 tokens, 58.8 MiB of device buffers
strata mtp: draft head over 40525 tokens (68.0 MiB)
strata serve: 2670 MiB of VRAM free with everything loaded
strata verify: captured the 4-token window (upload no error, sync no error)
strata verify: captured the 3-token window (upload no error, sync no error)
strata verify: captured the 2-token window (upload no error, sync no error)
strata verify: captured the 1-token window (upload no error, sync no error)
strata serve: prompt 22 tokens = 0 reused + 22 read in 502 ms (43.8 tok/s), 6 generated in 240 ms (25.0 tok/s), drafts accepted 6 of 6, 1 checkpoints
strata serve: decode expert cache hit rate: 30.9% (1147 hits / 3713 lookups)
strata serve: KV streaming: 93.75% of 1536 block reads hit VRAM, 0.4 MiB read from RAM
strata serve: prompt 33823 tokens = 0 reused + 33823 read in 34136 ms (990.8 tok/s), 43 generated in 1138 ms (37.8 tok/s), drafts accepted 33 of 36, 3 checkpoints
strata serve: decode expert cache hit rate: 37.0% (7517 hits / 20300 lookups)
strata serve: KV streaming: 93.09% of 338916 block reads hit VRAM, 94.4 MiB read from RAM
strata serve: prompt 33822 tokens = 30720 reused + 3102 read in 4363 ms (711.0 tok/s), 43 generated in 1139 ms (37.7 tok/s), drafts accepted 33 of 36, 3 checkpoints
strata serve: decode expert cache hit rate: 37.6% (7632 hits / 20293 lookups)
strata serve: KV streaming: 96.39% of 677832 block reads hit VRAM, 98.5 MiB read from RAM
strata serve: prompt 33823 tokens = 33815 reused + 8 read in 156 ms (51.3 tok/s), 1 generated in 33 ms (30.4 tok/s), drafts accepted 0 of 0, 3 checkpoints
strata serve: decode expert cache hit rate: 68.4% (311 hits / 455 lookups)
strata serve: KV streaming: 96.59% of 727128 block reads hit VRAM, 100.0 MiB read from RAM
strata serve: prompt 33824 tokens = 33823 reused + 1 read in 3 ms (358.2 tok/s), 1 generated in 33 ms (30.2 tok/s), drafts accepted 0 of 0, 3 checkpoints
strata serve: decode expert cache hit rate: 68.2% (313 hits / 459 lookups)
strata serve: KV streaming: 96.60% of 733284 block reads hit VRAM, 100.4 MiB read from RAM
strata serve: prompt 33825 tokens = 33824 reused + 1 read in 3 ms (359.0 tok/s), 1 generated in 37 ms (27.0 tok/s), drafts accepted 0 of 0, 3 checkpoints
strata serve: decode expert cache hit rate: 58.2% (256 hits / 440 lookups)
strata serve: KV streaming: 96.62% of 739452 block reads hit VRAM, 100.8 MiB read from RAM
strata serve: prompt 33826 tokens = 33825 reused + 1 read in 3 ms (356.1 tok/s), 1 generated in 34 ms (29.1 tok/s), drafts accepted 0 of 0, 3 checkpoints
strata serve: decode expert cache hit rate: 67.0% (305 hits / 455 lookups)
strata serve: KV streaming: 96.63% of 745620 block reads hit VRAM, 101.3 MiB read from RAM
strata serve: prompt 33827 tokens = 33826 reused + 1 read in 3 ms (355.8 tok/s), 1 generated in 36 ms (27.6 tok/s), drafts accepted 0 of 0, 3 checkpoints
strata serve: decode expert cache hit rate: 73.4% (340 hits / 463 lookups)
strata serve: KV streaming: 96.65% of 751776 block reads hit VRAM, 101.5 MiB read from RAM
strata serve: prompt 33828 tokens = 33827 reused + 1 read in 3 ms (357.9 tok/s), 1 generated in 32 ms (31.2 tok/s), drafts accepted 0 of 0, 3 checkpoints
strata serve: decode expert cache hit rate: 74.2% (343 hits / 462 lookups)
strata serve: KV streaming: 96.66% of 757932 block reads hit VRAM, 101.9 MiB read from RAM
strata serve: prompt 33829 tokens = 33828 reused + 1 read in 3 ms (358.6 tok/s), 1 generated in 30 ms (33.2 tok/s), drafts accepted 0 of 0, 3 checkpoints
strata serve: decode expert cache hit rate: 74.6% (346 hits / 464 lookups)
strata serve: KV streaming: 96.67% of 764100 block reads hit VRAM, 102.4 MiB read from RAM
strata serve: prompt 33830 tokens = 33829 reused + 1 read in 3 ms (358.5 tok/s), 1 generated in 34 ms (29.1 tok/s), drafts accepted 0 of 0, 3 checkpoints
strata serve: decode expert cache hit rate: 64.4% (291 hits / 452 lookups)
strata serve: KV streaming: 96.67% of 770268 block reads hit VRAM, 103.2 MiB read from RAM
strata serve: prompt 33831 tokens = 33830 reused + 1 read in 3 ms (359.6 tok/s), 1 generated in 34 ms (29.3 tok/s), drafts accepted 0 of 0, 3 checkpoints
strata serve: decode expert cache hit rate: 63.3% (286 hits / 452 lookups)
strata serve: KV streaming: 96.66% of 776424 block reads hit VRAM, 104.5 MiB read from RAM
strata serve: prompt 33832 tokens = 33831 reused + 1 read in 3 ms (357.6 tok/s), 1 generated in 35 ms (28.2 tok/s), drafts accepted 0 of 0, 3 checkpoints
strata serve: decode expert cache hit rate: 67.6% (304 hits / 450 lookups)
strata serve: KV streaming: 96.67% of 782580 block reads hit VRAM, 105.1 MiB read from RAM
strata serve: prompt 33833 tokens = 33832 reused + 1 read in 3 ms (359.9 tok/s), 1 generated in 34 ms (29.5 tok/s), drafts accepted 0 of 0, 3 checkpoints
strata serve: decode expert cache hit rate: 65.0% (294 hits / 452 lookups)
strata serve: KV streaming: 96.67% of 788748 block reads hit VRAM, 105.9 MiB read from RAM
strata serve: prompt 33834 tokens = 33833 reused + 1 read in 3 ms (358.8 tok/s), 1 generated in 34 ms (29.5 tok/s), drafts accepted 0 of 0, 3 checkpoints
strata serve: decode expert cache hit rate: 67.0% (304 hits / 454 lookups)
strata serve: KV streaming: 96.67% of 794916 block reads hit VRAM, 106.6 MiB read from RAM
strata serve: prompt 33835 tokens = 33834 reused + 1 read in 3 ms (359.7 tok/s), 1 generated in 31 ms (31.8 tok/s), drafts accepted 0 of 0, 3 checkpoints
strata serve: decode expert cache hit rate: 71.9% (333 hits / 463 lookups)
strata serve: KV streaming: 96.69% of 801072 block reads hit VRAM, 106.8 MiB read from RAM
strata serve: prompt 33836 tokens = 33835 reused + 1 read in 3 ms (359.5 tok/s), 1 generated in 31 ms (32.4 tok/s), drafts accepted 0 of 0, 3 checkpoints
strata serve: decode expert cache hit rate: 72.3% (336 hits / 465 lookups)
strata serve: KV streaming: 96.71% of 807228 block reads hit VRAM, 107.0 MiB read from RAM
strata serve: prompt 33837 tokens = 33836 reused + 1 read in 3 ms (360.9 tok/s), 1 generated in 37 ms (26.9 tok/s), drafts accepted 0 of 0, 3 checkpoints
strata serve: decode expert cache hit rate: 58.8% (260 hits / 442 lookups)
strata serve: KV streaming: 96.73% of 813396 block reads hit VRAM, 107.2 MiB read from RAM
strata serve: prompt 33838 tokens = 33837 reused + 1 read in 3 ms (359.6 tok/s), 1 generated in 40 ms (25.0 tok/s), drafts accepted 0 of 0, 3 checkpoints
strata serve: decode expert cache hit rate: 43.9% (186 hits / 424 lookups)
strata serve: KV streaming: 96.75% of 819564 block reads hit VRAM, 107.4 MiB read from RAM
strata serve: prompt 33839 tokens = 33838 reused + 1 read in 3 ms (351.8 tok/s), 1 generated in 42 ms (23.8 tok/s), drafts accepted 0 of 0, 3 checkpoints
strata serve: decode expert cache hit rate: 34.9% (145 hits / 415 lookups)
strata serve: KV streaming: 96.75% of 825720 block reads hit VRAM, 108.1 MiB read from RAM
strata serve: prompt 33840 tokens = 33839 reused + 1 read in 3 ms (357.8 tok/s), 1 generated in 42 ms (23.8 tok/s), drafts accepted 0 of 0, 3 checkpoints
strata serve: decode expert cache hit rate: 29.6% (121 hits / 409 lookups)
strata serve: KV streaming: 96.75% of 831876 block reads hit VRAM, 108.9 MiB read from RAM
strata serve: prompt 33841 tokens = 33840 reused + 1 read in 3 ms (360.9 tok/s), 1 generated in 45 ms (22.2 tok/s), drafts accepted 0 of 0, 3 checkpoints
strata serve: decode expert cache hit rate: 23.8% (96 hits / 404 lookups)
strata serve: KV streaming: 96.75% of 838044 block reads hit VRAM, 109.9 MiB read from RAM
strata serve: prompt 33842 tokens = 33841 reused + 1 read in 3 ms (357.6 tok/s), 1 generated in 48 ms (20.9 tok/s), drafts accepted 0 of 0, 3 checkpoints
strata serve: decode expert cache hit rate: 23.6% (94 hits / 398 lookups)
strata serve: KV streaming: 96.76% of 844212 block reads hit VRAM, 110.2 MiB read from RAM
strata serve: prompt 33843 tokens = 33842 reused + 1 read in 3 ms (360.2 tok/s), 1 generated in 38 ms (26.0 tok/s), drafts accepted 0 of 0, 3 checkpoints
strata serve: decode expert cache hit rate: 47.1% (202 hits / 429 lookups)
strata serve: KV streaming: 96.78% of 850368 block reads hit VRAM, 110.5 MiB read from RAM
strata serve: prompt 33844 tokens = 33843 reused + 1 read in 3 ms (360.5 tok/s), 1 generated in 45 ms (22.2 tok/s), drafts accepted 0 of 0, 3 checkpoints
strata serve: decode expert cache hit rate: 26.7% (108 hits / 405 lookups)
strata serve: KV streaming: 96.78% of 856524 block reads hit VRAM, 111.0 MiB read from RAM
strata serve: prompt 33845 tokens = 33844 reused + 1 read in 3 ms (357.8 tok/s), 1 generated in 46 ms (21.9 tok/s), drafts accepted 0 of 0, 3 checkpoints
strata serve: decode expert cache hit rate: 24.5% (98 hits / 400 lookups)
strata serve: KV streaming: 96.77% of 862692 block reads hit VRAM, 112.2 MiB read from RAM
strata serve: prompt 33846 tokens = 33845 reused + 1 read in 3 ms (358.4 tok/s), 1 generated in 45 ms (22.2 tok/s), drafts accepted 0 of 0, 3 checkpoints
strata serve: decode expert cache hit rate: 25.8% (104 hits / 403 lookups)
strata serve: KV streaming: 96.78% of 868860 block reads hit VRAM, 112.6 MiB read from RAM
strata serve: prompt 33847 tokens = 33846 reused + 1 read in 3 ms (358.5 tok/s), 1 generated in 45 ms (22.4 tok/s), drafts accepted 0 of 0, 3 checkpoints
strata serve: decode expert cache hit rate: 26.9% (109 hits / 405 lookups)
strata serve: KV streaming: 96.78% of 875016 block reads hit VRAM, 113.4 MiB read from RAM
strata serve: prompt 33848 tokens = 33847 reused + 1 read in 3 ms (352.5 tok/s), 1 generated in 47 ms (21.2 tok/s), drafts accepted 0 of 0, 3 checkpoints
strata serve: decode expert cache hit rate: 19.9% (79 hits / 397 lookups)
strata serve: KV streaming: 96.79% of 881172 block reads hit VRAM, 113.9 MiB read from RAM
strata serve: prompt 33849 tokens = 33848 reused + 1 read in 3 ms (357.7 tok/s), 1 generated in 45 ms (22.4 tok/s), drafts accepted 0 of 0, 3 checkpoints
strata serve: decode expert cache hit rate: 24.5% (99 hits / 404 lookups)
strata serve: KV streaming: 96.81% of 887340 block reads hit VRAM, 114.2 MiB read from RAM
strata serve: prompt 33850 tokens = 33849 reused + 1 read in 3 ms (355.6 tok/s), 1 generated in 43 ms (23.3 tok/s), drafts accepted 0 of 0, 3 checkpoints
strata serve: decode expert cache hit rate: 32.0% (132 hits / 412 lookups)
strata serve: KV streaming: 96.81% of 893508 block reads hit VRAM, 114.7 MiB read from RAM
strata serve: prompt 33851 tokens = 33850 reused + 1 read in 3 ms (358.7 tok/s), 1 generated in 47 ms (21.3 tok/s), drafts accepted 0 of 0, 3 checkpoints
strata serve: decode expert cache hit rate: 26.7% (108 hits / 404 lookups)
strata serve: KV streaming: 96.82% of 899664 block reads hit VRAM, 115.4 MiB read from RAM
strata serve: prompt 33852 tokens = 33851 reused + 1 read in 3 ms (359.3 tok/s), 1 generated in 43 ms (23.4 tok/s), drafts accepted 0 of 0, 3 checkpoints
strata serve: decode expert cache hit rate: 33.8% (139 hits / 411 lookups)
strata serve: KV streaming: 96.80% of 905820 block reads hit VRAM, 116.7 MiB read from RAM
strata serve: prompt 33853 tokens = 33852 reused + 1 read in 3 ms (358.3 tok/s), 1 generated in 50 ms (20.0 tok/s), drafts accepted 0 of 0, 3 checkpoints
strata serve: decode expert cache hit rate: 24.6% (98 hits / 399 lookups)
strata serve: KV streaming: 96.81% of 911988 block reads hit VRAM, 117.0 MiB read from RAM
strata serve: prompt 33854 tokens = 33853 reused + 1 read in 3 ms (353.7 tok/s), 1 generated in 47 ms (21.4 tok/s), drafts accepted 0 of 0, 3 checkpoints
strata serve: decode expert cache hit rate: 31.0% (126 hits / 406 lookups)
strata serve: KV streaming: 96.83% of 918156 block reads hit VRAM, 117.3 MiB read from RAM
strata serve: prompt 33855 tokens = 33854 reused + 1 read in 3 ms (358.5 tok/s), 1 generated in 41 ms (24.2 tok/s), drafts accepted 0 of 0, 3 checkpoints
strata serve: decode expert cache hit rate: 47.9% (205 hits / 428 lookups)
strata serve: KV streaming: 96.84% of 924312 block reads hit VRAM, 117.7 MiB read from RAM
strata serve: prompt 33856 tokens = 33855 reused + 1 read in 3 ms (357.6 tok/s), 1 generated in 51 ms (19.8 tok/s), drafts accepted 0 of 0, 3 checkpoints
strata serve: decode expert cache hit rate: 17.9% (70 hits / 392 lookups)
strata serve: KV streaming: 96.85% of 930468 block reads hit VRAM, 118.2 MiB read from RAM
strata serve: prompt 33857 tokens = 33856 reused + 1 read in 3 ms (358.1 tok/s), 1 generated in 46 ms (21.8 tok/s), drafts accepted 0 of 0, 3 checkpoints
strata serve: decode expert cache hit rate: 32.2% (131 hits / 407 lookups)
strata serve: KV streaming: 96.86% of 936636 block reads hit VRAM, 118.6 MiB read from RAM
strata serve: prompt 33858 tokens = 33857 reused + 1 read in 3 ms (359.9 tok/s), 1 generated in 41 ms (24.3 tok/s), drafts accepted 0 of 0, 3 checkpoints
strata serve: decode expert cache hit rate: 39.4% (165 hits / 419 lookups)
strata serve: KV streaming: 96.87% of 942804 block reads hit VRAM, 119.0 MiB read from RAM
strata serve: prompt 33859 tokens = 33858 reused + 1 read in 3 ms (359.7 tok/s), 1 generated in 45 ms (22.4 tok/s), drafts accepted 0 of 0, 3 checkpoints
strata serve: decode expert cache hit rate: 27.8% (113 hits / 406 lookups)
strata serve: KV streaming: 96.88% of 948960 block reads hit VRAM, 119.4 MiB read from RAM
strata serve: prompt 33860 tokens = 33859 reused + 1 read in 3 ms (357.9 tok/s), 1 generated in 46 ms (21.8 tok/s), drafts accepted 0 of 0, 3 checkpoints
strata serve: decode expert cache hit rate: 22.5% (90 hits / 400 lookups)
strata serve: KV streaming: 96.88% of 955116 block reads hit VRAM, 119.9 MiB read from RAM
strata serve: prompt 33861 tokens = 33860 reused + 1 read in 3 ms (358.7 tok/s), 1 generated in 45 ms (22.0 tok/s), drafts accepted 0 of 0, 3 checkpoints
strata serve: decode expert cache hit rate: 20.6% (82 hits / 398 lookups)
strata serve: KV streaming: 96.90% of 961284 block reads hit VRAM, 120.2 MiB read from RAM
strata serve: prompt 33862 tokens = 33861 reused + 1 read in 3 ms (358.3 tok/s), 1 generated in 44 ms (22.8 tok/s), drafts accepted 0 of 0, 3 checkpoints
strata serve: decode expert cache hit rate: 30.1% (123 hits / 409 lookups)
strata serve: KV streaming: 96.90% of 967452 block reads hit VRAM, 120.8 MiB read from RAM
strata serve: prompt 33863 tokens = 33862 reused + 1 read in 3 ms (357.8 tok/s), 1 generated in 48 ms (21.0 tok/s), drafts accepted 0 of 0, 3 checkpoints
strata serve: decode expert cache hit rate: 18.8% (74 hits / 394 lookups)
strata serve: KV streaming: 96.90% of 973608 block reads hit VRAM, 121.4 MiB read from RAM
strata serve: prompt 33864 tokens = 33863 reused + 1 read in 3 ms (357.5 tok/s), 1 generated in 45 ms (22.1 tok/s), drafts accepted 0 of 0, 3 checkpoints
strata serve: decode expert cache hit rate: 23.4% (94 hits / 401 lookups)
strata serve: KV streaming: 96.91% of 979764 block reads hit VRAM, 121.9 MiB read from RAM
strata serve: prompt 33865 tokens = 33864 reused + 1 read in 3 ms (359.3 tok/s), 1 generated in 45 ms (22.1 tok/s), drafts accepted 0 of 0, 3 checkpoints
strata serve: decode expert cache hit rate: 26.3% (106 hits / 403 lookups)
strata serve: KV streaming: 96.91% of 985932 block reads hit VRAM, 122.8 MiB read from RAM
strata serve: prompt 33866 tokens = 33865 reused + 1 read in 3 ms (347.4 tok/s), 1 generated in 42 ms (23.8 tok/s), drafts accepted 0 of 0, 3 checkpoints
strata serve: decode expert cache hit rate: 33.1% (136 hits / 411 lookups)
strata serve: KV streaming: 96.92% of 992100 block reads hit VRAM, 123.1 MiB read from RAM
strata serve: prompt 33867 tokens = 33866 reused + 1 read in 3 ms (336.2 tok/s), 1 generated in 47 ms (21.2 tok/s), drafts accepted 0 of 0, 3 checkpoints
strata serve: decode expert cache hit rate: 27.5% (111 hits / 403 lookups)
strata serve: KV streaming: 96.92% of 998256 block reads hit VRAM, 123.8 MiB read from RAM
strata serve: prompt 33868 tokens = 33867 reused + 1 read in 3 ms (352.8 tok/s), 1 generated in 44 ms (22.8 tok/s), drafts accepted 0 of 0, 3 checkpoints
strata serve: decode expert cache hit rate: 30.2% (123 hits / 407 lookups)
strata serve: KV streaming: 96.92% of 1004412 block reads hit VRAM, 124.6 MiB read from RAM
strata serve: prompt 33869 tokens = 33868 reused + 1 read in 3 ms (358.7 tok/s), 1 generated in 48 ms (20.6 tok/s), drafts accepted 0 of 0, 3 checkpoints
strata serve: decode expert cache hit rate: 18.2% (72 hits / 395 lookups)
strata serve: KV streaming: 96.93% of 1010580 block reads hit VRAM, 125.0 MiB read from RAM
strata serve: prompt 33870 tokens = 33869 reused + 1 read in 3 ms (360.1 tok/s), 1 generated in 41 ms (24.6 tok/s), drafts accepted 0 of 0, 3 checkpoints
strata serve: decode expert cache hit rate: 40.0% (169 hits / 422 lookups)
strata serve: KV streaming: 96.93% of 1016748 block reads hit VRAM, 125.8 MiB read from RAM
strata serve: prompt 33871 tokens = 33870 reused + 1 read in 3 ms (359.8 tok/s), 1 generated in 43 ms (23.4 tok/s), drafts accepted 0 of 0, 3 checkpoints
strata serve: decode expert cache hit rate: 26.1% (105 hits / 403 lookups)
strata serve: KV streaming: 96.94% of 1022904 block reads hit VRAM, 126.2 MiB read from RAM
strata serve: prompt 33872 tokens = 33871 reused + 1 read in 3 ms (359.9 tok/s), 1 generated in 41 ms (24.4 tok/s), drafts accepted 0 of 0, 3 checkpoints
strata serve: decode expert cache hit rate: 31.7% (129 hits / 407 lookups)
strata serve: KV streaming: 96.95% of 1029060 block reads hit VRAM, 126.6 MiB read from RAM
strata serve: prompt 33873 tokens = 33872 reused + 1 read in 3 ms (360.4 tok/s), 1 generated in 44 ms (22.7 tok/s), drafts accepted 0 of 0, 3 checkpoints
strata serve: decode expert cache hit rate: 25.4% (102 hits / 402 lookups)
strata serve: KV streaming: 96.96% of 1035228 block reads hit VRAM, 127.0 MiB read from RAM
strata serve: prompt 33874 tokens = 33873 reused + 1 read in 3 ms (359.6 tok/s), 1 generated in 44 ms (22.7 tok/s), drafts accepted 0 of 0, 3 checkpoints
strata serve: decode expert cache hit rate: 21.6% (86 hits / 398 lookups)
strata serve: KV streaming: 96.97% of 1041396 block reads hit VRAM, 127.3 MiB read from RAM
strata serve: prompt 33875 tokens = 33874 reused + 1 read in 3 ms (360.2 tok/s), 1 generated in 34 ms (29.1 tok/s), drafts accepted 0 of 0, 3 checkpoints
strata serve: decode expert cache hit rate: 57.1% (252 hits / 441 lookups)
strata serve: KV streaming: 96.98% of 1047552 block reads hit VRAM, 127.5 MiB read from RAM
strata serve: prompt 33876 tokens = 33875 reused + 1 read in 3 ms (359.8 tok/s), 1 generated in 41 ms (24.7 tok/s), drafts accepted 0 of 0, 3 checkpoints
strata serve: decode expert cache hit rate: 32.3% (133 hits / 412 lookups)
strata serve: KV streaming: 96.99% of 1053708 block reads hit VRAM, 127.9 MiB read from RAM
strata serve: prompt 33877 tokens = 33876 reused + 1 read in 3 ms (360.7 tok/s), 1 generated in 43 ms (23.1 tok/s), drafts accepted 0 of 0, 3 checkpoints
strata serve: decode expert cache hit rate: 23.6% (94 hits / 399 lookups)
strata serve: KV streaming: 96.99% of 1059876 block reads hit VRAM, 128.3 MiB read from RAM
strata serve: prompt 33878 tokens = 33877 reused + 1 read in 3 ms (354.0 tok/s), 1 generated in 42 ms (23.7 tok/s), drafts accepted 0 of 0, 3 checkpoints
strata serve: decode expert cache hit rate: 30.2% (123 hits / 407 lookups)
strata serve: KV streaming: 97.01% of 1066044 block reads hit VRAM, 128.5 MiB read from RAM
strata serve: prompt 33879 tokens = 33878 reused + 1 read in 3 ms (357.9 tok/s), 1 generated in 43 ms (23.4 tok/s), drafts accepted 0 of 0, 3 checkpoints
strata serve: decode expert cache hit rate: 25.1% (100 hits / 399 lookups)
strata serve: KV streaming: 97.02% of 1072200 block reads hit VRAM, 128.8 MiB read from RAM
strata serve: prompt 33880 tokens = 33879 reused + 1 read in 3 ms (359.6 tok/s), 1 generated in 42 ms (23.7 tok/s), drafts accepted 0 of 0, 3 checkpoints
strata serve: decode expert cache hit rate: 23.2% (93 hits / 401 lookups)
strata serve: KV streaming: 97.03% of 1078356 block reads hit VRAM, 129.1 MiB read from RAM
strata serve: prompt 33881 tokens = 33880 reused + 1 read in 3 ms (356.0 tok/s), 1 generated in 33 ms (30.0 tok/s), drafts accepted 0 of 0, 3 checkpoints
strata serve: decode expert cache hit rate: 59.6% (267 hits / 448 lookups)
strata serve: KV streaming: 97.04% of 1084524 block reads hit VRAM, 129.4 MiB read from RAM
strata serve: prompt 33882 tokens = 33881 reused + 1 read in 3 ms (360.1 tok/s), 1 generated in 40 ms (25.2 tok/s), drafts accepted 0 of 0, 3 checkpoints
strata serve: decode expert cache hit rate: 37.3% (155 hits / 416 lookups)
strata serve: KV streaming: 97.05% of 1090692 block reads hit VRAM, 129.7 MiB read from RAM
strata serve: prompt 33883 tokens = 33882 reused + 1 read in 3 ms (360.3 tok/s), 1 generated in 46 ms (21.5 tok/s), drafts accepted 0 of 0, 3 checkpoints
strata serve: decode expert cache hit rate: 22.8% (91 hits / 399 lookups)
strata serve: KV streaming: 97.06% of 1096848 block reads hit VRAM, 129.9 MiB read from RAM
strata serve: prompt 33884 tokens = 33883 reused + 1 read in 3 ms (358.9 tok/s), 1 generated in 41 ms (24.2 tok/s), drafts accepted 0 of 0, 3 checkpoints
strata serve: decode expert cache hit rate: 31.4% (129 hits / 411 lookups)
strata serve: KV streaming: 97.07% of 1103004 block reads hit VRAM, 130.0 MiB read from RAM
strata serve: prompt 33885 tokens = 33884 reused + 1 read in 3 ms (359.2 tok/s), 1 generated in 33 ms (30.2 tok/s), drafts accepted 0 of 0, 3 checkpoints
strata serve: decode expert cache hit rate: 61.8% (278 hits / 450 lookups)
strata serve: KV streaming: 97.09% of 1109172 block reads hit VRAM, 130.1 MiB read from RAM
strata serve: prompt 33886 tokens = 33885 reused + 1 read in 3 ms (360.6 tok/s), 1 generated in 42 ms (24.0 tok/s), drafts accepted 0 of 0, 3 checkpoints
strata serve: decode expert cache hit rate: 30.9% (126 hits / 408 lookups)
strata serve: KV streaming: 97.10% of 1115340 block reads hit VRAM, 130.1 MiB read from RAM
strata serve: prompt 33887 tokens = 33886 reused + 1 read in 3 ms (357.9 tok/s), 1 generated in 41 ms (24.6 tok/s), drafts accepted 0 of 0, 3 checkpoints
strata serve: decode expert cache hit rate: 38.0% (160 hits / 421 lookups)
strata serve: KV streaming: 97.12% of 1121496 block reads hit VRAM, 130.3 MiB read from RAM
strata serve: prompt 33888 tokens = 33887 reused + 1 read in 3 ms (359.1 tok/s), 1 generated in 40 ms (24.7 tok/s), drafts accepted 0 of 0, 3 checkpoints
strata serve: decode expert cache hit rate: 37.5% (156 hits / 416 lookups)
strata serve: KV streaming: 97.13% of 1127652 block reads hit VRAM, 130.5 MiB read from RAM
strata serve: prompt 33889 tokens = 33888 reused + 1 read in 3 ms (360.0 tok/s), 1 generated in 41 ms (24.6 tok/s), drafts accepted 0 of 0, 3 checkpoints
strata serve: decode expert cache hit rate: 40.9% (173 hits / 423 lookups)
strata serve: KV streaming: 97.14% of 1133820 block reads hit VRAM, 130.8 MiB read from RAM
strata serve: prompt 33890 tokens = 33889 reused + 1 read in 3 ms (359.9 tok/s), 1 generated in 43 ms (23.1 tok/s), drafts accepted 0 of 0, 3 checkpoints
strata serve: decode expert cache hit rate: 34.1% (141 hits / 414 lookups)
strata serve: KV streaming: 97.15% of 1139988 block reads hit VRAM, 131.0 MiB read from RAM
strata serve: prompt 33891 tokens = 33890 reused + 1 read in 3 ms (360.0 tok/s), 1 generated in 45 ms (22.5 tok/s), drafts accepted 0 of 0, 3 checkpoints
strata serve: decode expert cache hit rate: 29.4% (120 hits / 408 lookups)
strata serve: KV streaming: 97.16% of 1146144 block reads hit VRAM, 131.2 MiB read from RAM
strata serve: prompt 33892 tokens = 33891 reused + 1 read in 3 ms (360.3 tok/s), 1 generated in 41 ms (24.5 tok/s), drafts accepted 0 of 0, 3 checkpoints
strata serve: decode expert cache hit rate: 34.5% (142 hits / 412 lookups)
strata serve: KV streaming: 97.17% of 1152300 block reads hit VRAM, 131.2 MiB read from RAM
strata serve: prompt 33893 tokens = 33892 reused + 1 read in 3 ms (357.7 tok/s), 1 generated in 42 ms (23.8 tok/s), drafts accepted 0 of 0, 3 checkpoints
strata serve: decode expert cache hit rate: 30.3% (123 hits / 406 lookups)
strata serve: KV streaming: 97.19% of 1158468 block reads hit VRAM, 131.3 MiB read from RAM
strata serve: prompt 33894 tokens = 33893 reused + 1 read in 3 ms (359.2 tok/s), 1 generated in 43 ms (23.1 tok/s), drafts accepted 0 of 0, 3 checkpoints
strata serve: decode expert cache hit rate: 26.9% (110 hits / 409 lookups)
strata serve: KV streaming: 97.20% of 1164636 block reads hit VRAM, 131.5 MiB read from RAM
strata serve: prompt 33895 tokens = 33894 reused + 1 read in 3 ms (356.4 tok/s), 1 generated in 42 ms (23.6 tok/s), drafts accepted 0 of 0, 3 checkpoints
strata serve: decode expert cache hit rate: 30.3% (123 hits / 406 lookups)
strata serve: KV streaming: 97.21% of 1170792 block reads hit VRAM, 131.7 MiB read from RAM
strata serve: prompt 33896 tokens = 33895 reused + 1 read in 3 ms (359.2 tok/s), 1 generated in 45 ms (22.3 tok/s), drafts accepted 0 of 0, 3 checkpoints
strata serve: decode expert cache hit rate: 19.3% (77 hits / 398 lookups)
strata serve: KV streaming: 97.22% of 1176948 block reads hit VRAM, 131.9 MiB read from RAM
strata serve: prompt 33897 tokens = 33896 reused + 1 read in 3 ms (358.7 tok/s), 1 generated in 43 ms (23.1 tok/s), drafts accepted 0 of 0, 3 checkpoints
strata serve: decode expert cache hit rate: 24.9% (100 hits / 402 lookups)
strata serve: KV streaming: 97.23% of 1183116 block reads hit VRAM, 132.2 MiB read from RAM
strata serve: prompt 33898 tokens = 33897 reused + 1 read in 3 ms (360.2 tok/s), 1 generated in 39 ms (25.6 tok/s), drafts accepted 0 of 0, 3 checkpoints
strata serve: decode expert cache hit rate: 39.0% (162 hits / 415 lookups)
strata serve: KV streaming: 97.23% of 1189284 block reads hit VRAM, 132.6 MiB read from RAM
strata serve: prompt 33899 tokens = 33898 reused + 1 read in 3 ms (360.1 tok/s), 1 generated in 44 ms (22.9 tok/s), drafts accepted 0 of 0, 3 checkpoints
strata serve: decode expert cache hit rate: 26.1% (105 hits / 402 lookups)
strata serve: KV streaming: 97.24% of 1195440 block reads hit VRAM, 132.9 MiB read from RAM
strata serve: prompt 33900 tokens = 33899 reused + 1 read in 3 ms (357.9 tok/s), 1 generated in 39 ms (25.9 tok/s), drafts accepted 0 of 0, 3 checkpoints
strata serve: decode expert cache hit rate: 42.4% (180 hits / 425 lookups)
strata serve: KV streaming: 97.24% of 1201596 block reads hit VRAM, 133.4 MiB read from RAM
strata serve: prompt 33901 tokens = 33900 reused + 1 read in 3 ms (359.3 tok/s), 1 generated in 44 ms (22.5 tok/s), drafts accepted 0 of 0, 3 checkpoints
strata serve: decode expert cache hit rate: 34.3% (142 hits / 414 lookups)
strata serve: KV streaming: 97.25% of 1207764 block reads hit VRAM, 133.7 MiB read from RAM
strata serve: prompt 33902 tokens = 33901 reused + 1 read in 3 ms (354.1 tok/s), 1 generated in 43 ms (23.5 tok/s), drafts accepted 0 of 0, 3 checkpoints
strata serve: decode expert cache hit rate: 23.6% (95 hits / 402 lookups)
strata serve: KV streaming: 97.26% of 1213932 block reads hit VRAM, 134.0 MiB read from RAM
strata serve: prompt 33903 tokens = 33902 reused + 1 read in 3 ms (353.6 tok/s), 1 generated in 39 ms (25.8 tok/s), drafts accepted 0 of 0, 3 checkpoints
strata serve: decode expert cache hit rate: 46.4% (198 hits / 427 lookups)
strata serve: KV streaming: 97.27% of 1220088 block reads hit VRAM, 134.1 MiB read from RAM
strata serve: prompt 33904 tokens = 33903 reused + 1 read in 3 ms (359.8 tok/s), 1 generated in 41 ms (24.6 tok/s), drafts accepted 0 of 0, 3 checkpoints
strata serve: decode expert cache hit rate: 34.5% (143 hits / 415 lookups)
strata serve: KV streaming: 97.28% of 1226244 block reads hit VRAM, 134.6 MiB read from RAM
strata serve: prompt 33905 tokens = 33904 reused + 1 read in 3 ms (358.2 tok/s), 1 generated in 42 ms (23.7 tok/s), drafts accepted 0 of 0, 3 checkpoints
strata serve: decode expert cache hit rate: 24.9% (100 hits / 402 lookups)
strata serve: KV streaming: 97.28% of 1232412 block reads hit VRAM, 134.9 MiB read from RAM
strata serve: prompt 33906 tokens = 33905 reused + 1 read in 3 ms (359.4 tok/s), 1 generated in 37 ms (27.1 tok/s), drafts accepted 0 of 0, 3 checkpoints
strata serve: decode expert cache hit rate: 49.0% (210 hits / 429 lookups)
strata serve: KV streaming: 97.28% of 1238580 block reads hit VRAM, 135.5 MiB read from RAM
strata serve: prompt 33907 tokens = 33906 reused + 1 read in 3 ms (359.8 tok/s), 1 generated in 41 ms (24.6 tok/s), drafts accepted 0 of 0, 3 checkpoints
strata serve: decode expert cache hit rate: 32.1% (132 hits / 411 lookups)
strata serve: KV streaming: 97.29% of 1244736 block reads hit VRAM, 136.0 MiB read from RAM
strata serve: prompt 33908 tokens = 33907 reused + 1 read in 3 ms (357.8 tok/s), 1 generated in 45 ms (22.4 tok/s), drafts accepted 0 of 0, 3 checkpoints
strata serve: decode expert cache hit rate: 22.8% (91 hits / 399 lookups)
strata serve: KV streaming: 97.30% of 1250892 block reads hit VRAM, 136.1 MiB read from RAM
strata serve: prompt 33909 tokens = 33908 reused + 1 read in 3 ms (359.4 tok/s), 1 generated in 37 ms (27.0 tok/s), drafts accepted 0 of 0, 3 checkpoints
strata serve: decode expert cache hit rate: 53.8% (234 hits / 435 lookups)
strata serve: KV streaming: 97.31% of 1257060 block reads hit VRAM, 136.3 MiB read from RAM
strata serve: prompt 33910 tokens = 33909 reused + 1 read in 3 ms (357.4 tok/s), 1 generated in 41 ms (24.1 tok/s), drafts accepted 0 of 0, 3 checkpoints
strata serve: decode expert cache hit rate: 30.0% (122 hits / 406 lookups)
strata serve: KV streaming: 97.31% of 1263228 block reads hit VRAM, 136.8 MiB read from RAM
strata serve: prompt 33911 tokens = 33910 reused + 1 read in 3 ms (359.7 tok/s), 1 generated in 43 ms (23.3 tok/s), drafts accepted 0 of 0, 3 checkpoints
strata serve: decode expert cache hit rate: 22.7% (90 hits / 397 lookups)
strata serve: KV streaming: 97.32% of 1269384 block reads hit VRAM, 137.1 MiB read from RAM
strata serve: prompt 33912 tokens = 33911 reused + 1 read in 3 ms (354.1 tok/s), 1 generated in 37 ms (27.2 tok/s), drafts accepted 0 of 0, 3 checkpoints
strata serve: decode expert cache hit rate: 46.5% (199 hits / 428 lookups)
strata serve: KV streaming: 97.33% of 1275540 block reads hit VRAM, 137.1 MiB read from RAM
strata serve: prompt 33913 tokens = 33912 reused + 1 read in 3 ms (360.5 tok/s), 1 generated in 42 ms (23.8 tok/s), drafts accepted 0 of 0, 3 checkpoints
strata serve: decode expert cache hit rate: 34.1% (140 hits / 410 lookups)
strata serve: KV streaming: 97.34% of 1281708 block reads hit VRAM, 137.6 MiB read from RAM
strata serve: prompt 33914 tokens = 33913 reused + 1 read in 3 ms (359.1 tok/s), 1 generated in 41 ms (24.3 tok/s), drafts accepted 0 of 0, 3 checkpoints
strata serve: decode expert cache hit rate: 28.7% (116 hits / 404 lookups)
strata serve: KV streaming: 97.35% of 1287876 block reads hit VRAM, 137.7 MiB read from RAM
strata serve: prompt 33915 tokens = 33914 reused + 1 read in 3 ms (359.6 tok/s), 1 generated in 43 ms (23.3 tok/s), drafts accepted 0 of 0, 3 checkpoints
strata serve: decode expert cache hit rate: 26.0% (104 hits / 400 lookups)
strata serve: KV streaming: 97.36% of 1294032 block reads hit VRAM, 137.8 MiB read from RAM
strata serve: prompt 33916 tokens = 33915 reused + 1 read in 3 ms (359.9 tok/s), 1 generated in 42 ms (23.8 tok/s), drafts accepted 0 of 0, 3 checkpoints
strata serve: decode expert cache hit rate: 30.5% (124 hits / 406 lookups)
strata serve: KV streaming: 97.37% of 1300188 block reads hit VRAM, 137.9 MiB read from RAM
strata serve: prompt 33917 tokens = 33916 reused + 1 read in 3 ms (360.0 tok/s), 1 generated in 39 ms (25.5 tok/s), drafts accepted 0 of 0, 3 checkpoints
strata serve: decode expert cache hit rate: 44.2% (187 hits / 423 lookups)
strata serve: KV streaming: 97.37% of 1306356 block reads hit VRAM, 138.4 MiB read from RAM
strata serve: prompt 33918 tokens = 33917 reused + 1 read in 3 ms (357.8 tok/s), 1 generated in 38 ms (26.1 tok/s), drafts accepted 0 of 0, 3 checkpoints
strata serve: decode expert cache hit rate: 44.8% (191 hits / 426 lookups)
strata serve: KV streaming: 97.37% of 1312524 block reads hit VRAM, 139.2 MiB read from RAM
strata serve: prompt 33919 tokens = 33918 reused + 1 read in 3 ms (359.2 tok/s), 1 generated in 36 ms (27.5 tok/s), drafts accepted 0 of 0, 3 checkpoints
strata serve: decode expert cache hit rate: 46.2% (198 hits / 429 lookups)
strata serve: KV streaming: 97.38% of 1318680 block reads hit VRAM, 139.3 MiB read from RAM
strata serve: prompt 33920 tokens = 33919 reused + 1 read in 3 ms (352.9 tok/s), 1 generated in 39 ms (25.6 tok/s), drafts accepted 0 of 0, 3 checkpoints
strata serve: decode expert cache hit rate: 38.4% (161 hits / 419 lookups)
strata serve: KV streaming: 97.39% of 1324836 block reads hit VRAM, 139.5 MiB read from RAM
strata serve: prompt 33921 tokens = 33920 reused + 1 read in 3 ms (360.6 tok/s), 1 generated in 33 ms (30.2 tok/s), drafts accepted 0 of 0, 3 checkpoints
strata serve: decode expert cache hit rate: 53.6% (231 hits / 431 lookups)
strata serve: KV streaming: 97.39% of 1331004 block reads hit VRAM, 140.1 MiB read from RAM
strata serve: prompt 33922 tokens = 33921 reused + 1 read in 3 ms (360.2 tok/s), 1 generated in 34 ms (29.2 tok/s), drafts accepted 0 of 0, 3 checkpoints
strata serve: decode expert cache hit rate: 54.1% (236 hits / 436 lookups)
strata serve: KV streaming: 97.39% of 1337172 block reads hit VRAM, 140.3 MiB read from RAM
strata serve: prompt 33923 tokens = 33922 reused + 1 read in 3 ms (357.6 tok/s), 1 generated in 40 ms (25.1 tok/s), drafts accepted 0 of 0, 3 checkpoints
strata serve: decode expert cache hit rate: 42.8% (182 hits / 425 lookups)
strata serve: KV streaming: 97.40% of 1343328 block reads hit VRAM, 140.6 MiB read from RAM
strata serve: prompt 33924 tokens = 33923 reused + 1 read in 3 ms (355.9 tok/s), 1 generated in 38 ms (26.3 tok/s), drafts accepted 0 of 0, 3 checkpoints
strata serve: decode expert cache hit rate: 41.3% (173 hits / 419 lookups)
strata serve: KV streaming: 97.41% of 1349484 block reads hit VRAM, 141.0 MiB read from RAM
strata serve: prompt 33925 tokens = 33924 reused + 1 read in 3 ms (359.3 tok/s), 1 generated in 37 ms (26.7 tok/s), drafts accepted 0 of 0, 3 checkpoints
strata serve: decode expert cache hit rate: 42.9% (182 hits / 424 lookups)
strata serve: KV streaming: 97.41% of 1355652 block reads hit VRAM, 141.3 MiB read from RAM
strata serve: prompt 33926 tokens = 33925 reused + 1 read in 3 ms (360.0 tok/s), 1 generated in 38 ms (26.0 tok/s), drafts accepted 0 of 0, 3 checkpoints
strata serve: decode expert cache hit rate: 39.7% (167 hits / 421 lookups)
strata serve: KV streaming: 97.42% of 1361820 block reads hit VRAM, 141.6 MiB read from RAM
strata serve: prompt 33927 tokens = 33926 reused + 1 read in 3 ms (360.1 tok/s), 1 generated in 38 ms (26.3 tok/s), drafts accepted 0 of 0, 3 checkpoints
strata serve: decode expert cache hit rate: 36.2% (150 hits / 414 lookups)
strata serve: KV streaming: 97.43% of 1367976 block reads hit VRAM, 141.8 MiB read from RAM
strata serve: prompt 33928 tokens = 33927 reused + 1 read in 3 ms (360.1 tok/s), 1 generated in 37 ms (26.7 tok/s), drafts accepted 0 of 0, 3 checkpoints
strata serve: decode expert cache hit rate: 43.7% (185 hits / 423 lookups)
strata serve: KV streaming: 97.44% of 1374132 block reads hit VRAM, 141.9 MiB read from RAM
strata serve: prompt 33929 tokens = 33928 reused + 1 read in 3 ms (360.0 tok/s), 1 generated in 40 ms (24.8 tok/s), drafts accepted 0 of 0, 3 checkpoints
strata serve: decode expert cache hit rate: 29.4% (121 hits / 411 lookups)
strata serve: KV streaming: 97.44% of 1380300 block reads hit VRAM, 142.1 MiB read from RAM
strata serve: prompt 33930 tokens = 33929 reused + 1 read in 3 ms (353.9 tok/s), 1 generated in 41 ms (24.2 tok/s), drafts accepted 0 of 0, 3 checkpoints
strata serve: decode expert cache hit rate: 25.7% (104 hits / 404 lookups)
strata serve: KV streaming: 97.45% of 1386468 block reads hit VRAM, 142.2 MiB read from RAM
strata serve: prompt 33931 tokens = 33930 reused + 1 read in 3 ms (360.5 tok/s), 1 generated in 40 ms (25.1 tok/s), drafts accepted 0 of 0, 3 checkpoints
strata serve: decode expert cache hit rate: 36.2% (152 hits / 420 lookups)
strata serve: KV streaming: 97.46% of 1392624 block reads hit VRAM, 142.5 MiB read from RAM
strata serve: prompt 33932 tokens = 33931 reused + 1 read in 3 ms (360.1 tok/s), 1 generated in 44 ms (22.7 tok/s), drafts accepted 0 of 0, 3 checkpoints
strata serve: decode expert cache hit rate: 20.9% (83 hits / 398 lookups)
strata serve: KV streaming: 97.47% of 1398780 block reads hit VRAM, 142.7 MiB read from RAM
strata serve: prompt 33933 tokens = 33932 reused + 1 read in 3 ms (359.4 tok/s), 1 generated in 42 ms (23.8 tok/s), drafts accepted 0 of 0, 3 checkpoints
strata serve: decode expert cache hit rate: 30.9% (125 hits / 404 lookups)
strata serve: KV streaming: 97.47% of 1404948 block reads hit VRAM, 142.9 MiB read from RAM
strata serve: prompt 33934 tokens = 33933 reused + 1 read in 3 ms (358.4 tok/s), 1 generated in 40 ms (25.3 tok/s), drafts accepted 0 of 0, 3 checkpoints
strata serve: decode expert cache hit rate: 38.2% (159 hits / 416 lookups)
strata serve: KV streaming: 97.48% of 1411116 block reads hit VRAM, 143.1 MiB read from RAM
strata serve: prompt 33935 tokens = 33934 reused + 1 read in 3 ms (360.3 tok/s), 1 generated in 45 ms (22.3 tok/s), drafts accepted 0 of 0, 3 checkpoints
strata serve: decode expert cache hit rate: 18.3% (72 hits / 394 lookups)
strata serve: KV streaming: 97.49% of 1417272 block reads hit VRAM, 143.3 MiB read from RAM
strata serve: prompt 33936 tokens = 33935 reused + 1 read in 3 ms (359.8 tok/s), 1 generated in 44 ms (22.5 tok/s), drafts accepted 0 of 0, 3 checkpoints
strata serve: decode expert cache hit rate: 27.3% (110 hits / 403 lookups)
strata serve: KV streaming: 97.50% of 1423428 block reads hit VRAM, 143.5 MiB read from RAM
strata serve: prompt 33937 tokens = 33936 reused + 1 read in 3 ms (357.7 tok/s), 1 generated in 43 ms (23.3 tok/s), drafts accepted 0 of 0, 3 checkpoints
strata serve: decode expert cache hit rate: 33.7% (139 hits / 412 lookups)
strata serve: KV streaming: 97.50% of 1429596 block reads hit VRAM, 143.7 MiB read from RAM
strata serve: prompt 33938 tokens = 33937 reused + 1 read in 3 ms (360.3 tok/s), 1 generated in 36 ms (28.0 tok/s), drafts accepted 0 of 0, 3 checkpoints
strata serve: decode expert cache hit rate: 51.3% (221 hits / 431 lookups)
strata serve: KV streaming: 97.51% of 1435764 block reads hit VRAM, 143.9 MiB read from RAM
strata serve: prompt 33939 tokens = 33938 reused + 1 read in 3 ms (360.2 tok/s), 1 generated in 40 ms (24.8 tok/s), drafts accepted 0 of 0, 3 checkpoints
strata serve: decode expert cache hit rate: 31.7% (130 hits / 410 lookups)
strata serve: KV streaming: 97.52% of 1441920 block reads hit VRAM, 144.1 MiB read from RAM
strata serve: prompt 33940 tokens = 33939 reused + 1 read in 3 ms (360.0 tok/s), 1 generated in 35 ms (28.4 tok/s), drafts accepted 0 of 0, 3 checkpoints
strata serve: decode expert cache hit rate: 51.0% (220 hits / 431 lookups)
strata serve: KV streaming: 97.52% of 1448076 block reads hit VRAM, 144.9 MiB read from RAM
strata serve: prompt 33941 tokens = 33940 reused + 1 read in 3 ms (357.3 tok/s), 1 generated in 46 ms (21.7 tok/s), drafts accepted 0 of 0, 3 checkpoints
strata serve: decode expert cache hit rate: 18.4% (73 hits / 397 lookups)
strata serve: KV streaming: 97.52% of 1454244 block reads hit VRAM, 145.0 MiB read from RAM
strata serve: prompt 33942 tokens = 33941 reused + 1 read in 3 ms (360.7 tok/s), 1 generated in 45 ms (22.1 tok/s), drafts accepted 0 of 0, 3 checkpoints
strata serve: decode expert cache hit rate: 21.8% (87 hits / 399 lookups)
strata serve: KV streaming: 97.53% of 1460412 block reads hit VRAM, 145.2 MiB read from RAM
strata serve: prompt 33943 tokens = 33942 reused + 1 read in 3 ms (355.8 tok/s), 1 generated in 40 ms (24.8 tok/s), drafts accepted 0 of 0, 3 checkpoints
strata serve: decode expert cache hit rate: 35.9% (147 hits / 410 lookups)
strata serve: KV streaming: 97.54% of 1466568 block reads hit VRAM, 145.6 MiB read from RAM
strata serve: prompt 33944 tokens = 33943 reused + 1 read in 3 ms (356.4 tok/s), 1 generated in 43 ms (23.3 tok/s), drafts accepted 0 of 0, 3 checkpoints
strata serve: decode expert cache hit rate: 23.9% (95 hits / 398 lookups)
strata serve: KV streaming: 97.54% of 1472724 block reads hit VRAM, 145.9 MiB read from RAM
strata serve: prompt 33945 tokens = 33944 reused + 1 read in 3 ms (359.8 tok/s), 1 generated in 39 ms (25.9 tok/s), drafts accepted 0 of 0, 3 checkpoints
strata serve: decode expert cache hit rate: 41.6% (176 hits / 423 lookups)
strata serve: KV streaming: 97.55% of 1478892 block reads hit VRAM, 146.2 MiB read from RAM
strata serve: prompt 33946 tokens = 33945 reused + 1 read in 3 ms (358.8 tok/s), 1 generated in 42 ms (23.9 tok/s), drafts accepted 0 of 0, 3 checkpoints
strata serve: decode expert cache hit rate: 32.9% (135 hits / 410 lookups)
strata serve: KV streaming: 97.55% of 1485060 block reads hit VRAM, 146.5 MiB read from RAM
strata serve: prompt 33947 tokens = 33946 reused + 1 read in 3 ms (360.1 tok/s), 1 generated in 44 ms (22.9 tok/s), drafts accepted 0 of 0, 3 checkpoints
strata serve: decode expert cache hit rate: 26.1% (105 hits / 402 lookups)
strata serve: KV streaming: 97.56% of 1491216 block reads hit VRAM, 146.7 MiB read from RAM
strata serve: prompt 33948 tokens = 33947 reused + 1 read in 3 ms (355.5 tok/s), 1 generated in 38 ms (26.4 tok/s), drafts accepted 0 of 0, 3 checkpoints
strata serve: decode expert cache hit rate: 44.4% (190 hits / 428 lookups)
strata serve: KV streaming: 97.57% of 1497372 block reads hit VRAM, 146.8 MiB read from RAM
strata serve: prompt 33949 tokens = 33948 reused + 1 read in 3 ms (359.3 tok/s), 1 generated in 40 ms (24.9 tok/s), drafts accepted 0 of 0, 3 checkpoints
strata serve: decode expert cache hit rate: 33.3% (137 hits / 412 lookups)
strata serve: KV streaming: 97.57% of 1503540 block reads hit VRAM, 147.1 MiB read from RAM
strata serve: prompt 33950 tokens = 33949 reused + 1 read in 3 ms (358.6 tok/s), 1 generated in 53 ms (19.0 tok/s), drafts accepted 0 of 0, 3 checkpoints
strata serve: decode expert cache hit rate: 32.0% (131 hits / 410 lookups)
strata serve: KV streaming: 97.58% of 1509708 block reads hit VRAM, 147.4 MiB read from RAM
strata serve: prompt 33951 tokens = 33950 reused + 1 read in 3 ms (355.5 tok/s), 1 generated in 42 ms (23.7 tok/s), drafts accepted 0 of 0, 3 checkpoints
strata serve: decode expert cache hit rate: 26.4% (105 hits / 398 lookups)
strata serve: KV streaming: 97.58% of 1515864 block reads hit VRAM, 147.5 MiB read from RAM
strata serve: prompt 33952 tokens = 33951 reused + 1 read in 3 ms (359.1 tok/s), 1 generated in 38 ms (26.2 tok/s), drafts accepted 0 of 0, 3 checkpoints
strata serve: decode expert cache hit rate: 44.6% (190 hits / 426 lookups)
strata serve: KV streaming: 97.59% of 1522020 block reads hit VRAM, 147.9 MiB read from RAM
strata serve: prompt 33953 tokens = 33952 reused + 1 read in 3 ms (357.4 tok/s), 1 generated in 39 ms (25.4 tok/s), drafts accepted 0 of 0, 3 checkpoints
strata serve: decode expert cache hit rate: 38.5% (161 hits / 418 lookups)
strata serve: KV streaming: 97.59% of 1528188 block reads hit VRAM, 148.1 MiB read from RAM
strata serve: prompt 33954 tokens = 33953 reused + 1 read in 3 ms (360.1 tok/s), 1 generated in 44 ms (22.8 tok/s), drafts accepted 0 of 0, 3 checkpoints
strata serve: decode expert cache hit rate: 35.6% (147 hits / 413 lookups)
strata serve: KV streaming: 97.60% of 1534356 block reads hit VRAM, 148.4 MiB read from RAM
strata serve: prompt 33955 tokens = 33954 reused + 1 read in 3 ms (361.2 tok/s), 1 generated in 36 ms (28.0 tok/s), drafts accepted 0 of 0, 3 checkpoints
strata serve: decode expert cache hit rate: 52.4% (228 hits / 435 lookups)
strata serve: KV streaming: 97.61% of 1540512 block reads hit VRAM, 148.5 MiB read from RAM
strata serve: prompt 33956 tokens = 33955 reused + 1 read in 3 ms (359.8 tok/s), 1 generated in 30 ms (32.9 tok/s), drafts accepted 0 of 0, 3 checkpoints
strata serve: decode expert cache hit rate: 73.2% (339 hits / 463 lookups)
strata serve: KV streaming: 97.61% of 1546668 block reads hit VRAM, 148.6 MiB read from RAM
strata serve: prompt 33957 tokens = 33956 reused + 1 read in 3 ms (359.1 tok/s), 1 generated in 33 ms (30.2 tok/s), drafts accepted 0 of 0, 3 checkpoints
strata serve: decode expert cache hit rate: 63.9% (289 hits / 452 lookups)
strata serve: KV streaming: 97.62% of 1552836 block reads hit VRAM, 148.9 MiB read from RAM
strata serve: prompt 33958 tokens = 33957 reused + 1 read in 3 ms (358.8 tok/s), 1 generated in 32 ms (31.4 tok/s), drafts accepted 0 of 0, 3 checkpoints
strata serve: decode expert cache hit rate: 65.6% (295 hits / 450 lookups)
strata serve: KV streaming: 97.62% of 1559004 block reads hit VRAM, 149.7 MiB read from RAM
strata serve: prompt 33959 tokens = 33958 reused + 1 read in 3 ms (360.0 tok/s), 1 generated in 34 ms (29.7 tok/s), drafts accepted 0 of 0, 3 checkpoints
strata serve: decode expert cache hit rate: 61.7% (275 hits / 446 lookups)
strata serve: KV streaming: 97.62% of 1565160 block reads hit VRAM, 150.0 MiB read from RAM
strata serve: prompt 33960 tokens = 33959 reused + 1 read in 3 ms (359.6 tok/s), 1 generated in 33 ms (30.0 tok/s), drafts accepted 0 of 0, 3 checkpoints
strata serve: decode expert cache hit rate: 65.9% (298 hits / 452 lookups)
strata serve: KV streaming: 97.62% of 1571316 block reads hit VRAM, 150.5 MiB read from RAM
strata serve: prompt 33961 tokens = 33960 reused + 1 read in 3 ms (359.0 tok/s), 1 generated in 32 ms (31.0 tok/s), drafts accepted 0 of 0, 3 checkpoints
strata serve: decode expert cache hit rate: 64.9% (296 hits / 456 lookups)
strata serve: KV streaming: 97.63% of 1577484 block reads hit VRAM, 150.7 MiB read from RAM
strata serve: prompt 33962 tokens = 33961 reused + 1 read in 3 ms (360.2 tok/s), 1 generated in 32 ms (31.1 tok/s), drafts accepted 0 of 0, 3 checkpoints
strata serve: decode expert cache hit rate: 67.5% (306 hits / 453 lookups)
strata serve: KV streaming: 97.63% of 1583652 block reads hit VRAM, 151.2 MiB read from RAM
strata serve: prompt 33963 tokens = 33962 reused + 1 read in 3 ms (354.6 tok/s), 1 generated in 29 ms (33.9 tok/s), drafts accepted 0 of 0, 3 checkpoints
strata serve: decode expert cache hit rate: 68.7% (314 hits / 457 lookups)
strata serve: KV streaming: 97.63% of 1589808 block reads hit VRAM, 151.6 MiB read from RAM
strata serve: prompt 33964 tokens = 33963 reused + 1 read in 3 ms (360.6 tok/s), 1 generated in 33 ms (30.3 tok/s), drafts accepted 0 of 0, 3 checkpoints
strata serve: decode expert cache hit rate: 65.1% (293 hits / 450 lookups)
strata serve: KV streaming: 97.64% of 1595964 block reads hit VRAM, 152.0 MiB read from RAM
strata serve: prompt 33965 tokens = 33964 reused + 1 read in 3 ms (359.8 tok/s), 1 generated in 36 ms (27.8 tok/s), drafts accepted 0 of 0, 3 checkpoints
strata serve: decode expert cache hit rate: 55.4% (242 hits / 437 lookups)
strata serve: KV streaming: 97.64% of 1602132 block reads hit VRAM, 152.6 MiB read from RAM
strata serve: prompt 33966 tokens = 33965 reused + 1 read in 3 ms (359.4 tok/s), 1 generated in 35 ms (28.8 tok/s), drafts accepted 0 of 0, 3 checkpoints
strata serve: decode expert cache hit rate: 61.8% (277 hits / 448 lookups)
strata serve: KV streaming: 97.64% of 1608300 block reads hit VRAM, 153.0 MiB read from RAM
strata serve: prompt 33967 tokens = 33966 reused + 1 read in 3 ms (357.6 tok/s), 1 generated in 33 ms (30.4 tok/s), drafts accepted 0 of 0, 3 checkpoints
strata serve: decode expert cache hit rate: 64.1% (288 hits / 449 lookups)
strata serve: KV streaming: 97.64% of 1614456 block reads hit VRAM, 153.2 MiB read from RAM
strata serve: prompt 33968 tokens = 33967 reused + 1 read in 3 ms (360.7 tok/s), 1 generated in 29 ms (34.2 tok/s), drafts accepted 0 of 0, 3 checkpoints
strata serve: decode expert cache hit rate: 78.4% (371 hits / 473 lookups)
strata serve: KV streaming: 97.65% of 1620612 block reads hit VRAM, 153.4 MiB read from RAM
strata serve: prompt 33969 tokens = 33968 reused + 1 read in 3 ms (359.0 tok/s), 1 generated in 34 ms (29.6 tok/s), drafts accepted 0 of 0, 3 checkpoints
strata serve: decode expert cache hit rate: 61.9% (278 hits / 449 lookups)
strata serve: KV streaming: 97.66% of 1626780 block reads hit VRAM, 153.5 MiB read from RAM
strata serve: prompt 33970 tokens = 33969 reused + 1 read in 3 ms (361.0 tok/s), 1 generated in 30 ms (33.6 tok/s), drafts accepted 0 of 0, 3 checkpoints
strata serve: decode expert cache hit rate: 72.1% (334 hits / 463 lookups)
strata serve: KV streaming: 97.66% of 1632948 block reads hit VRAM, 153.7 MiB read from RAM
strata serve: prompt 33971 tokens = 33970 reused + 1 read in 3 ms (358.7 tok/s), 1 generated in 36 ms (27.9 tok/s), drafts accepted 0 of 0, 3 checkpoints
strata serve: decode expert cache hit rate: 59.2% (264 hits / 446 lookups)
strata serve: KV streaming: 97.67% of 1639104 block reads hit VRAM, 153.9 MiB read from RAM
strata serve: prompt 33972 tokens = 33971 reused + 1 read in 3 ms (349.7 tok/s), 1 generated in 31 ms (32.1 tok/s), drafts accepted 0 of 0, 3 checkpoints
strata serve: decode expert cache hit rate: 66.2% (298 hits / 450 lookups)
strata serve: KV streaming: 97.67% of 1645260 block reads hit VRAM, 154.3 MiB read from RAM
strata serve: prompt 33973 tokens = 33972 reused + 1 read in 3 ms (356.7 tok/s), 1 generated in 36 ms (28.0 tok/s), drafts accepted 0 of 0, 3 checkpoints
strata serve: decode expert cache hit rate: 58.1% (259 hits / 446 lookups)
strata serve: KV streaming: 97.67% of 1651428 block reads hit VRAM, 154.7 MiB read from RAM
strata serve: prompt 33974 tokens = 33973 reused + 1 read in 3 ms (359.4 tok/s), 1 generated in 37 ms (27.1 tok/s), drafts accepted 0 of 0, 3 checkpoints
strata serve: decode expert cache hit rate: 50.0% (217 hits / 434 lookups)
strata serve: KV streaming: 97.68% of 1657596 block reads hit VRAM, 155.2 MiB read from RAM
strata serve: prompt 33975 tokens = 33974 reused + 1 read in 3 ms (360.0 tok/s), 1 generated in 39 ms (25.8 tok/s), drafts accepted 0 of 0, 3 checkpoints
strata serve: decode expert cache hit rate: 46.4% (198 hits / 427 lookups)
strata serve: KV streaming: 97.68% of 1663752 block reads hit VRAM, 155.3 MiB read from RAM
strata serve: prompt 33976 tokens = 33975 reused + 1 read in 3 ms (360.1 tok/s), 1 generated in 33 ms (30.3 tok/s), drafts accepted 0 of 0, 3 checkpoints
strata serve: decode expert cache hit rate: 60.8% (273 hits / 449 lookups)
strata serve: KV streaming: 97.69% of 1669908 block reads hit VRAM, 155.4 MiB read from RAM
strata serve: prompt 33977 tokens = 33976 reused + 1 read in 3 ms (358.6 tok/s), 1 generated in 30 ms (32.8 tok/s), drafts accepted 0 of 0, 3 checkpoints
strata serve: decode expert cache hit rate: 71.6% (330 hits / 461 lookups)
strata serve: KV streaming: 97.69% of 1676076 block reads hit VRAM, 155.9 MiB read from RAM
strata serve: prompt 33978 tokens = 33977 reused + 1 read in 3 ms (359.6 tok/s), 1 generated in 36 ms (27.5 tok/s), drafts accepted 0 of 0, 3 checkpoints
strata serve: decode expert cache hit rate: 53.0% (231 hits / 436 lookups)
strata serve: KV streaming: 97.69% of 1682244 block reads hit VRAM, 156.3 MiB read from RAM
strata serve: prompt 33979 tokens = 33978 reused + 1 read in 3 ms (360.1 tok/s), 1 generated in 37 ms (27.3 tok/s), drafts accepted 0 of 0, 3 checkpoints
strata serve: decode expert cache hit rate: 52.6% (230 hits / 437 lookups)
strata serve: KV streaming: 97.70% of 1688400 block reads hit VRAM, 156.5 MiB read from RAM
strata serve: prompt 33980 tokens = 33979 reused + 1 read in 3 ms (359.4 tok/s), 1 generated in 32 ms (31.3 tok/s), drafts accepted 0 of 0, 3 checkpoints
strata serve: decode expert cache hit rate: 62.4% (279 hits / 447 lookups)
strata serve: KV streaming: 97.70% of 1694556 block reads hit VRAM, 156.7 MiB read from RAM
strata serve: prompt 33981 tokens = 33980 reused + 1 read in 3 ms (360.8 tok/s), 1 generated in 35 ms (28.8 tok/s), drafts accepted 0 of 0, 3 checkpoints
strata serve: decode expert cache hit rate: 59.6% (266 hits / 446 lookups)
strata serve: KV streaming: 97.70% of 1700724 block reads hit VRAM, 157.4 MiB read from RAM
strata serve: prompt 33982 tokens = 33981 reused + 1 read in 3 ms (358.1 tok/s), 1 generated in 41 ms (24.6 tok/s), drafts accepted 0 of 0, 3 checkpoints
strata serve: decode expert cache hit rate: 61.2% (274 hits / 448 lookups)
strata serve: KV streaming: 97.70% of 1706892 block reads hit VRAM, 157.8 MiB read from RAM
strata serve: prompt 33983 tokens = 33982 reused + 1 read in 3 ms (310.7 tok/s), 1 generated in 41 ms (24.5 tok/s), drafts accepted 0 of 0, 3 checkpoints
strata serve: decode expert cache hit rate: 61.8% (278 hits / 450 lookups)
strata serve: KV streaming: 97.71% of 1713048 block reads hit VRAM, 158.3 MiB read from RAM
strata serve: prompt 33984 tokens = 33983 reused + 1 read in 3 ms (360.0 tok/s), 1 generated in 35 ms (29.0 tok/s), drafts accepted 0 of 0, 3 checkpoints
strata serve: decode expert cache hit rate: 56.5% (249 hits / 441 lookups)
strata serve: KV streaming: 97.71% of 1719204 block reads hit VRAM, 158.5 MiB read from RAM
strata serve: prompt 33985 tokens = 33984 reused + 1 read in 3 ms (360.8 tok/s), 1 generated in 32 ms (31.0 tok/s), drafts accepted 0 of 0, 3 checkpoints
strata serve: decode expert cache hit rate: 67.7% (308 hits / 455 lookups)
strata serve: KV streaming: 97.72% of 1725372 block reads hit VRAM, 158.7 MiB read from RAM
strata serve: prompt 33986 tokens = 33985 reused + 1 read in 3 ms (359.5 tok/s), 1 generated in 36 ms (27.6 tok/s), drafts accepted 0 of 0, 3 checkpoints
strata serve: decode expert cache hit rate: 54.7% (239 hits / 437 lookups)
strata serve: KV streaming: 97.72% of 1731540 block reads hit VRAM, 158.8 MiB read from RAM
strata serve: prompt 33987 tokens = 33986 reused + 1 read in 3 ms (358.1 tok/s), 1 generated in 35 ms (28.9 tok/s), drafts accepted 0 of 0, 3 checkpoints
strata serve: decode expert cache hit rate: 58.2% (260 hits / 447 lookups)
strata serve: KV streaming: 97.72% of 1737696 block reads hit VRAM, 159.6 MiB read from RAM
strata serve: prompt 33988 tokens = 33987 reused + 1 read in 3 ms (360.0 tok/s), 1 generated in 37 ms (27.2 tok/s), drafts accepted 0 of 0, 3 checkpoints
strata serve: decode expert cache hit rate: 48.3% (207 hits / 429 lookups)
strata serve: KV streaming: 97.73% of 1743852 block reads hit VRAM, 159.7 MiB read from RAM
strata serve: prompt 33989 tokens = 33988 reused + 1 read in 3 ms (351.5 tok/s), 1 generated in 33 ms (30.1 tok/s), drafts accepted 0 of 0, 3 checkpoints
strata serve: decode expert cache hit rate: 63.4% (286 hits / 451 lookups)
strata serve: KV streaming: 97.73% of 1750020 block reads hit VRAM, 159.9 MiB read from RAM
strata serve: prompt 33990 tokens = 33989 reused + 1 read in 3 ms (360.8 tok/s), 1 generated in 34 ms (29.3 tok/s), drafts accepted 0 of 0, 3 checkpoints
strata serve: decode expert cache hit rate: 63.6% (285 hits / 448 lookups)
strata serve: KV streaming: 97.73% of 1756188 block reads hit VRAM, 160.4 MiB read from RAM
strata serve: prompt 33991 tokens = 33990 reused + 1 read in 3 ms (358.9 tok/s), 1 generated in 34 ms (29.4 tok/s), drafts accepted 0 of 0, 3 checkpoints
strata serve: decode expert cache hit rate: 66.8% (302 hits / 452 lookups)
strata serve: KV streaming: 97.74% of 1762344 block reads hit VRAM, 160.7 MiB read from RAM
strata serve: prompt 33992 tokens = 33991 reused + 1 read in 3 ms (360.3 tok/s), 1 generated in 32 ms (31.0 tok/s), drafts accepted 0 of 0, 3 checkpoints
strata serve: decode expert cache hit rate: 63.6% (285 hits / 448 lookups)
strata serve: KV streaming: 97.74% of 1768500 block reads hit VRAM, 160.9 MiB read from RAM
strata serve: prompt 33993 tokens = 33992 reused + 1 read in 3 ms (359.6 tok/s), 1 generated in 34 ms (29.6 tok/s), drafts accepted 0 of 0, 3 checkpoints
strata serve: decode expert cache hit rate: 62.3% (276 hits / 443 lookups)
strata serve: KV streaming: 97.75% of 1774668 block reads hit VRAM, 161.1 MiB read from RAM
strata serve: prompt 33994 tokens = 33993 reused + 1 read in 3 ms (360.4 tok/s), 1 generated in 30 ms (32.8 tok/s), drafts accepted 0 of 0, 3 checkpoints
strata serve: decode expert cache hit rate: 66.4% (302 hits / 455 lookups)
strata serve: KV streaming: 97.75% of 1780836 block reads hit VRAM, 161.3 MiB read from RAM
strata serve: prompt 33995 tokens = 33994 reused + 1 read in 3 ms (357.3 tok/s), 1 generated in 34 ms (29.1 tok/s), drafts accepted 0 of 0, 3 checkpoints
strata serve: decode expert cache hit rate: 65.3% (296 hits / 453 lookups)
strata serve: KV streaming: 97.76% of 1786992 block reads hit VRAM, 161.5 MiB read from RAM
strata serve: prompt 33996 tokens = 33995 reused + 1 read in 3 ms (358.5 tok/s), 1 generated in 30 ms (33.5 tok/s), drafts accepted 0 of 0, 3 checkpoints
strata serve: decode expert cache hit rate: 73.2% (338 hits / 462 lookups)
strata serve: KV streaming: 97.76% of 1793148 block reads hit VRAM, 161.6 MiB read from RAM
strata serve: prompt 33997 tokens = 33996 reused + 1 read in 3 ms (360.4 tok/s), 1 generated in 30 ms (33.7 tok/s), drafts accepted 0 of 0, 3 checkpoints
strata serve: decode expert cache hit rate: 77.1% (363 hits / 471 lookups)
strata serve: KV streaming: 97.77% of 1799316 block reads hit VRAM, 161.8 MiB read from RAM
strata serve: prompt 33998 tokens = 33997 reused + 1 read in 3 ms (358.9 tok/s), 1 generated in 35 ms (28.7 tok/s), drafts accepted 0 of 0, 3 checkpoints
strata serve: decode expert cache hit rate: 58.5% (259 hits / 443 lookups)
strata serve: KV streaming: 97.76% of 1805484 block reads hit VRAM, 162.6 MiB read from RAM
strata serve: prompt 33999 tokens = 33998 reused + 1 read in 3 ms (360.0 tok/s), 1 generated in 36 ms (28.1 tok/s), drafts accepted 0 of 0, 3 checkpoints
strata serve: decode expert cache hit rate: 54.3% (239 hits / 440 lookups)
strata serve: KV streaming: 97.77% of 1811640 block reads hit VRAM, 162.9 MiB read from RAM
strata serve: prompt 34000 tokens = 33999 reused + 1 read in 3 ms (360.1 tok/s), 1 generated in 37 ms (26.7 tok/s), drafts accepted 0 of 0, 3 checkpoints
strata serve: decode expert cache hit rate: 47.9% (207 hits / 432 lookups)
strata serve: KV streaming: 97.77% of 1817796 block reads hit VRAM, 163.2 MiB read from RAM
strata serve: prompt 34001 tokens = 34000 reused + 1 read in 3 ms (350.2 tok/s), 1 generated in 38 ms (26.2 tok/s), drafts accepted 0 of 0, 3 checkpoints
strata serve: decode expert cache hit rate: 48.7% (210 hits / 431 lookups)
strata serve: KV streaming: 97.77% of 1823964 block reads hit VRAM, 163.5 MiB read from RAM
strata serve: prompt 34002 tokens = 34001 reused + 1 read in 3 ms (359.8 tok/s), 1 generated in 39 ms (25.3 tok/s), drafts accepted 0 of 0, 3 checkpoints
strata serve: decode expert cache hit rate: 40.5% (170 hits / 420 lookups)
strata serve: KV streaming: 97.78% of 1830132 block reads hit VRAM, 164.0 MiB read from RAM
strata serve: prompt 34003 tokens = 34002 reused + 1 read in 3 ms (360.3 tok/s), 1 generated in 39 ms (25.9 tok/s), drafts accepted 0 of 0, 3 checkpoints
strata serve: decode expert cache hit rate: 49.4% (212 hits / 429 lookups)
strata serve: KV streaming: 97.77% of 1836288 block reads hit VRAM, 164.9 MiB read from RAM
strata serve: prompt 34004 tokens = 34003 reused + 1 read in 3 ms (358.7 tok/s), 1 generated in 32 ms (31.0 tok/s), drafts accepted 0 of 0, 3 checkpoints
strata serve: decode expert cache hit rate: 66.7% (305 hits / 457 lookups)
strata serve: KV streaming: 97.77% of 1842444 block reads hit VRAM, 165.1 MiB read from RAM
strata serve: prompt 34005 tokens = 34004 reused + 1 read in 3 ms (359.9 tok/s), 1 generated in 33 ms (30.2 tok/s), drafts accepted 0 of 0, 3 checkpoints
strata serve: decode expert cache hit rate: 61.7% (276 hits / 447 lookups)
strata serve: KV streaming: 97.78% of 1848612 block reads hit VRAM, 165.6 MiB read from RAM
strata serve: prompt 34006 tokens = 34005 reused + 1 read in 3 ms (359.1 tok/s), 1 generated in 37 ms (27.1 tok/s), drafts accepted 0 of 0, 3 checkpoints
strata serve: decode expert cache hit rate: 47.8% (205 hits / 429 lookups)
strata serve: KV streaming: 97.77% of 1854780 block reads hit VRAM, 166.3 MiB read from RAM
strata serve: prompt 34007 tokens = 34006 reused + 1 read in 3 ms (359.5 tok/s), 1 generated in 34 ms (29.6 tok/s), drafts accepted 0 of 0, 3 checkpoints
strata serve: decode expert cache hit rate: 56.8% (250 hits / 440 lookups)
strata serve: KV streaming: 97.78% of 1860936 block reads hit VRAM, 166.6 MiB read from RAM
strata serve: prompt 34008 tokens = 34007 reused + 1 read in 3 ms (360.4 tok/s), 1 generated in 31 ms (32.1 tok/s), drafts accepted 0 of 0, 3 checkpoints
strata serve: decode expert cache hit rate: 66.6% (303 hits / 455 lookups)
strata serve: KV streaming: 97.78% of 1867092 block reads hit VRAM, 167.0 MiB read from RAM
strata serve: prompt 34009 tokens = 34008 reused + 1 read in 3 ms (359.7 tok/s), 1 generated in 28 ms (35.3 tok/s), drafts accepted 0 of 0, 3 checkpoints
strata serve: decode expert cache hit rate: 73.9% (342 hits / 463 lookups)
strata serve: KV streaming: 97.78% of 1873260 block reads hit VRAM, 167.2 MiB read from RAM
strata serve: prompt 34010 tokens = 34009 reused + 1 read in 3 ms (360.9 tok/s), 1 generated in 31 ms (32.3 tok/s), drafts accepted 0 of 0, 3 checkpoints
strata serve: decode expert cache hit rate: 69.7% (320 hits / 459 lookups)
strata serve: KV streaming: 97.79% of 1879428 block reads hit VRAM, 167.5 MiB read from RAM
strata serve: prompt 34011 tokens = 34010 reused + 1 read in 3 ms (357.6 tok/s), 1 generated in 32 ms (31.1 tok/s), drafts accepted 0 of 0, 3 checkpoints
strata serve: decode expert cache hit rate: 67.5% (310 hits / 459 lookups)
strata serve: KV streaming: 97.79% of 1885584 block reads hit VRAM, 167.9 MiB read from RAM
strata serve: prompt 34012 tokens = 34011 reused + 1 read in 3 ms (360.6 tok/s), 1 generated in 35 ms (28.8 tok/s), drafts accepted 0 of 0, 3 checkpoints
strata serve: decode expert cache hit rate: 58.8% (258 hits / 439 lookups)
strata serve: KV streaming: 97.79% of 1891740 block reads hit VRAM, 168.2 MiB read from RAM
strata serve: prompt 34013 tokens = 34012 reused + 1 read in 3 ms (359.4 tok/s), 1 generated in 36 ms (28.0 tok/s), drafts accepted 0 of 0, 3 checkpoints
strata serve: decode expert cache hit rate: 54.8% (240 hits / 438 lookups)
strata serve: KV streaming: 97.80% of 1897908 block reads hit VRAM, 168.4 MiB read from RAM
strata serve: prompt 34014 tokens = 34013 reused + 1 read in 3 ms (359.9 tok/s), 1 generated in 33 ms (30.4 tok/s), drafts accepted 0 of 0, 3 checkpoints
strata serve: decode expert cache hit rate: 62.0% (276 hits / 445 lookups)
strata serve: KV streaming: 97.80% of 1904076 block reads hit VRAM, 168.6 MiB read from RAM
strata serve: prompt 34015 tokens = 34014 reused + 1 read in 3 ms (359.4 tok/s), 1 generated in 32 ms (31.7 tok/s), drafts accepted 0 of 0, 3 checkpoints
strata serve: decode expert cache hit rate: 70.4% (324 hits / 460 lookups)
strata serve: KV streaming: 97.81% of 1910232 block reads hit VRAM, 168.7 MiB read from RAM
strata serve: prompt 34016 tokens = 34015 reused + 1 read in 3 ms (359.5 tok/s), 1 generated in 35 ms (28.4 tok/s), drafts accepted 0 of 0, 3 checkpoints
strata serve: decode expert cache hit rate: 56.7% (250 hits / 441 lookups)
strata serve: KV streaming: 97.81% of 1916388 block reads hit VRAM, 168.8 MiB read from RAM
strata serve: prompt 34017 tokens = 34016 reused + 1 read in 3 ms (360.6 tok/s), 1 generated in 33 ms (30.5 tok/s), drafts accepted 0 of 0, 3 checkpoints
strata serve: decode expert cache hit rate: 68.6% (314 hits / 458 lookups)
strata serve: KV streaming: 97.82% of 1922556 block reads hit VRAM, 168.9 MiB read from RAM
strata serve: prompt 34018 tokens = 34017 reused + 1 read in 3 ms (360.8 tok/s), 1 generated in 34 ms (29.4 tok/s), drafts accepted 0 of 0, 3 checkpoints
strata serve: decode expert cache hit rate: 63.0% (281 hits / 446 lookups)
strata serve: KV streaming: 97.82% of 1928724 block reads hit VRAM, 169.0 MiB read from RAM
strata serve: prompt 34019 tokens = 34018 reused + 1 read in 3 ms (360.3 tok/s), 1 generated in 35 ms (28.7 tok/s), drafts accepted 0 of 0, 3 checkpoints
strata serve: decode expert cache hit rate: 57.9% (256 hits / 442 lookups)
strata serve: KV streaming: 97.83% of 1934880 block reads hit VRAM, 169.0 MiB read from RAM
strata serve: prompt 34020 tokens = 34019 reused + 1 read in 3 ms (360.2 tok/s), 1 generated in 31 ms (31.8 tok/s), drafts accepted 0 of 0, 3 checkpoints
strata serve: decode expert cache hit rate: 69.3% (316 hits / 456 lookups)
strata serve: KV streaming: 97.84% of 1941036 block reads hit VRAM, 169.1 MiB read from RAM
strata serve: prompt 34021 tokens = 34020 reused + 1 read in 3 ms (360.4 tok/s), 1 generated in 32 ms (30.9 tok/s), drafts accepted 0 of 0, 3 checkpoints
strata serve: decode expert cache hit rate: 63.1% (284 hits / 450 lookups)
strata serve: KV streaming: 97.84% of 1947204 block reads hit VRAM, 169.2 MiB read from RAM
strata serve: prompt 34022 tokens = 34021 reused + 1 read in 3 ms (360.3 tok/s), 1 generated in 30 ms (33.5 tok/s), drafts accepted 0 of 0, 3 checkpoints
strata serve: decode expert cache hit rate: 71.4% (330 hits / 462 lookups)
strata serve: KV streaming: 97.85% of 1953372 block reads hit VRAM, 169.2 MiB read from RAM
strata serve: prompt 34023 tokens = 34022 reused + 1 read in 3 ms (360.8 tok/s), 1 generated in 33 ms (30.4 tok/s), drafts accepted 0 of 0, 3 checkpoints
strata serve: decode expert cache hit rate: 61.4% (274 hits / 446 lookups)
strata serve: KV streaming: 97.86% of 1959528 block reads hit VRAM, 169.2 MiB read from RAM
strata serve: prompt 34024 tokens = 34023 reused + 1 read in 3 ms (359.2 tok/s), 1 generated in 36 ms (27.8 tok/s), drafts accepted 0 of 0, 3 checkpoints
strata serve: decode expert cache hit rate: 52.2% (228 hits / 437 lookups)
strata serve: KV streaming: 97.86% of 1965684 block reads hit VRAM, 169.3 MiB read from RAM
strata serve: prompt 34025 tokens = 34024 reused + 1 read in 3 ms (355.9 tok/s), 1 generated in 34 ms (29.0 tok/s), drafts accepted 0 of 0, 3 checkpoints
strata serve: decode expert cache hit rate: 60.4% (270 hits / 447 lookups)
strata serve: KV streaming: 97.87% of 1971852 block reads hit VRAM, 169.5 MiB read from RAM
strata serve: prompt 34026 tokens = 34025 reused + 1 read in 3 ms (355.8 tok/s), 1 generated in 34 ms (29.4 tok/s), drafts accepted 0 of 0, 3 checkpoints
strata serve: decode expert cache hit rate: 59.0% (262 hits / 444 lookups)
strata serve: KV streaming: 97.87% of 1978020 block reads hit VRAM, 169.6 MiB read from RAM
strata serve: prompt 34027 tokens = 34026 reused + 1 read in 3 ms (353.4 tok/s), 1 generated in 36 ms (27.5 tok/s), drafts accepted 0 of 0, 3 checkpoints
strata serve: decode expert cache hit rate: 53.0% (232 hits / 438 lookups)
strata serve: KV streaming: 97.88% of 1984176 block reads hit VRAM, 169.6 MiB read from RAM
strata serve: prompt 34028 tokens = 34027 reused + 1 read in 3 ms (360.0 tok/s), 1 generated in 30 ms (33.5 tok/s), drafts accepted 0 of 0, 3 checkpoints
strata serve: decode expert cache hit rate: 70.0% (322 hits / 460 lookups)
strata serve: KV streaming: 97.88% of 1990332 block reads hit VRAM, 169.8 MiB read from RAM
strata serve: prompt 34029 tokens = 34028 reused + 1 read in 3 ms (360.7 tok/s), 1 generated in 34 ms (29.5 tok/s), drafts accepted 0 of 0, 3 checkpoints
strata serve: decode expert cache hit rate: 62.7% (282 hits / 450 lookups)
strata serve: KV streaming: 97.89% of 1996500 block reads hit VRAM, 169.9 MiB read from RAM
strata serve: prompt 34030 tokens = 34029 reused + 1 read in 3 ms (358.8 tok/s), 1 generated in 35 ms (28.2 tok/s), drafts accepted 0 of 0, 3 checkpoints
strata serve: decode expert cache hit rate: 58.2% (258 hits / 443 lookups)
strata serve: KV streaming: 97.89% of 2002668 block reads hit VRAM, 170.0 MiB read from RAM
strata serve: prompt 34031 tokens = 34030 reused + 1 read in 3 ms (360.3 tok/s), 1 generated in 37 ms (27.2 tok/s), drafts accepted 0 of 0, 3 checkpoints
strata serve: decode expert cache hit rate: 47.0% (201 hits / 428 lookups)
strata serve: KV streaming: 97.89% of 2008824 block reads hit VRAM, 170.4 MiB read from RAM
strata serve: prompt 34032 tokens = 34031 reused + 1 read in 3 ms (360.0 tok/s), 1 generated in 38 ms (26.2 tok/s), drafts accepted 0 of 0, 3 checkpoints
strata serve: decode expert cache hit rate: 40.5% (170 hits / 420 lookups)
strata serve: KV streaming: 97.90% of 2014980 block reads hit VRAM, 170.5 MiB read from RAM
strata serve: prompt 34033 tokens = 34032 reused + 1 read in 3 ms (360.5 tok/s), 1 generated in 39 ms (25.4 tok/s), drafts accepted 0 of 0, 3 checkpoints
strata serve: decode expert cache hit rate: 39.4% (165 hits / 419 lookups)
strata serve: KV streaming: 97.90% of 2021148 block reads hit VRAM, 170.6 MiB read from RAM
strata serve: prompt 34034 tokens = 34033 reused + 1 read in 3 ms (360.0 tok/s), 1 generated in 38 ms (26.3 tok/s), drafts accepted 0 of 0, 3 checkpoints
strata serve: decode expert cache hit rate: 38.5% (161 hits / 418 lookups)
strata serve: KV streaming: 97.91% of 2027316 block reads hit VRAM, 170.7 MiB read from RAM
strata serve: prompt 34035 tokens = 34034 reused + 1 read in 3 ms (360.4 tok/s), 1 generated in 40 ms (24.8 tok/s), drafts accepted 0 of 0, 3 checkpoints
strata serve: decode expert cache hit rate: 30.6% (125 hits / 409 lookups)
strata serve: KV streaming: 97.92% of 2033472 block reads hit VRAM, 170.8 MiB read from RAM
strata serve: prompt 34036 tokens = 34035 reused + 1 read in 3 ms (359.9 tok/s), 1 generated in 35 ms (28.2 tok/s), drafts accepted 0 of 0, 3 checkpoints
strata serve: decode expert cache hit rate: 49.1% (210 hits / 428 lookups)
strata serve: KV streaming: 97.92% of 2039628 block reads hit VRAM, 171.0 MiB read from RAM
strata serve: prompt 34037 tokens = 34036 reused + 1 read in 3 ms (359.4 tok/s), 1 generated in 37 ms (27.0 tok/s), drafts accepted 0 of 0, 3 checkpoints
strata serve: decode expert cache hit rate: 45.4% (194 hits / 427 lookups)
strata serve: KV streaming: 97.92% of 2045796 block reads hit VRAM, 171.4 MiB read from RAM
strata serve: prompt 34038 tokens = 34037 reused + 1 read in 3 ms (360.3 tok/s), 1 generated in 43 ms (23.5 tok/s), drafts accepted 0 of 0, 3 checkpoints
strata serve: decode expert cache hit rate: 30.7% (126 hits / 410 lookups)
strata serve: KV streaming: 97.92% of 2051964 block reads hit VRAM, 171.5 MiB read from RAM
strata serve: prompt 34039 tokens = 34038 reused + 1 read in 3 ms (360.6 tok/s), 1 generated in 39 ms (25.8 tok/s), drafts accepted 0 of 0, 3 checkpoints
strata serve: decode expert cache hit rate: 40.3% (168 hits / 417 lookups)
strata serve: KV streaming: 97.93% of 2058120 block reads hit VRAM, 171.6 MiB read from RAM
strata serve: prompt 34040 tokens = 34039 reused + 1 read in 3 ms (359.4 tok/s), 1 generated in 41 ms (24.4 tok/s), drafts accepted 0 of 0, 3 checkpoints
strata serve: decode expert cache hit rate: 36.0% (149 hits / 414 lookups)
strata serve: KV streaming: 97.94% of 2064276 block reads hit VRAM, 171.6 MiB read from RAM
strata serve: prompt 34041 tokens = 34040 reused + 1 read in 3 ms (356.6 tok/s), 1 generated in 38 ms (26.3 tok/s), drafts accepted 0 of 0, 3 checkpoints
strata serve: decode expert cache hit rate: 44.9% (191 hits / 425 lookups)
strata serve: KV streaming: 97.94% of 2070444 block reads hit VRAM, 171.7 MiB read from RAM
strata serve: prompt 34042 tokens = 34041 reused + 1 read in 3 ms (360.8 tok/s), 1 generated in 45 ms (22.1 tok/s), drafts accepted 0 of 0, 3 checkpoints
strata serve: decode expert cache hit rate: 30.5% (125 hits / 410 lookups)
strata serve: KV streaming: 97.95% of 2076612 block reads hit VRAM, 171.9 MiB read from RAM
strata serve: prompt 34043 tokens = 34042 reused + 1 read in 3 ms (357.7 tok/s), 1 generated in 36 ms (27.4 tok/s), drafts accepted 0 of 0, 3 checkpoints
strata serve: decode expert cache hit rate: 49.0% (210 hits / 429 lookups)
strata serve: KV streaming: 97.95% of 2082768 block reads hit VRAM, 172.0 MiB read from RAM
strata serve: prompt 34044 tokens = 34043 reused + 1 read in 3 ms (359.7 tok/s), 1 generated in 37 ms (26.7 tok/s), drafts accepted 0 of 0, 3 checkpoints
strata serve: decode expert cache hit rate: 46.6% (200 hits / 429 lookups)
strata serve: KV streaming: 97.95% of 2088924 block reads hit VRAM, 172.5 MiB read from RAM
strata serve: prompt 34045 tokens = 34044 reused + 1 read in 3 ms (358.4 tok/s), 1 generated in 41 ms (24.4 tok/s), drafts accepted 0 of 0, 3 checkpoints
strata serve: decode expert cache hit rate: 36.9% (154 hits / 417 lookups)
strata serve: KV streaming: 97.95% of 2095092 block reads hit VRAM, 172.7 MiB read from RAM
strata serve: prompt 34046 tokens = 34045 reused + 1 read in 3 ms (359.0 tok/s), 1 generated in 39 ms (25.4 tok/s), drafts accepted 0 of 0, 3 checkpoints
strata serve: decode expert cache hit rate: 39.4% (164 hits / 416 lookups)
strata serve: KV streaming: 97.96% of 2101260 block reads hit VRAM, 172.8 MiB read from RAM
strata serve: prompt 34047 tokens = 34046 reused + 1 read in 3 ms (360.6 tok/s), 1 generated in 39 ms (25.4 tok/s), drafts accepted 0 of 0, 3 checkpoints
strata serve: decode expert cache hit rate: 36.5% (152 hits / 417 lookups)
strata serve: KV streaming: 97.96% of 2107416 block reads hit VRAM, 173.0 MiB read from RAM
strata serve: prompt 34048 tokens = 34047 reused + 1 read in 3 ms (360.4 tok/s), 1 generated in 34 ms (29.1 tok/s), drafts accepted 0 of 0, 3 checkpoints
strata serve: decode expert cache hit rate: 56.0% (247 hits / 441 lookups)
strata serve: KV streaming: 97.97% of 2113572 block reads hit VRAM, 173.1 MiB read from RAM
strata serve: prompt 34049 tokens = 34048 reused + 1 read in 3 ms (358.7 tok/s), 1 generated in 36 ms (27.6 tok/s), drafts accepted 0 of 0, 3 checkpoints
strata serve: decode expert cache hit rate: 54.2% (239 hits / 441 lookups)
strata serve: KV streaming: 97.97% of 2119740 block reads hit VRAM, 173.2 MiB read from RAM
strata serve: prompt 34050 tokens = 34049 reused + 1 read in 3 ms (359.5 tok/s), 1 generated in 44 ms (22.7 tok/s), drafts accepted 0 of 0, 3 checkpoints
strata serve: decode expert cache hit rate: 31.1% (127 hits / 408 lookups)
strata serve: KV streaming: 97.97% of 2125908 block reads hit VRAM, 173.5 MiB read from RAM
strata serve: prompt 34051 tokens = 34050 reused + 1 read in 3 ms (354.6 tok/s), 1 generated in 39 ms (25.6 tok/s), drafts accepted 0 of 0, 3 checkpoints
strata serve: decode expert cache hit rate: 37.4% (154 hits / 412 lookups)
strata serve: KV streaming: 97.98% of 2132064 block reads hit VRAM, 173.7 MiB read from RAM
strata serve: prompt 34052 tokens = 34051 reused + 1 read in 3 ms (359.0 tok/s), 1 generated in 38 ms (26.3 tok/s), drafts accepted 0 of 0, 3 checkpoints
strata serve: decode expert cache hit rate: 41.6% (177 hits / 425 lookups)
strata serve: KV streaming: 97.98% of 2138220 block reads hit VRAM, 173.7 MiB read from RAM
strata serve: prompt 34053 tokens = 34052 reused + 1 read in 3 ms (359.2 tok/s), 1 generated in 40 ms (25.0 tok/s), drafts accepted 0 of 0, 3 checkpoints
strata serve: decode expert cache hit rate: 37.3% (156 hits / 418 lookups)
strata serve: KV streaming: 97.98% of 2144388 block reads hit VRAM, 174.2 MiB read from RAM
strata serve: prompt 34054 tokens = 34053 reused + 1 read in 3 ms (360.7 tok/s), 1 generated in 40 ms (24.7 tok/s), drafts accepted 0 of 0, 3 checkpoints
strata serve: decode expert cache hit rate: 35.7% (148 hits / 414 lookups)
strata serve: KV streaming: 97.98% of 2150556 block reads hit VRAM, 174.7 MiB read from RAM
strata serve: prompt 34055 tokens = 34054 reused + 1 read in 3 ms (353.8 tok/s), 1 generated in 45 ms (22.4 tok/s), drafts accepted 0 of 0, 3 checkpoints
strata serve: decode expert cache hit rate: 30.5% (125 hits / 410 lookups)
strata serve: KV streaming: 97.99% of 2156712 block reads hit VRAM, 174.8 MiB read from RAM
strata serve: prompt 34056 tokens = 34055 reused + 1 read in 3 ms (361.0 tok/s), 1 generated in 36 ms (27.6 tok/s), drafts accepted 0 of 0, 3 checkpoints
strata serve: decode expert cache hit rate: 50.1% (215 hits / 429 lookups)
strata serve: KV streaming: 97.99% of 2162868 block reads hit VRAM, 175.4 MiB read from RAM
strata serve: prompt 34057 tokens = 34056 reused + 1 read in 3 ms (360.4 tok/s), 1 generated in 42 ms (24.1 tok/s), drafts accepted 0 of 0, 3 checkpoints
strata serve: decode expert cache hit rate: 30.5% (125 hits / 410 lookups)
strata serve: KV streaming: 97.99% of 2169036 block reads hit VRAM, 175.7 MiB read from RAM
strata serve: prompt 34058 tokens = 34057 reused + 1 read in 3 ms (358.7 tok/s), 1 generated in 39 ms (25.4 tok/s), drafts accepted 0 of 0, 3 checkpoints
strata serve: decode expert cache hit rate: 34.3% (142 hits / 414 lookups)
strata serve: KV streaming: 97.99% of 2175204 block reads hit VRAM, 175.8 MiB read from RAM
strata serve: prompt 34059 tokens = 34058 reused + 1 read in 3 ms (360.1 tok/s), 1 generated in 42 ms (23.9 tok/s), drafts accepted 0 of 0, 3 checkpoints
strata serve: decode expert cache hit rate: 35.7% (148 hits / 414 lookups)
strata serve: KV streaming: 98.00% of 2181360 block reads hit VRAM, 176.0 MiB read from RAM
strata serve: prompt 34060 tokens = 34059 reused + 1 read in 3 ms (361.1 tok/s), 1 generated in 37 ms (27.3 tok/s), drafts accepted 0 of 0, 3 checkpoints
strata serve: decode expert cache hit rate: 49.7% (214 hits / 431 lookups)
strata serve: KV streaming: 98.00% of 2187516 block reads hit VRAM, 176.3 MiB read from RAM
strata serve: prompt 34061 tokens = 34060 reused + 1 read in 3 ms (360.0 tok/s), 1 generated in 42 ms (24.0 tok/s), drafts accepted 0 of 0, 3 checkpoints
strata serve: decode expert cache hit rate: 31.1% (127 hits / 409 lookups)
strata serve: KV streaming: 98.00% of 2193684 block reads hit VRAM, 176.6 MiB read from RAM
strata serve: prompt 34062 tokens = 34061 reused + 1 read in 3 ms (358.9 tok/s), 1 generated in 39 ms (25.4 tok/s), drafts accepted 0 of 0, 3 checkpoints
strata serve: decode expert cache hit rate: 35.9% (148 hits / 412 lookups)
strata serve: KV streaming: 98.00% of 2199852 block reads hit VRAM, 176.8 MiB read from RAM
strata serve: prompt 34063 tokens = 34062 reused + 1 read in 3 ms (354.7 tok/s), 1 generated in 42 ms (23.6 tok/s), drafts accepted 0 of 0, 3 checkpoints
strata serve: decode expert cache hit rate: 28.5% (115 hits / 404 lookups)
strata serve: KV streaming: 98.01% of 2206008 block reads hit VRAM, 176.9 MiB read from RAM
strata serve: prompt 34064 tokens = 34063 reused + 1 read in 3 ms (359.9 tok/s), 1 generated in 37 ms (27.3 tok/s), drafts accepted 0 of 0, 3 checkpoints
strata serve: decode expert cache hit rate: 48.0% (208 hits / 433 lookups)
strata serve: KV streaming: 98.01% of 2212164 block reads hit VRAM, 177.4 MiB read from RAM
strata serve: prompt 34065 tokens = 34064 reused + 1 read in 3 ms (353.7 tok/s), 1 generated in 39 ms (25.3 tok/s), drafts accepted 0 of 0, 3 checkpoints
strata serve: decode expert cache hit rate: 33.1% (136 hits / 411 lookups)
strata serve: KV streaming: 98.01% of 2218332 block reads hit VRAM, 177.5 MiB read from RAM
strata serve: prompt 34066 tokens = 34065 reused + 1 read in 3 ms (359.9 tok/s), 1 generated in 38 ms (26.0 tok/s), drafts accepted 0 of 0, 3 checkpoints
strata serve: decode expert cache hit rate: 39.6% (164 hits / 414 lookups)
strata serve: KV streaming: 98.02% of 2224500 block reads hit VRAM, 177.6 MiB read from RAM
strata serve: prompt 34067 tokens = 34066 reused + 1 read in 3 ms (360.0 tok/s), 1 generated in 41 ms (24.6 tok/s), drafts accepted 0 of 0, 3 checkpoints
strata serve: decode expert cache hit rate: 33.4% (137 hits / 410 lookups)
strata serve: KV streaming: 98.02% of 2230656 block reads hit VRAM, 177.8 MiB read from RAM
strata serve: prompt 34068 tokens = 34067 reused + 1 read in 3 ms (360.3 tok/s), 1 generated in 43 ms (23.3 tok/s), drafts accepted 0 of 0, 3 checkpoints
strata serve: decode expert cache hit rate: 29.8% (120 hits / 403 lookups)
strata serve: KV streaming: 98.02% of 2236812 block reads hit VRAM, 178.0 MiB read from RAM
strata serve: prompt 34069 tokens = 34068 reused + 1 read in 3 ms (355.6 tok/s), 1 generated in 38 ms (26.2 tok/s), drafts accepted 0 of 0, 3 checkpoints
strata serve: decode expert cache hit rate: 47.0% (201 hits / 428 lookups)
strata serve: KV streaming: 98.03% of 2242980 block reads hit VRAM, 178.1 MiB read from RAM
strata serve: prompt 34070 tokens = 34069 reused + 1 read in 3 ms (359.6 tok/s), 1 generated in 37 ms (27.3 tok/s), drafts accepted 0 of 0, 3 checkpoints
strata serve: decode expert cache hit rate: 45.9% (197 hits / 429 lookups)
strata serve: KV streaming: 98.03% of 2249148 block reads hit VRAM, 178.5 MiB read from RAM
strata serve: prompt 34071 tokens = 34070 reused + 1 read in 3 ms (358.6 tok/s), 1 generated in 41 ms (24.6 tok/s), drafts accepted 0 of 0, 3 checkpoints
strata serve: decode expert cache hit rate: 31.4% (129 hits / 411 lookups)
strata serve: KV streaming: 98.03% of 2255304 block reads hit VRAM, 178.6 MiB read from RAM
strata serve: prompt 34072 tokens = 34071 reused + 1 read in 3 ms (360.2 tok/s), 1 generated in 38 ms (26.4 tok/s), drafts accepted 0 of 0, 3 checkpoints
strata serve: decode expert cache hit rate: 43.5% (184 hits / 423 lookups)
strata serve: KV streaming: 98.04% of 2261460 block reads hit VRAM, 178.8 MiB read from RAM
strata serve: prompt 34073 tokens = 34072 reused + 1 read in 3 ms (360.2 tok/s), 1 generated in 41 ms (24.3 tok/s), drafts accepted 0 of 0, 3 checkpoints
strata serve: decode expert cache hit rate: 30.1% (123 hits / 408 lookups)
strata serve: KV streaming: 98.04% of 2267628 block reads hit VRAM, 179.0 MiB read from RAM
strata serve: prompt 34074 tokens = 34073 reused + 1 read in 3 ms (360.3 tok/s), 1 generated in 38 ms (26.1 tok/s), drafts accepted 0 of 0, 3 checkpoints
strata serve: decode expert cache hit rate: 46.6% (199 hits / 427 lookups)
strata serve: KV streaming: 98.04% of 2273796 block reads hit VRAM, 179.2 MiB read from RAM
strata serve: prompt 34075 tokens = 34074 reused + 1 read in 3 ms (348.1 tok/s), 1 generated in 38 ms (26.1 tok/s), drafts accepted 0 of 0, 3 checkpoints
strata serve: decode expert cache hit rate: 44.0% (187 hits / 425 lookups)
strata serve: KV streaming: 98.05% of 2279952 block reads hit VRAM, 179.4 MiB read from RAM
strata serve: prompt 34076 tokens = 34075 reused + 1 read in 3 ms (360.5 tok/s), 1 generated in 38 ms (26.3 tok/s), drafts accepted 0 of 0, 3 checkpoints
strata serve: decode expert cache hit rate: 41.1% (172 hits / 419 lookups)
strata serve: KV streaming: 98.05% of 2286108 block reads hit VRAM, 179.6 MiB read from RAM
strata serve: prompt 34077 tokens = 34076 reused + 1 read in 3 ms (358.5 tok/s), 1 generated in 41 ms (24.4 tok/s), drafts accepted 0 of 0, 3 checkpoints
strata serve: decode expert cache hit rate: 31.1% (128 hits / 411 lookups)
strata serve: KV streaming: 98.05% of 2292276 block reads hit VRAM, 179.7 MiB read from RAM
strata serve: prompt 34078 tokens = 34077 reused + 1 read in 3 ms (359.6 tok/s), 1 generated in 40 ms (25.2 tok/s), drafts accepted 0 of 0, 3 checkpoints
strata serve: decode expert cache hit rate: 38.1% (160 hits / 420 lookups)
strata serve: KV streaming: 98.06% of 2298444 block reads hit VRAM, 179.8 MiB read from RAM
strata serve: prompt 34079 tokens = 34078 reused + 1 read in 3 ms (358.9 tok/s), 1 generated in 37 ms (26.8 tok/s), drafts accepted 0 of 0, 3 checkpoints
strata serve: decode expert cache hit rate: 51.5% (224 hits / 435 lookups)
strata serve: KV streaming: 98.06% of 2304600 block reads hit VRAM, 179.9 MiB read from RAM
strata serve: prompt 34080 tokens = 34079 reused + 1 read in 3 ms (360.1 tok/s), 1 generated in 39 ms (25.8 tok/s), drafts accepted 0 of 0, 3 checkpoints
strata serve: decode expert cache hit rate: 41.3% (173 hits / 419 lookups)
strata serve: KV streaming: 98.07% of 2310756 block reads hit VRAM, 180.0 MiB read from RAM
strata serve: prompt 34081 tokens = 34080 reused + 1 read in 3 ms (359.3 tok/s), 1 generated in 37 ms (27.1 tok/s), drafts accepted 0 of 0, 3 checkpoints
strata serve: decode expert cache hit rate: 46.6% (201 hits / 431 lookups)
strata serve: KV streaming: 98.07% of 2316924 block reads hit VRAM, 180.2 MiB read from RAM
strata serve: prompt 34082 tokens = 34081 reused + 1 read in 3 ms (348.3 tok/s), 1 generated in 35 ms (28.7 tok/s), drafts accepted 0 of 0, 3 checkpoints
strata serve: decode expert cache hit rate: 53.6% (237 hits / 442 lookups)
strata serve: KV streaming: 98.07% of 2323092 block reads hit VRAM, 180.4 MiB read from RAM
strata serve: prompt 34083 tokens = 34082 reused + 1 read in 3 ms (360.5 tok/s), 1 generated in 38 ms (26.6 tok/s), drafts accepted 0 of 0, 3 checkpoints
strata serve: decode expert cache hit rate: 50.7% (220 hits / 434 lookups)
strata serve: KV streaming: 98.08% of 2329248 block reads hit VRAM, 180.6 MiB read from RAM
strata serve: prompt 34084 tokens = 34083 reused + 1 read in 3 ms (355.6 tok/s), 1 generated in 37 ms (26.9 tok/s), drafts accepted 0 of 0, 3 checkpoints
strata serve: decode expert cache hit rate: 48.7% (212 hits / 435 lookups)
strata serve: KV streaming: 98.08% of 2335404 block reads hit VRAM, 180.6 MiB read from RAM
strata serve: prompt 34085 tokens = 34084 reused + 1 read in 3 ms (359.8 tok/s), 1 generated in 35 ms (28.3 tok/s), drafts accepted 0 of 0, 3 checkpoints
strata serve: decode expert cache hit rate: 54.9% (242 hits / 441 lookups)
strata serve: KV streaming: 98.08% of 2341572 block reads hit VRAM, 180.7 MiB read from RAM
strata serve: prompt 34086 tokens = 34085 reused + 1 read in 3 ms (360.3 tok/s), 1 generated in 38 ms (26.1 tok/s), drafts accepted 0 of 0, 3 checkpoints
strata serve: decode expert cache hit rate: 42.6% (180 hits / 423 lookups)
strata serve: KV streaming: 98.09% of 2347740 block reads hit VRAM, 180.8 MiB read from RAM
strata serve: prompt 34087 tokens = 34086 reused + 1 read in 3 ms (359.8 tok/s), 1 generated in 38 ms (26.4 tok/s), drafts accepted 0 of 0, 3 checkpoints
strata serve: decode expert cache hit rate: 42.8% (181 hits / 423 lookups)
strata serve: KV streaming: 98.09% of 2353896 block reads hit VRAM, 180.9 MiB read from RAM
strata serve: prompt 34088 tokens = 34087 reused + 1 read in 3 ms (359.8 tok/s), 1 generated in 40 ms (25.1 tok/s), drafts accepted 0 of 0, 3 checkpoints
strata serve: decode expert cache hit rate: 34.3% (141 hits / 411 lookups)
strata serve: KV streaming: 98.10% of 2360052 block reads hit VRAM, 180.9 MiB read from RAM
strata serve: prompt 34089 tokens = 34088 reused + 1 read in 3 ms (356.3 tok/s), 1 generated in 35 ms (28.9 tok/s), drafts accepted 0 of 0, 3 checkpoints
strata serve: decode expert cache hit rate: 53.2% (233 hits / 438 lookups)
strata serve: KV streaming: 98.10% of 2366220 block reads hit VRAM, 181.1 MiB read from RAM
strata serve: prompt 34090 tokens = 34089 reused + 1 read in 3 ms (360.0 tok/s), 1 generated in 42 ms (23.6 tok/s), drafts accepted 0 of 0, 3 checkpoints
strata serve: decode expert cache hit rate: 26.6% (108 hits / 406 lookups)
strata serve: KV streaming: 98.10% of 2372388 block reads hit VRAM, 181.1 MiB read from RAM
strata serve: prompt 34091 tokens = 34090 reused + 1 read in 3 ms (359.6 tok/s), 1 generated in 40 ms (25.3 tok/s), drafts accepted 0 of 0, 3 checkpoints
strata serve: decode expert cache hit rate: 37.8% (158 hits / 418 lookups)
strata serve: KV streaming: 98.11% of 2378544 block reads hit VRAM, 181.3 MiB read from RAM
strata serve: prompt 34092 tokens = 34091 reused + 1 read in 3 ms (360.2 tok/s), 1 generated in 37 ms (27.1 tok/s), drafts accepted 0 of 0, 3 checkpoints
strata serve: decode expert cache hit rate: 46.6% (200 hits / 429 lookups)
strata serve: KV streaming: 98.11% of 2384700 block reads hit VRAM, 181.3 MiB read from RAM
strata serve: prompt 34093 tokens = 34092 reused + 1 read in 3 ms (360.4 tok/s), 1 generated in 37 ms (26.8 tok/s), drafts accepted 0 of 0, 3 checkpoints
strata serve: decode expert cache hit rate: 45.6% (196 hits / 430 lookups)
strata serve: KV streaming: 98.12% of 2390868 block reads hit VRAM, 181.5 MiB read from RAM
strata serve: prompt 34094 tokens = 34093 reused + 1 read in 3 ms (360.5 tok/s), 1 generated in 39 ms (25.8 tok/s), drafts accepted 0 of 0, 3 checkpoints
strata serve: decode expert cache hit rate: 41.1% (173 hits / 421 lookups)
strata serve: KV streaming: 98.12% of 2397036 block reads hit VRAM, 181.6 MiB read from RAM
strata serve: prompt 34095 tokens = 34094 reused + 1 read in 3 ms (359.8 tok/s), 1 generated in 38 ms (26.0 tok/s), drafts accepted 0 of 0, 3 checkpoints
strata serve: decode expert cache hit rate: 40.2% (169 hits / 420 lookups)
strata serve: KV streaming: 98.12% of 2403192 block reads hit VRAM, 181.7 MiB read from RAM
strata serve: prompt 34096 tokens = 34095 reused + 1 read in 3 ms (352.5 tok/s), 1 generated in 37 ms (27.2 tok/s), drafts accepted 0 of 0, 3 checkpoints
strata serve: decode expert cache hit rate: 47.7% (204 hits / 428 lookups)
strata serve: KV streaming: 98.12% of 2409348 block reads hit VRAM, 182.0 MiB read from RAM
strata serve: prompt 34097 tokens = 34096 reused + 1 read in 3 ms (354.0 tok/s), 1 generated in 36 ms (27.4 tok/s), drafts accepted 0 of 0, 3 checkpoints
strata serve: decode expert cache hit rate: 51.9% (224 hits / 432 lookups)
strata serve: KV streaming: 98.13% of 2415516 block reads hit VRAM, 182.2 MiB read from RAM
strata serve: prompt 34098 tokens = 34097 reused + 1 read in 3 ms (357.7 tok/s), 1 generated in 41 ms (24.4 tok/s), drafts accepted 0 of 0, 3 checkpoints
strata serve: decode expert cache hit rate: 43.7% (187 hits / 428 lookups)
strata serve: KV streaming: 98.13% of 2421684 block reads hit VRAM, 182.4 MiB read from RAM
strata serve: prompt 34099 tokens = 34098 reused + 1 read in 3 ms (357.7 tok/s), 1 generated in 37 ms (27.3 tok/s), drafts accepted 0 of 0, 3 checkpoints
strata serve: decode expert cache hit rate: 48.0% (207 hits / 431 lookups)
strata serve: KV streaming: 98.13% of 2427840 block reads hit VRAM, 182.8 MiB read from RAM
strata serve: prompt 34100 tokens = 34099 reused + 1 read in 3 ms (360.7 tok/s), 1 generated in 38 ms (26.7 tok/s), drafts accepted 0 of 0, 3 checkpoints
strata serve: decode expert cache hit rate: 46.7% (202 hits / 433 lookups)
strata serve: KV streaming: 98.13% of 2433996 block reads hit VRAM, 183.1 MiB read from RAM
strata serve: prompt 34101 tokens = 34100 reused + 1 read in 3 ms (359.2 tok/s), 1 generated in 38 ms (26.2 tok/s), drafts accepted 0 of 0, 3 checkpoints
strata serve: decode expert cache hit rate: 40.1% (169 hits / 421 lookups)
strata serve: KV streaming: 98.13% of 2440164 block reads hit VRAM, 183.4 MiB read from RAM
strata serve: prompt 34102 tokens = 34101 reused + 1 read in 3 ms (360.3 tok/s), 1 generated in 36 ms (27.6 tok/s), drafts accepted 0 of 0, 3 checkpoints
strata serve: decode expert cache hit rate: 48.8% (209 hits / 428 lookups)
strata serve: KV streaming: 98.13% of 2446332 block reads hit VRAM, 183.8 MiB read from RAM
strata serve: prompt 34103 tokens = 34102 reused + 1 read in 3 ms (360.2 tok/s), 1 generated in 35 ms (28.2 tok/s), drafts accepted 0 of 0, 3 checkpoints
strata serve: decode expert cache hit rate: 46.2% (198 hits / 429 lookups)
strata serve: KV streaming: 98.14% of 2452488 block reads hit VRAM, 183.9 MiB read from RAM
strata serve: prompt 34104 tokens = 34103 reused + 1 read in 3 ms (360.3 tok/s), 1 generated in 41 ms (24.3 tok/s), drafts accepted 0 of 0, 3 checkpoints
strata serve: decode expert cache hit rate: 37.1% (154 hits / 415 lookups)
strata serve: KV streaming: 98.14% of 2458644 block reads hit VRAM, 184.3 MiB read from RAM
strata serve: prompt 34105 tokens = 34104 reused + 1 read in 3 ms (360.2 tok/s), 1 generated in 40 ms (24.8 tok/s), drafts accepted 0 of 0, 3 checkpoints
strata serve: decode expert cache hit rate: 33.2% (137 hits / 413 lookups)
strata serve: KV streaming: 98.14% of 2464812 block reads hit VRAM, 184.4 MiB read from RAM
strata serve: prompt 34106 tokens = 34105 reused + 1 read in 3 ms (359.6 tok/s), 1 generated in 36 ms (27.8 tok/s), drafts accepted 0 of 0, 3 checkpoints
strata serve: decode expert cache hit rate: 48.7% (209 hits / 429 lookups)
strata serve: KV streaming: 98.14% of 2470980 block reads hit VRAM, 184.7 MiB read from RAM
strata serve: prompt 34107 tokens = 34106 reused + 1 read in 3 ms (357.3 tok/s), 1 generated in 39 ms (25.9 tok/s), drafts accepted 0 of 0, 3 checkpoints
strata serve: decode expert cache hit rate: 39.5% (166 hits / 420 lookups)
strata serve: KV streaming: 98.15% of 2477136 block reads hit VRAM, 184.9 MiB read from RAM
strata serve: prompt 34108 tokens = 34107 reused + 1 read in 3 ms (360.0 tok/s), 1 generated in 37 ms (27.0 tok/s), drafts accepted 0 of 0, 3 checkpoints
strata serve: decode expert cache hit rate: 43.6% (186 hits / 427 lookups)
strata serve: KV streaming: 98.15% of 2483292 block reads hit VRAM, 184.9 MiB read from RAM
strata serve: prompt 34109 tokens = 34108 reused + 1 read in 3 ms (359.9 tok/s), 1 generated in 40 ms (25.2 tok/s), drafts accepted 0 of 0, 3 checkpoints
strata serve: decode expert cache hit rate: 37.6% (156 hits / 415 lookups)
strata serve: KV streaming: 98.15% of 2489460 block reads hit VRAM, 185.1 MiB read from RAM
strata serve: prompt 34110 tokens = 34109 reused + 1 read in 3 ms (359.9 tok/s), 1 generated in 38 ms (26.4 tok/s), drafts accepted 0 of 0, 3 checkpoints
strata serve: decode expert cache hit rate: 40.7% (171 hits / 420 lookups)
strata serve: KV streaming: 98.16% of 2495628 block reads hit VRAM, 185.3 MiB read from RAM
strata serve: prompt 34111 tokens = 34110 reused + 1 read in 3 ms (353.9 tok/s), 1 generated in 39 ms (25.7 tok/s), drafts accepted 0 of 0, 3 checkpoints
strata serve: decode expert cache hit rate: 43.5% (185 hits / 425 lookups)
strata serve: KV streaming: 98.16% of 2501784 block reads hit VRAM, 185.5 MiB read from RAM
strata serve: prompt 34112 tokens = 34111 reused + 1 read in 3 ms (356.8 tok/s), 1 generated in 37 ms (27.4 tok/s), drafts accepted 0 of 0, 3 checkpoints
strata serve: decode expert cache hit rate: 50.2% (215 hits / 428 lookups)
strata serve: KV streaming: 98.16% of 2507940 block reads hit VRAM, 185.8 MiB read from RAM
strata serve: prompt 34113 tokens = 34112 reused + 1 read in 3 ms (359.8 tok/s), 1 generated in 37 ms (27.0 tok/s), drafts accepted 0 of 0, 3 checkpoints
strata serve: decode expert cache hit rate: 51.0% (221 hits / 433 lookups)
strata serve: KV streaming: 98.16% of 2514108 block reads hit VRAM, 185.9 MiB read from RAM
strata serve: prompt 34114 tokens = 34113 reused + 1 read in 3 ms (347.7 tok/s), 1 generated in 39 ms (25.5 tok/s), drafts accepted 0 of 0, 3 checkpoints
strata serve: decode expert cache hit rate: 37.0% (154 hits / 416 lookups)
strata serve: KV streaming: 98.17% of 2520276 block reads hit VRAM, 186.0 MiB read from RAM
strata serve: prompt 34115 tokens = 34114 reused + 1 read in 3 ms (359.5 tok/s), 1 generated in 37 ms (26.7 tok/s), drafts accepted 0 of 0, 3 checkpoints
strata serve: decode expert cache hit rate: 50.3% (218 hits / 433 lookups)
strata serve: KV streaming: 98.17% of 2526432 block reads hit VRAM, 186.2 MiB read from RAM
strata serve: prompt 34116 tokens = 34115 reused + 1 read in 3 ms (359.2 tok/s), 1 generated in 38 ms (26.2 tok/s), drafts accepted 0 of 0, 3 checkpoints
strata serve: decode expert cache hit rate: 47.0% (201 hits / 428 lookups)
strata serve: KV streaming: 98.17% of 2532588 block reads hit VRAM, 186.4 MiB read from RAM
strata serve: prompt 34117 tokens = 34116 reused + 1 read in 3 ms (359.6 tok/s), 1 generated in 37 ms (27.1 tok/s), drafts accepted 0 of 0, 3 checkpoints
strata serve: decode expert cache hit rate: 48.3% (207 hits / 429 lookups)
strata serve: KV streaming: 98.18% of 2538756 block reads hit VRAM, 186.6 MiB read from RAM
strata serve: prompt 34118 tokens = 34117 reused + 1 read in 3 ms (356.4 tok/s), 1 generated in 37 ms (27.0 tok/s), drafts accepted 0 of 0, 3 checkpoints
strata serve: decode expert cache hit rate: 46.5% (199 hits / 428 lookups)
strata serve: KV streaming: 98.18% of 2544924 block reads hit VRAM, 187.1 MiB read from RAM
strata serve: prompt 34119 tokens = 34118 reused + 1 read in 3 ms (359.8 tok/s), 1 generated in 39 ms (25.9 tok/s), drafts accepted 0 of 0, 3 checkpoints
strata serve: decode expert cache hit rate: 41.5% (175 hits / 422 lookups)
strata serve: KV streaming: 98.18% of 2551080 block reads hit VRAM, 187.2 MiB read from RAM
strata serve: prompt 34120 tokens = 34119 reused + 1 read in 3 ms (360.0 tok/s), 1 generated in 37 ms (26.9 tok/s), drafts accepted 0 of 0, 3 checkpoints
strata serve: decode expert cache hit rate: 45.3% (193 hits / 426 lookups)
strata serve: KV streaming: 98.18% of 2557236 block reads hit VRAM, 187.2 MiB read from RAM
strata serve: prompt 34121 tokens = 34120 reused + 1 read in 3 ms (359.8 tok/s), 1 generated in 34 ms (29.2 tok/s), drafts accepted 0 of 0, 3 checkpoints
strata serve: decode expert cache hit rate: 52.6% (230 hits / 437 lookups)
strata serve: KV streaming: 98.19% of 2563404 block reads hit VRAM, 187.4 MiB read from RAM
strata serve: prompt 34122 tokens = 34121 reused + 1 read in 3 ms (360.4 tok/s), 1 generated in 39 ms (25.7 tok/s), drafts accepted 0 of 0, 3 checkpoints
strata serve: decode expert cache hit rate: 40.9% (172 hits / 421 lookups)
strata serve: KV streaming: 98.19% of 2569572 block reads hit VRAM, 187.5 MiB read from RAM
strata serve: prompt 34123 tokens = 34122 reused + 1 read in 3 ms (359.8 tok/s), 1 generated in 36 ms (27.5 tok/s), drafts accepted 0 of 0, 3 checkpoints
strata serve: decode expert cache hit rate: 46.0% (198 hits / 430 lookups)
strata serve: KV streaming: 98.19% of 2575728 block reads hit VRAM, 187.6 MiB read from RAM
strata serve: prompt 34124 tokens = 34123 reused + 1 read in 3 ms (361.0 tok/s), 1 generated in 41 ms (24.4 tok/s), drafts accepted 0 of 0, 3 checkpoints
strata serve: decode expert cache hit rate: 30.3% (123 hits / 406 lookups)
strata serve: KV streaming: 98.20% of 2581884 block reads hit VRAM, 187.7 MiB read from RAM
strata serve: prompt 34125 tokens = 34124 reused + 1 read in 3 ms (360.6 tok/s), 1 generated in 38 ms (26.6 tok/s), drafts accepted 0 of 0, 3 checkpoints
strata serve: decode expert cache hit rate: 43.8% (187 hits / 427 lookups)
strata serve: KV streaming: 98.19% of 2588052 block reads hit VRAM, 188.5 MiB read from RAM
strata serve: prompt 34126 tokens = 34125 reused + 1 read in 3 ms (359.4 tok/s), 1 generated in 40 ms (25.1 tok/s), drafts accepted 0 of 0, 3 checkpoints
strata serve: decode expert cache hit rate: 32.8% (135 hits / 411 lookups)
strata serve: KV streaming: 98.19% of 2594220 block reads hit VRAM, 188.7 MiB read from RAM
strata serve: prompt 34127 tokens = 34126 reused + 1 read in 3 ms (357.0 tok/s), 1 generated in 41 ms (24.3 tok/s), drafts accepted 0 of 0, 3 checkpoints
strata serve: decode expert cache hit rate: 37.0% (154 hits / 416 lookups)
strata serve: KV streaming: 98.20% of 2600376 block reads hit VRAM, 188.8 MiB read from RAM
strata serve: prompt 34128 tokens = 34127 reused + 1 read in 3 ms (359.1 tok/s), 1 generated in 37 ms (27.2 tok/s), drafts accepted 0 of 0, 3 checkpoints
strata serve: decode expert cache hit rate: 43.4% (185 hits / 426 lookups)
strata serve: KV streaming: 98.20% of 2606532 block reads hit VRAM, 188.9 MiB read from RAM
strata serve: prompt 34129 tokens = 34128 reused + 1 read in 3 ms (360.4 tok/s), 1 generated in 37 ms (26.8 tok/s), drafts accepted 0 of 0, 3 checkpoints
strata serve: decode expert cache hit rate: 40.2% (168 hits / 418 lookups)
strata serve: KV streaming: 98.20% of 2612700 block reads hit VRAM, 189.1 MiB read from RAM
strata serve: prompt 34130 tokens = 34129 reused + 1 read in 3 ms (360.1 tok/s), 1 generated in 40 ms (25.2 tok/s), drafts accepted 0 of 0, 3 checkpoints
strata serve: decode expert cache hit rate: 32.4% (133 hits / 411 lookups)
strata serve: KV streaming: 98.21% of 2618868 block reads hit VRAM, 189.3 MiB read from RAM
strata serve: prompt 34131 tokens = 34130 reused + 1 read in 3 ms (359.5 tok/s), 1 generated in 40 ms (25.1 tok/s), drafts accepted 0 of 0, 3 checkpoints
strata serve: decode expert cache hit rate: 39.5% (165 hits / 418 lookups)
strata serve: KV streaming: 98.21% of 2625024 block reads hit VRAM, 189.3 MiB read from RAM
strata serve: prompt 34132 tokens = 34131 reused + 1 read in 3 ms (360.9 tok/s), 1 generated in 36 ms (27.8 tok/s), drafts accepted 0 of 0, 3 checkpoints
strata serve: decode expert cache hit rate: 47.9% (206 hits / 430 lookups)
strata serve: KV streaming: 98.21% of 2631180 block reads hit VRAM, 189.6 MiB read from RAM
strata serve: prompt 34133 tokens = 34132 reused + 1 read in 3 ms (360.1 tok/s), 1 generated in 35 ms (28.2 tok/s), drafts accepted 0 of 0, 3 checkpoints
strata serve: decode expert cache hit rate: 52.2% (228 hits / 437 lookups)
strata serve: KV streaming: 98.21% of 2637348 block reads hit VRAM, 189.7 MiB read from RAM
strata serve: prompt 34134 tokens = 34133 reused + 1 read in 3 ms (359.8 tok/s), 1 generated in 36 ms (27.9 tok/s), drafts accepted 0 of 0, 3 checkpoints
strata serve: decode expert cache hit rate: 46.5% (199 hits / 428 lookups)
strata serve: KV streaming: 98.22% of 2643516 block reads hit VRAM, 189.8 MiB read from RAM
strata serve: prompt 34135 tokens = 34134 reused + 1 read in 3 ms (360.2 tok/s), 1 generated in 43 ms (23.1 tok/s), drafts accepted 0 of 0, 3 checkpoints
strata serve: decode expert cache hit rate: 22.8% (91 hits / 399 lookups)
strata serve: KV streaming: 98.22% of 2649672 block reads hit VRAM, 189.8 MiB read from RAM
strata serve: prompt 34136 tokens = 34135 reused + 1 read in 3 ms (360.2 tok/s), 1 generated in 39 ms (25.4 tok/s), drafts accepted 0 of 0, 3 checkpoints
strata serve: decode expert cache hit rate: 34.8% (143 hits / 411 lookups)
strata serve: KV streaming: 98.22% of 2655828 block reads hit VRAM, 189.9 MiB read from RAM
strata serve: prompt 34137 tokens = 34136 reused + 1 read in 3 ms (360.4 tok/s), 1 generated in 36 ms (27.6 tok/s), drafts accepted 0 of 0, 3 checkpoints
strata serve: decode expert cache hit rate: 46.8% (200 hits / 427 lookups)
strata serve: KV streaming: 98.23% of 2661996 block reads hit VRAM, 190.0 MiB read from RAM
strata serve: prompt 34138 tokens = 34137 reused + 1 read in 3 ms (359.8 tok/s), 1 generated in 37 ms (26.7 tok/s), drafts accepted 0 of 0, 3 checkpoints
strata serve: decode expert cache hit rate: 40.8% (173 hits / 424 lookups)
strata serve: KV streaming: 98.23% of 2668164 block reads hit VRAM, 190.1 MiB read from RAM
strata serve: prompt 34139 tokens = 34138 reused + 1 read in 3 ms (361.1 tok/s), 1 generated in 36 ms (27.6 tok/s), drafts accepted 0 of 0, 3 checkpoints
strata serve: decode expert cache hit rate: 44.9% (191 hits / 425 lookups)
strata serve: KV streaming: 98.23% of 2674320 block reads hit VRAM, 190.2 MiB read from RAM
strata serve: prompt 34140 tokens = 34139 reused + 1 read in 3 ms (359.9 tok/s), 1 generated in 38 ms (26.5 tok/s), drafts accepted 0 of 0, 3 checkpoints
strata serve: decode expert cache hit rate: 39.1% (163 hits / 417 lookups)
strata serve: KV streaming: 98.24% of 2680476 block reads hit VRAM, 190.3 MiB read from RAM
strata serve: prompt 34141 tokens = 34140 reused + 1 read in 3 ms (359.3 tok/s), 1 generated in 37 ms (26.7 tok/s), drafts accepted 0 of 0, 3 checkpoints
strata serve: decode expert cache hit rate: 45.8% (195 hits / 426 lookups)
strata serve: KV streaming: 98.24% of 2686644 block reads hit VRAM, 190.5 MiB read from RAM
strata serve: prompt 34142 tokens = 34141 reused + 1 read in 3 ms (353.7 tok/s), 1 generated in 38 ms (26.4 tok/s), drafts accepted 0 of 0, 3 checkpoints
strata serve: decode expert cache hit rate: 44.3% (189 hits / 427 lookups)
strata serve: KV streaming: 98.24% of 2692812 block reads hit VRAM, 190.6 MiB read from RAM
strata serve: prompt 34143 tokens = 34142 reused + 1 read in 3 ms (360.3 tok/s), 1 generated in 39 ms (25.5 tok/s), drafts accepted 0 of 0, 3 checkpoints
strata serve: decode expert cache hit rate: 37.9% (159 hits / 419 lookups)
strata serve: KV streaming: 98.25% of 2698968 block reads hit VRAM, 190.7 MiB read from RAM
strata serve: prompt 34144 tokens = 34143 reused + 1 read in 3 ms (359.8 tok/s), 1 generated in 40 ms (24.9 tok/s), drafts accepted 0 of 0, 3 checkpoints
strata serve: decode expert cache hit rate: 34.3% (142 hits / 414 lookups)
strata serve: KV streaming: 98.25% of 2705124 block reads hit VRAM, 190.8 MiB read from RAM
strata serve: prompt 34145 tokens = 34144 reused + 1 read in 3 ms (358.2 tok/s), 1 generated in 38 ms (26.4 tok/s), drafts accepted 0 of 0, 3 checkpoints
strata serve: decode expert cache hit rate: 42.3% (178 hits / 421 lookups)
strata serve: KV streaming: 98.25% of 2711292 block reads hit VRAM, 191.0 MiB read from RAM
strata serve: prompt 34146 tokens = 34145 reused + 1 read in 3 ms (360.6 tok/s), 1 generated in 36 ms (27.4 tok/s), drafts accepted 0 of 0, 3 checkpoints
strata serve: decode expert cache hit rate: 48.4% (208 hits / 430 lookups)
strata serve: KV streaming: 98.25% of 2717460 block reads hit VRAM, 191.4 MiB read from RAM
strata serve: prompt 34147 tokens = 34146 reused + 1 read in 3 ms (349.8 tok/s), 1 generated in 41 ms (24.3 tok/s), drafts accepted 0 of 0, 3 checkpoints
strata serve: decode expert cache hit rate: 42.3% (181 hits / 428 lookups)
strata serve: KV streaming: 98.25% of 2723616 block reads hit VRAM, 191.7 MiB read from RAM
strata serve: prompt 34148 tokens = 34147 reused + 1 read in 3 ms (351.6 tok/s), 1 generated in 39 ms (25.8 tok/s), drafts accepted 0 of 0, 3 checkpoints
strata serve: decode expert cache hit rate: 45.2% (192 hits / 425 lookups)
strata serve: KV streaming: 98.26% of 2729772 block reads hit VRAM, 191.8 MiB read from RAM
strata serve: prompt 34149 tokens = 34148 reused + 1 read in 3 ms (359.8 tok/s), 1 generated in 34 ms (29.1 tok/s), drafts accepted 0 of 0, 3 checkpoints
strata serve: decode expert cache hit rate: 60.1% (267 hits / 444 lookups)
strata serve: KV streaming: 98.26% of 2735940 block reads hit VRAM, 191.9 MiB read from RAM
strata serve: prompt 34150 tokens = 34149 reused + 1 read in 3 ms (360.1 tok/s), 1 generated in 34 ms (29.3 tok/s), drafts accepted 0 of 0, 3 checkpoints
strata serve: decode expert cache hit rate: 64.9% (292 hits / 450 lookups)
strata serve: KV streaming: 98.26% of 2742108 block reads hit VRAM, 191.9 MiB read from RAM
strata serve: prompt 34151 tokens = 34150 reused + 1 read in 3 ms (358.6 tok/s), 1 generated in 31 ms (32.1 tok/s), drafts accepted 0 of 0, 3 checkpoints
strata serve: decode expert cache hit rate: 70.2% (322 hits / 459 lookups)
strata serve: KV streaming: 98.27% of 2748264 block reads hit VRAM, 192.0 MiB read from RAM
strata serve: prompt 34152 tokens = 34151 reused + 1 read in 3 ms (359.5 tok/s), 1 generated in 34 ms (29.1 tok/s), drafts accepted 0 of 0, 3 checkpoints
strata serve: decode expert cache hit rate: 60.4% (265 hits / 439 lookups)
strata serve: KV streaming: 98.27% of 2754420 block reads hit VRAM, 192.1 MiB read from RAM
strata serve: prompt 34153 tokens = 34152 reused + 1 read in 3 ms (358.6 tok/s), 1 generated in 36 ms (27.4 tok/s), drafts accepted 0 of 0, 3 checkpoints
strata serve: decode expert cache hit rate: 53.4% (234 hits / 438 lookups)
strata serve: KV streaming: 98.27% of 2760588 block reads hit VRAM, 192.2 MiB read from RAM
strata serve: prompt 34154 tokens = 34153 reused + 1 read in 3 ms (359.7 tok/s), 1 generated in 35 ms (28.2 tok/s), drafts accepted 0 of 0, 3 checkpoints
strata serve: decode expert cache hit rate: 56.6% (249 hits / 440 lookups)
strata serve: KV streaming: 98.27% of 2766756 block reads hit VRAM, 192.4 MiB read from RAM
strata serve: prompt 34155 tokens = 34154 reused + 1 read in 3 ms (360.5 tok/s), 1 generated in 38 ms (26.5 tok/s), drafts accepted 0 of 0, 3 checkpoints
strata serve: decode expert cache hit rate: 49.0% (213 hits / 435 lookups)
strata serve: KV streaming: 98.28% of 2772912 block reads hit VRAM, 192.5 MiB read from RAM
strata serve: prompt 34156 tokens = 34155 reused + 1 read in 3 ms (359.0 tok/s), 1 generated in 33 ms (30.4 tok/s), drafts accepted 0 of 0, 3 checkpoints
strata serve: decode expert cache hit rate: 66.0% (297 hits / 450 lookups)
strata serve: KV streaming: 98.28% of 2779068 block reads hit VRAM, 192.7 MiB read from RAM
strata serve: prompt 34157 tokens = 34156 reused + 1 read in 3 ms (355.7 tok/s), 1 generated in 33 ms (29.9 tok/s), drafts accepted 0 of 0, 3 checkpoints
strata serve: decode expert cache hit rate: 64.8% (291 hits / 449 lookups)
strata serve: KV streaming: 98.28% of 2785236 block reads hit VRAM, 192.9 MiB read from RAM
strata serve: prompt 34158 tokens = 34157 reused + 1 read in 3 ms (359.5 tok/s), 1 generated in 36 ms (27.9 tok/s), drafts accepted 0 of 0, 3 checkpoints
strata serve: decode expert cache hit rate: 53.1% (231 hits / 435 lookups)
strata serve: KV streaming: 98.28% of 2791404 block reads hit VRAM, 192.9 MiB read from RAM
strata serve: prompt 34159 tokens = 34158 reused + 1 read in 3 ms (360.0 tok/s), 1 generated in 37 ms (26.7 tok/s), drafts accepted 0 of 0, 3 checkpoints
strata serve: decode expert cache hit rate: 47.1% (201 hits / 427 lookups)
strata serve: KV streaming: 98.29% of 2797560 block reads hit VRAM, 193.0 MiB read from RAM
strata serve: prompt 34160 tokens = 34159 reused + 1 read in 3 ms (358.3 tok/s), 1 generated in 38 ms (26.6 tok/s), drafts accepted 0 of 0, 3 checkpoints
strata serve: decode expert cache hit rate: 46.7% (201 hits / 430 lookups)
strata serve: KV streaming: 98.29% of 2803716 block reads hit VRAM, 193.1 MiB read from RAM
strata serve: prompt 34161 tokens = 34160 reused + 1 read in 3 ms (360.1 tok/s), 1 generated in 38 ms (26.6 tok/s), drafts accepted 0 of 0, 3 checkpoints
strata serve: decode expert cache hit rate: 52.8% (229 hits / 434 lookups)
strata serve: KV streaming: 98.29% of 2809884 block reads hit VRAM, 193.2 MiB read from RAM
strata serve: prompt 34162 tokens = 34161 reused + 1 read in 3 ms (357.5 tok/s), 1 generated in 35 ms (28.5 tok/s), drafts accepted 0 of 0, 3 checkpoints
strata serve: decode expert cache hit rate: 59.7% (265 hits / 444 lookups)
strata serve: KV streaming: 98.30% of 2816052 block reads hit VRAM, 193.3 MiB read from RAM
strata serve: prompt 34163 tokens = 34162 reused + 1 read in 3 ms (357.7 tok/s), 1 generated in 34 ms (29.0 tok/s), drafts accepted 0 of 0, 3 checkpoints
strata serve: decode expert cache hit rate: 60.0% (267 hits / 445 lookups)
strata serve: KV streaming: 98.30% of 2822208 block reads hit VRAM, 193.4 MiB read from RAM
strata serve: prompt 34164 tokens = 34163 reused + 1 read in 3 ms (358.5 tok/s), 1 generated in 35 ms (28.5 tok/s), drafts accepted 0 of 0, 3 checkpoints
strata serve: decode expert cache hit rate: 53.4% (236 hits / 442 lookups)
strata serve: KV streaming: 98.30% of 2828364 block reads hit VRAM, 193.5 MiB read from RAM
strata serve: prompt 34165 tokens = 34164 reused + 1 read in 3 ms (357.2 tok/s), 1 generated in 38 ms (26.0 tok/s), drafts accepted 0 of 0, 3 checkpoints
strata serve: decode expert cache hit rate: 46.5% (200 hits / 430 lookups)
strata serve: KV streaming: 98.30% of 2834532 block reads hit VRAM, 193.6 MiB read from RAM
strata serve: prompt 34166 tokens = 34165 reused + 1 read in 3 ms (358.2 tok/s), 1 generated in 36 ms (27.5 tok/s), drafts accepted 0 of 0, 3 checkpoints
strata serve: decode expert cache hit rate: 53.7% (233 hits / 434 lookups)
strata serve: KV streaming: 98.31% of 2840700 block reads hit VRAM, 193.7 MiB read from RAM
strata serve: prompt 34167 tokens = 34166 reused + 1 read in 3 ms (358.8 tok/s), 1 generated in 39 ms (25.9 tok/s), drafts accepted 0 of 0, 3 checkpoints
strata serve: decode expert cache hit rate: 47.1% (202 hits / 429 lookups)
strata serve: KV streaming: 98.31% of 2846856 block reads hit VRAM, 193.8 MiB read from RAM
strata serve: prompt 34168 tokens = 34167 reused + 1 read in 3 ms (360.0 tok/s), 1 generated in 37 ms (26.8 tok/s), drafts accepted 0 of 0, 3 checkpoints
strata serve: decode expert cache hit rate: 47.7% (203 hits / 426 lookups)
strata serve: KV streaming: 98.31% of 2853012 block reads hit VRAM, 194.2 MiB read from RAM
strata serve: prompt 34169 tokens = 34168 reused + 1 read in 3 ms (358.5 tok/s), 1 generated in 39 ms (25.9 tok/s), drafts accepted 0 of 0, 3 checkpoints
strata serve: decode expert cache hit rate: 38.6% (163 hits / 422 lookups)
strata serve: KV streaming: 98.31% of 2859180 block reads hit VRAM, 194.3 MiB read from RAM
strata serve: prompt 34170 tokens = 34169 reused + 1 read in 3 ms (332.3 tok/s), 1 generated in 39 ms (25.6 tok/s), drafts accepted 0 of 0, 3 checkpoints
strata serve: decode expert cache hit rate: 42.1% (178 hits / 423 lookups)
strata serve: KV streaming: 98.32% of 2865348 block reads hit VRAM, 194.5 MiB read from RAM
strata serve: prompt 34171 tokens = 34170 reused + 1 read in 3 ms (360.2 tok/s), 1 generated in 37 ms (27.3 tok/s), drafts accepted 0 of 0, 3 checkpoints
strata serve: decode expert cache hit rate: 51.4% (223 hits / 434 lookups)
strata serve: KV streaming: 98.32% of 2871504 block reads hit VRAM, 194.6 MiB read from RAM
strata serve: prompt 34172 tokens = 34171 reused + 1 read in 3 ms (359.1 tok/s), 1 generated in 39 ms (26.0 tok/s), drafts accepted 0 of 0, 3 checkpoints
strata serve: decode expert cache hit rate: 43.3% (183 hits / 423 lookups)
strata serve: KV streaming: 98.32% of 2877660 block reads hit VRAM, 194.7 MiB read from RAM
strata serve: prompt 34173 tokens = 34172 reused + 1 read in 3 ms (360.1 tok/s), 1 generated in 36 ms (27.8 tok/s), drafts accepted 0 of 0, 3 checkpoints
strata serve: decode expert cache hit rate: 53.7% (235 hits / 438 lookups)
strata serve: KV streaming: 98.32% of 2883828 block reads hit VRAM, 194.8 MiB read from RAM
strata serve: prompt 34174 tokens = 34173 reused + 1 read in 3 ms (360.6 tok/s), 1 generated in 35 ms (28.5 tok/s), drafts accepted 0 of 0, 3 checkpoints
strata serve: decode expert cache hit rate: 53.1% (233 hits / 439 lookups)
strata serve: KV streaming: 98.32% of 2889996 block reads hit VRAM, 195.0 MiB read from RAM
strata serve: prompt 34175 tokens = 34174 reused + 1 read in 3 ms (359.9 tok/s), 1 generated in 37 ms (27.2 tok/s), drafts accepted 0 of 0, 3 checkpoints
strata serve: decode expert cache hit rate: 46.1% (197 hits / 427 lookups)
strata serve: KV streaming: 98.33% of 2896152 block reads hit VRAM, 195.2 MiB read from RAM
strata serve: prompt 34176 tokens = 34175 reused + 1 read in 3 ms (359.8 tok/s), 1 generated in 36 ms (28.0 tok/s), drafts accepted 0 of 0, 3 checkpoints
strata serve: decode expert cache hit rate: 56.0% (247 hits / 441 lookups)
strata serve: KV streaming: 98.33% of 2902308 block reads hit VRAM, 195.3 MiB read from RAM
strata serve: prompt 34177 tokens = 34176 reused + 1 read in 3 ms (360.9 tok/s), 1 generated in 35 ms (28.4 tok/s), drafts accepted 0 of 0, 3 checkpoints
strata serve: decode expert cache hit rate: 53.0% (231 hits / 436 lookups)
strata serve: KV streaming: 98.33% of 2908476 block reads hit VRAM, 195.4 MiB read from RAM
strata serve: prompt 34178 tokens = 34177 reused + 1 read in 3 ms (356.3 tok/s), 1 generated in 36 ms (28.0 tok/s), drafts accepted 0 of 0, 3 checkpoints
strata serve: decode expert cache hit rate: 48.7% (209 hits / 429 lookups)
strata serve: KV streaming: 98.34% of 2914644 block reads hit VRAM, 195.5 MiB read from RAM
strata serve: prompt 34179 tokens = 34178 reused + 1 read in 3 ms (352.3 tok/s), 1 generated in 37 ms (26.7 tok/s), drafts accepted 0 of 0, 3 checkpoints
strata serve: decode expert cache hit rate: 50.5% (220 hits / 436 lookups)
strata serve: KV streaming: 98.34% of 2920800 block reads hit VRAM, 195.6 MiB read from RAM
strata serve: prompt 34180 tokens = 34179 reused + 1 read in 3 ms (360.4 tok/s), 1 generated in 38 ms (26.6 tok/s), drafts accepted 0 of 0, 3 checkpoints
strata serve: decode expert cache hit rate: 44.2% (187 hits / 423 lookups)
strata serve: KV streaming: 98.34% of 2926956 block reads hit VRAM, 195.7 MiB read from RAM
strata serve: prompt 34181 tokens = 34180 reused + 1 read in 3 ms (360.1 tok/s), 1 generated in 36 ms (27.4 tok/s), drafts accepted 0 of 0, 3 checkpoints
strata serve: decode expert cache hit rate: 51.3% (222 hits / 433 lookups)
strata serve: KV streaming: 98.34% of 2933124 block reads hit VRAM, 195.9 MiB read from RAM
strata serve: prompt 34182 tokens = 34181 reused + 1 read in 3 ms (354.3 tok/s), 1 generated in 36 ms (27.4 tok/s), drafts accepted 0 of 0, 3 checkpoints
strata serve: decode expert cache hit rate: 52.3% (228 hits / 436 lookups)
strata serve: KV streaming: 98.34% of 2939292 block reads hit VRAM, 196.0 MiB read from RAM
strata serve: prompt 34183 tokens = 34182 reused + 1 read in 3 ms (358.3 tok/s), 1 generated in 34 ms (29.0 tok/s), drafts accepted 0 of 0, 3 checkpoints
strata serve: decode expert cache hit rate: 57.9% (257 hits / 444 lookups)
strata serve: KV streaming: 98.35% of 2945448 block reads hit VRAM, 196.1 MiB read from RAM
strata serve: prompt 34184 tokens = 34183 reused + 1 read in 3 ms (360.4 tok/s), 1 generated in 35 ms (28.7 tok/s), drafts accepted 0 of 0, 3 checkpoints
strata serve: decode expert cache hit rate: 59.2% (261 hits / 441 lookups)
strata serve: KV streaming: 98.35% of 2951604 block reads hit VRAM, 196.2 MiB read from RAM
strata serve: prompt 34185 tokens = 34184 reused + 1 read in 3 ms (357.3 tok/s), 1 generated in 40 ms (24.9 tok/s), drafts accepted 0 of 0, 3 checkpoints
strata serve: decode expert cache hit rate: 55.7% (245 hits / 440 lookups)
strata serve: KV streaming: 98.35% of 2957772 block reads hit VRAM, 196.4 MiB read from RAM
strata serve: prompt 34186 tokens = 34185 reused + 1 read in 3 ms (360.2 tok/s), 1 generated in 38 ms (26.3 tok/s), drafts accepted 0 of 0, 3 checkpoints
strata serve: decode expert cache hit rate: 51.5% (223 hits / 433 lookups)
strata serve: KV streaming: 98.35% of 2963940 block reads hit VRAM, 196.6 MiB read from RAM
strata serve: prompt 34187 tokens = 34186 reused + 1 read in 3 ms (357.4 tok/s), 1 generated in 37 ms (27.1 tok/s), drafts accepted 0 of 0, 3 checkpoints
strata serve: decode expert cache hit rate: 56.8% (251 hits / 442 lookups)
strata serve: KV streaming: 98.36% of 2970096 block reads hit VRAM, 196.7 MiB read from RAM
strata serve: prompt 34188 tokens = 34187 reused + 1 read in 3 ms (357.4 tok/s), 1 generated in 36 ms (28.2 tok/s), drafts accepted 0 of 0, 3 checkpoints
strata serve: decode expert cache hit rate: 61.7% (275 hits / 446 lookups)
strata serve: KV streaming: 98.36% of 2976252 block reads hit VRAM, 196.8 MiB read from RAM
strata serve: prompt 34189 tokens = 34188 reused + 1 read in 3 ms (356.7 tok/s), 1 generated in 38 ms (26.3 tok/s), drafts accepted 0 of 0, 3 checkpoints
strata serve: decode expert cache hit rate: 58.8% (260 hits / 442 lookups)
strata serve: KV streaming: 98.36% of 2982420 block reads hit VRAM, 196.9 MiB read from RAM
strata serve: prompt 34190 tokens = 34189 reused + 1 read in 3 ms (356.1 tok/s), 1 generated in 36 ms (28.0 tok/s), drafts accepted 0 of 0, 3 checkpoints
strata serve: decode expert cache hit rate: 61.4% (275 hits / 448 lookups)
strata serve: KV streaming: 98.36% of 2988588 block reads hit VRAM, 197.0 MiB read from RAM
strata serve: prompt 34191 tokens = 34190 reused + 1 read in 3 ms (357.2 tok/s), 1 generated in 37 ms (27.1 tok/s), drafts accepted 0 of 0, 3 checkpoints
strata serve: decode expert cache hit rate: 57.8% (258 hits / 446 lookups)
strata serve: KV streaming: 98.37% of 2994744 block reads hit VRAM, 197.0 MiB read from RAM
strata serve: prompt 34192 tokens = 34191 reused + 1 read in 3 ms (356.4 tok/s), 1 generated in 40 ms (25.2 tok/s), drafts accepted 0 of 0, 3 checkpoints
strata serve: decode expert cache hit rate: 53.8% (236 hits / 439 lookups)
strata serve: KV streaming: 98.37% of 3000900 block reads hit VRAM, 197.2 MiB read from RAM
strata serve: prompt 34193 tokens = 34192 reused + 1 read in 3 ms (343.2 tok/s), 1 generated in 40 ms (24.8 tok/s), drafts accepted 0 of 0, 3 checkpoints
strata serve: decode expert cache hit rate: 48.6% (208 hits / 428 lookups)
strata serve: KV streaming: 98.37% of 3007068 block reads hit VRAM, 197.3 MiB read from RAM
strata serve: prompt 34194 tokens = 34193 reused + 1 read in 3 ms (356.8 tok/s), 1 generated in 43 ms (23.5 tok/s), drafts accepted 0 of 0, 3 checkpoints
strata serve: decode expert cache hit rate: 43.3% (183 hits / 423 lookups)
strata serve: KV streaming: 98.37% of 3013236 block reads hit VRAM, 197.5 MiB read from RAM
strata serve: prompt 34195 tokens = 34194 reused + 1 read in 3 ms (356.4 tok/s), 1 generated in 40 ms (25.1 tok/s), drafts accepted 0 of 0, 3 checkpoints
strata serve: decode expert cache hit rate: 40.8% (170 hits / 417 lookups)
strata serve: KV streaming: 98.37% of 3019392 block reads hit VRAM, 197.8 MiB read from RAM
strata serve: prompt 34196 tokens = 34195 reused + 1 read in 3 ms (352.5 tok/s), 1 generated in 39 ms (26.0 tok/s), drafts accepted 0 of 0, 3 checkpoints
strata serve: decode expert cache hit rate: 49.1% (210 hits / 428 lookups)
strata serve: KV streaming: 98.38% of 3025548 block reads hit VRAM, 198.0 MiB read from RAM
strata serve: prompt 34197 tokens = 34196 reused + 1 read in 3 ms (354.9 tok/s), 1 generated in 42 ms (24.1 tok/s), drafts accepted 0 of 0, 3 checkpoints
strata serve: decode expert cache hit rate: 42.6% (180 hits / 423 lookups)
strata serve: KV streaming: 98.38% of 3031716 block reads hit VRAM, 198.2 MiB read from RAM
strata serve: prompt 34198 tokens = 34197 reused + 1 read in 3 ms (350.4 tok/s), 1 generated in 38 ms (26.3 tok/s), drafts accepted 0 of 0, 3 checkpoints
strata serve: decode expert cache hit rate: 51.0% (221 hits / 433 lookups)
strata serve: KV streaming: 98.38% of 3037884 block reads hit VRAM, 198.2 MiB read from RAM
strata serve: prompt 34199 tokens = 34198 reused + 1 read in 3 ms (358.3 tok/s), 1 generated in 39 ms (25.7 tok/s), drafts accepted 0 of 0, 3 checkpoints
strata serve: decode expert cache hit rate: 50.6% (220 hits / 435 lookups)
strata serve: KV streaming: 98.38% of 3044040 block reads hit VRAM, 198.5 MiB read from RAM
strata serve: prompt 34200 tokens = 34199 reused + 1 read in 3 ms (359.4 tok/s), 1 generated in 40 ms (24.9 tok/s), drafts accepted 0 of 0, 3 checkpoints
strata serve: decode expert cache hit rate: 47.1% (201 hits / 427 lookups)
strata serve: KV streaming: 98.38% of 3050196 block reads hit VRAM, 198.8 MiB read from RAM
strata serve: prompt 34201 tokens = 34200 reused + 1 read in 3 ms (358.7 tok/s), 1 generated in 40 ms (24.8 tok/s), drafts accepted 0 of 0, 3 checkpoints
strata serve: decode expert cache hit rate: 41.8% (177 hits / 423 lookups)
strata serve: KV streaming: 98.39% of 3056364 block reads hit VRAM, 198.8 MiB read from RAM
strata serve: prompt 34202 tokens = 34201 reused + 1 read in 3 ms (355.2 tok/s), 1 generated in 39 ms (25.6 tok/s), drafts accepted 0 of 0, 3 checkpoints
strata serve: decode expert cache hit rate: 52.9% (230 hits / 435 lookups)
strata serve: KV streaming: 98.39% of 3062532 block reads hit VRAM, 198.9 MiB read from RAM
strata serve: prompt 34203 tokens = 34202 reused + 1 read in 3 ms (360.1 tok/s), 1 generated in 37 ms (27.2 tok/s), drafts accepted 0 of 0, 3 checkpoints
strata serve: decode expert cache hit rate: 52.3% (227 hits / 434 lookups)
strata serve: KV streaming: 98.39% of 3068688 block reads hit VRAM, 199.0 MiB read from RAM
strata serve: prompt 34204 tokens = 34203 reused + 1 read in 3 ms (358.4 tok/s), 1 generated in 35 ms (28.7 tok/s), drafts accepted 0 of 0, 3 checkpoints
strata serve: decode expert cache hit rate: 57.4% (253 hits / 441 lookups)
strata serve: KV streaming: 98.39% of 3074844 block reads hit VRAM, 199.0 MiB read from RAM
strata serve: prompt 34205 tokens = 34204 reused + 1 read in 3 ms (355.5 tok/s), 1 generated in 36 ms (27.6 tok/s), drafts accepted 0 of 0, 3 checkpoints
strata serve: decode expert cache hit rate: 53.0% (230 hits / 434 lookups)
strata serve: KV streaming: 98.39% of 3081012 block reads hit VRAM, 199.2 MiB read from RAM
strata serve: prompt 34206 tokens = 34205 reused + 1 read in 3 ms (359.3 tok/s), 1 generated in 38 ms (26.2 tok/s), drafts accepted 0 of 0, 3 checkpoints
strata serve: decode expert cache hit rate: 48.7% (208 hits / 427 lookups)
strata serve: KV streaming: 98.40% of 3087180 block reads hit VRAM, 199.3 MiB read from RAM
strata serve: prompt 34207 tokens = 34206 reused + 1 read in 3 ms (359.2 tok/s), 1 generated in 38 ms (26.6 tok/s), drafts accepted 0 of 0, 3 checkpoints
strata serve: decode expert cache hit rate: 49.1% (212 hits / 432 lookups)
strata serve: KV streaming: 98.40% of 3093336 block reads hit VRAM, 199.4 MiB read from RAM
strata serve: prompt 34208 tokens = 34207 reused + 1 read in 3 ms (359.2 tok/s), 1 generated in 39 ms (25.7 tok/s), drafts accepted 0 of 0, 3 checkpoints
strata serve: decode expert cache hit rate: 47.9% (206 hits / 430 lookups)
strata serve: KV streaming: 98.40% of 3099492 block reads hit VRAM, 199.5 MiB read from RAM
strata serve: prompt 34209 tokens = 34208 reused + 1 read in 3 ms (360.2 tok/s), 1 generated in 39 ms (25.3 tok/s), drafts accepted 0 of 0, 3 checkpoints
strata serve: decode expert cache hit rate: 50.9% (221 hits / 434 lookups)
strata serve: KV streaming: 98.40% of 3105660 block reads hit VRAM, 199.7 MiB read from RAM
strata serve: prompt 34210 tokens = 34209 reused + 1 read in 3 ms (359.1 tok/s), 1 generated in 39 ms (25.6 tok/s), drafts accepted 0 of 0, 3 checkpoints
strata serve: decode expert cache hit rate: 45.3% (193 hits / 426 lookups)
strata serve: KV streaming: 98.41% of 3111828 block reads hit VRAM, 199.8 MiB read from RAM
strata serve: prompt 34211 tokens = 34210 reused + 1 read in 3 ms (359.1 tok/s), 1 generated in 38 ms (26.1 tok/s), drafts accepted 0 of 0, 3 checkpoints
strata serve: decode expert cache hit rate: 67.6% (305 hits / 451 lookups)
strata serve: KV streaming: 98.41% of 3117984 block reads hit VRAM, 199.9 MiB read from RAM
strata serve: prompt 34212 tokens = 34211 reused + 1 read in 3 ms (359.7 tok/s), 1 generated in 36 ms (27.8 tok/s), drafts accepted 0 of 0, 3 checkpoints
strata serve: decode expert cache hit rate: 53.5% (234 hits / 437 lookups)
strata serve: KV streaming: 98.41% of 3124140 block reads hit VRAM, 200.0 MiB read from RAM
strata serve: prompt 34213 tokens = 34212 reused + 1 read in 3 ms (360.3 tok/s), 1 generated in 38 ms (26.0 tok/s), drafts accepted 0 of 0, 3 checkpoints
strata serve: decode expert cache hit rate: 48.7% (212 hits / 435 lookups)
strata serve: KV streaming: 98.41% of 3130308 block reads hit VRAM, 200.0 MiB read from RAM
strata serve: prompt 34214 tokens = 34213 reused + 1 read in 3 ms (359.2 tok/s), 1 generated in 33 ms (30.1 tok/s), drafts accepted 0 of 0, 3 checkpoints
strata serve: decode expert cache hit rate: 63.1% (284 hits / 450 lookups)
strata serve: KV streaming: 98.42% of 3136476 block reads hit VRAM, 200.1 MiB read from RAM
strata serve: prompt 34215 tokens = 34214 reused + 1 read in 3 ms (359.4 tok/s), 1 generated in 36 ms (27.5 tok/s), drafts accepted 0 of 0, 3 checkpoints
strata serve: decode expert cache hit rate: 48.3% (208 hits / 431 lookups)
strata serve: KV streaming: 98.42% of 3142632 block reads hit VRAM, 200.3 MiB read from RAM
strata serve: prompt 34216 tokens = 34215 reused + 1 read in 3 ms (359.8 tok/s), 1 generated in 31 ms (31.9 tok/s), drafts accepted 0 of 0, 3 checkpoints
strata serve: decode expert cache hit rate: 70.5% (322 hits / 457 lookups)
strata serve: KV streaming: 98.42% of 3148788 block reads hit VRAM, 200.4 MiB read from RAM
strata serve: prompt 34217 tokens = 34216 reused + 1 read in 3 ms (359.9 tok/s), 1 generated in 32 ms (31.6 tok/s), drafts accepted 0 of 0, 3 checkpoints
strata serve: decode expert cache hit rate: 66.2% (299 hits / 452 lookups)
strata serve: KV streaming: 98.42% of 3154956 block reads hit VRAM, 200.5 MiB read from RAM
strata serve: prompt 34218 tokens = 34217 reused + 1 read in 3 ms (359.3 tok/s), 1 generated in 38 ms (26.3 tok/s), drafts accepted 0 of 0, 3 checkpoints
strata serve: decode expert cache hit rate: 48.6% (210 hits / 432 lookups)
strata serve: KV streaming: 98.43% of 3161124 block reads hit VRAM, 200.5 MiB read from RAM
strata serve: prompt 34219 tokens = 34218 reused + 1 read in 3 ms (356.8 tok/s), 1 generated in 35 ms (28.7 tok/s), drafts accepted 0 of 0, 3 checkpoints
strata serve: decode expert cache hit rate: 53.2% (232 hits / 436 lookups)
strata serve: KV streaming: 98.43% of 3167280 block reads hit VRAM, 200.5 MiB read from RAM
strata serve: prompt 34220 tokens = 34219 reused + 1 read in 3 ms (355.2 tok/s), 1 generated in 36 ms (28.0 tok/s), drafts accepted 0 of 0, 3 checkpoints
strata serve: decode expert cache hit rate: 51.7% (224 hits / 433 lookups)
strata serve: KV streaming: 98.43% of 3173436 block reads hit VRAM, 200.5 MiB read from RAM
strata serve: prompt 34221 tokens = 34220 reused + 1 read in 3 ms (360.8 tok/s), 1 generated in 35 ms (28.3 tok/s), drafts accepted 0 of 0, 3 checkpoints
strata serve: decode expert cache hit rate: 53.3% (233 hits / 437 lookups)
strata serve: KV streaming: 98.43% of 3179604 block reads hit VRAM, 200.9 MiB read from RAM
strata serve: prompt 34222 tokens = 34221 reused + 1 read in 3 ms (358.8 tok/s), 1 generated in 31 ms (31.8 tok/s), drafts accepted 0 of 0, 3 checkpoints
strata serve: decode expert cache hit rate: 66.7% (303 hits / 454 lookups)
strata serve: KV streaming: 98.43% of 3185772 block reads hit VRAM, 200.9 MiB read from RAM
strata serve: prompt 34223 tokens = 34222 reused + 1 read in 3 ms (360.4 tok/s), 1 generated in 36 ms (27.6 tok/s), drafts accepted 0 of 0, 3 checkpoints
strata serve: decode expert cache hit rate: 52.1% (226 hits / 434 lookups)
strata serve: KV streaming: 98.44% of 3191928 block reads hit VRAM, 200.9 MiB read from RAM
strata serve: prompt 34224 tokens = 34223 reused + 1 read in 3 ms (359.6 tok/s), 1 generated in 38 ms (26.5 tok/s), drafts accepted 0 of 0, 3 checkpoints
strata serve: decode expert cache hit rate: 46.2% (200 hits / 433 lookups)
strata serve: KV streaming: 98.44% of 3198084 block reads hit VRAM, 200.9 MiB read from RAM
strata serve: prompt 34225 tokens = 34224 reused + 1 read in 3 ms (360.1 tok/s), 1 generated in 39 ms (25.8 tok/s), drafts accepted 0 of 0, 3 checkpoints
strata serve: decode expert cache hit rate: 43.8% (186 hits / 425 lookups)
strata serve: KV streaming: 98.44% of 3204252 block reads hit VRAM, 201.1 MiB read from RAM
strata serve: prompt 34226 tokens = 34225 reused + 1 read in 3 ms (360.6 tok/s), 1 generated in 39 ms (25.4 tok/s), drafts accepted 0 of 0, 3 checkpoints
strata serve: decode expert cache hit rate: 41.0% (173 hits / 422 lookups)
strata serve: KV streaming: 98.44% of 3210420 block reads hit VRAM, 201.4 MiB read from RAM
strata serve: prompt 34227 tokens = 34226 reused + 1 read in 3 ms (360.1 tok/s), 1 generated in 38 ms (26.6 tok/s), drafts accepted 0 of 0, 3 checkpoints
strata serve: decode expert cache hit rate: 45.4% (194 hits / 427 lookups)
strata serve: KV streaming: 98.45% of 3216576 block reads hit VRAM, 201.4 MiB read from RAM
strata serve: prompt 34228 tokens = 34227 reused + 1 read in 3 ms (360.1 tok/s), 1 generated in 39 ms (25.8 tok/s), drafts accepted 0 of 0, 3 checkpoints
strata serve: decode expert cache hit rate: 36.7% (153 hits / 417 lookups)
strata serve: KV streaming: 98.45% of 3222732 block reads hit VRAM, 201.5 MiB read from RAM
strata serve: prompt 34229 tokens = 34228 reused + 1 read in 3 ms (359.8 tok/s), 1 generated in 40 ms (24.7 tok/s), drafts accepted 0 of 0, 3 checkpoints
strata serve: decode expert cache hit rate: 34.0% (140 hits / 412 lookups)
strata serve: KV streaming: 98.45% of 3228900 block reads hit VRAM, 201.6 MiB read from RAM
strata serve: prompt 34230 tokens = 34229 reused + 1 read in 3 ms (360.3 tok/s), 1 generated in 37 ms (27.1 tok/s), drafts accepted 0 of 0, 3 checkpoints
strata serve: decode expert cache hit rate: 46.7% (200 hits / 428 lookups)
strata serve: KV streaming: 98.45% of 3235068 block reads hit VRAM, 201.7 MiB read from RAM
strata serve: prompt 34231 tokens = 34230 reused + 1 read in 3 ms (360.5 tok/s), 1 generated in 40 ms (25.3 tok/s), drafts accepted 0 of 0, 3 checkpoints
strata serve: decode expert cache hit rate: 34.3% (141 hits / 411 lookups)
strata serve: KV streaming: 98.45% of 3241224 block reads hit VRAM, 201.9 MiB read from RAM
strata serve: prompt 34232 tokens = 34231 reused + 1 read in 3 ms (359.0 tok/s), 1 generated in 40 ms (24.7 tok/s), drafts accepted 0 of 0, 3 checkpoints
strata serve: decode expert cache hit rate: 33.8% (140 hits / 414 lookups)
strata serve: KV streaming: 98.46% of 3247380 block reads hit VRAM, 202.0 MiB read from RAM
strata serve: prompt 34233 tokens = 34232 reused + 1 read in 3 ms (349.0 tok/s), 1 generated in 41 ms (24.3 tok/s), drafts accepted 0 of 0, 3 checkpoints
strata serve: decode expert cache hit rate: 38.9% (164 hits / 422 lookups)
strata serve: KV streaming: 98.46% of 3253548 block reads hit VRAM, 202.1 MiB read from RAM
strata serve: prompt 34234 tokens = 34233 reused + 1 read in 3 ms (358.4 tok/s), 1 generated in 42 ms (24.0 tok/s), drafts accepted 0 of 0, 3 checkpoints
strata serve: decode expert cache hit rate: 45.6% (194 hits / 425 lookups)
strata serve: KV streaming: 98.46% of 3259716 block reads hit VRAM, 202.1 MiB read from RAM
strata serve: prompt 34235 tokens = 34234 reused + 1 read in 3 ms (360.3 tok/s), 1 generated in 41 ms (24.6 tok/s), drafts accepted 0 of 0, 3 checkpoints
strata serve: decode expert cache hit rate: 40.8% (172 hits / 422 lookups)
strata serve: KV streaming: 98.46% of 3265872 block reads hit VRAM, 202.2 MiB read from RAM
strata serve: prompt 34236 tokens = 34235 reused + 1 read in 3 ms (357.2 tok/s), 1 generated in 41 ms (24.7 tok/s), drafts accepted 0 of 0, 3 checkpoints
strata serve: decode expert cache hit rate: 35.2% (146 hits / 415 lookups)
strata serve: KV streaming: 98.47% of 3272028 block reads hit VRAM, 202.2 MiB read from RAM
strata serve: prompt 34237 tokens = 34236 reused + 1 read in 3 ms (354.6 tok/s), 1 generated in 39 ms (25.3 tok/s), drafts accepted 0 of 0, 3 checkpoints
strata serve: decode expert cache hit rate: 45.3% (193 hits / 426 lookups)
strata serve: KV streaming: 98.47% of 3278196 block reads hit VRAM, 202.4 MiB read from RAM
strata serve: prompt 34238 tokens = 34237 reused + 1 read in 3 ms (358.3 tok/s), 1 generated in 38 ms (26.3 tok/s), drafts accepted 0 of 0, 3 checkpoints
strata serve: decode expert cache hit rate: 42.6% (180 hits / 423 lookups)
strata serve: KV streaming: 98.47% of 3284364 block reads hit VRAM, 202.7 MiB read from RAM
strata serve: prompt 34239 tokens = 34238 reused + 1 read in 3 ms (358.6 tok/s), 1 generated in 43 ms (23.3 tok/s), drafts accepted 0 of 0, 3 checkpoints
strata serve: decode expert cache hit rate: 32.4% (133 hits / 411 lookups)
strata serve: KV streaming: 98.47% of 3290520 block reads hit VRAM, 202.8 MiB read from RAM
strata serve: prompt 34240 tokens = 34239 reused + 1 read in 3 ms (360.0 tok/s), 1 generated in 38 ms (26.5 tok/s), drafts accepted 0 of 0, 3 checkpoints
strata serve: decode expert cache hit rate: 43.8% (185 hits / 422 lookups)
strata serve: KV streaming: 98.47% of 3296676 block reads hit VRAM, 202.9 MiB read from RAM
strata serve: prompt 34241 tokens = 34240 reused + 1 read in 3 ms (359.8 tok/s), 1 generated in 40 ms (25.1 tok/s), drafts accepted 0 of 0, 3 checkpoints
strata serve: decode expert cache hit rate: 34.5% (144 hits / 417 lookups)
strata serve: KV streaming: 98.47% of 3302844 block reads hit VRAM, 203.0 MiB read from RAM
strata serve: prompt 34242 tokens = 34241 reused + 1 read in 3 ms (359.9 tok/s), 1 generated in 39 ms (25.8 tok/s), drafts accepted 0 of 0, 3 checkpoints
strata serve: decode expert cache hit rate: 39.6% (166 hits / 419 lookups)
strata serve: KV streaming: 98.48% of 3309012 block reads hit VRAM, 203.1 MiB read from RAM
strata serve: prompt 34243 tokens = 34242 reused + 1 read in 3 ms (360.1 tok/s), 1 generated in 40 ms (25.1 tok/s), drafts accepted 0 of 0, 3 checkpoints
strata serve: decode expert cache hit rate: 35.0% (145 hits / 414 lookups)
strata serve: KV streaming: 98.48% of 3315168 block reads hit VRAM, 203.2 MiB read from RAM
strata serve: prompt 34244 tokens = 34243 reused + 1 read in 3 ms (360.2 tok/s), 1 generated in 40 ms (24.8 tok/s), drafts accepted 0 of 0, 3 checkpoints
strata serve: decode expert cache hit rate: 35.2% (146 hits / 415 lookups)
strata serve: KV streaming: 98.48% of 3321324 block reads hit VRAM, 203.3 MiB read from RAM
strata serve: prompt 34245 tokens = 34244 reused + 1 read in 3 ms (357.8 tok/s), 1 generated in 45 ms (22.1 tok/s), drafts accepted 0 of 0, 3 checkpoints
strata serve: decode expert cache hit rate: 25.1% (101 hits / 403 lookups)
strata serve: KV streaming: 98.48% of 3327492 block reads hit VRAM, 203.4 MiB read from RAM
strata serve: prompt 34246 tokens = 34245 reused + 1 read in 3 ms (356.6 tok/s), 1 generated in 38 ms (26.1 tok/s), drafts accepted 0 of 0, 3 checkpoints
strata serve: decode expert cache hit rate: 41.4% (175 hits / 423 lookups)
strata serve: KV streaming: 98.48% of 3333660 block reads hit VRAM, 203.5 MiB read from RAM
strata serve: prompt 34247 tokens = 34246 reused + 1 read in 3 ms (360.2 tok/s), 1 generated in 40 ms (25.0 tok/s), drafts accepted 0 of 0, 3 checkpoints
strata serve: decode expert cache hit rate: 34.5% (142 hits / 412 lookups)
strata serve: KV streaming: 98.49% of 3339816 block reads hit VRAM, 203.7 MiB read from RAM
strata serve: prompt 34248 tokens = 34247 reused + 1 read in 3 ms (349.8 tok/s), 1 generated in 39 ms (25.6 tok/s), drafts accepted 0 of 0, 3 checkpoints
strata serve: decode expert cache hit rate: 39.2% (164 hits / 418 lookups)
strata serve: KV streaming: 98.49% of 3345972 block reads hit VRAM, 204.2 MiB read from RAM
strata serve: prompt 34249 tokens = 34248 reused + 1 read in 3 ms (359.2 tok/s), 1 generated in 43 ms (23.1 tok/s), drafts accepted 0 of 0, 3 checkpoints
strata serve: decode expert cache hit rate: 26.5% (107 hits / 404 lookups)
strata serve: KV streaming: 98.49% of 3352140 block reads hit VRAM, 204.3 MiB read from RAM
strata serve: prompt 34250 tokens = 34249 reused + 1 read in 3 ms (359.1 tok/s), 1 generated in 39 ms (25.6 tok/s), drafts accepted 0 of 0, 3 checkpoints
strata serve: decode expert cache hit rate: 41.6% (176 hits / 423 lookups)
strata serve: KV streaming: 98.49% of 3358308 block reads hit VRAM, 204.4 MiB read from RAM
strata serve: prompt 34251 tokens = 34250 reused + 1 read in 3 ms (358.2 tok/s), 1 generated in 41 ms (24.5 tok/s), drafts accepted 0 of 0, 3 checkpoints
strata serve: decode expert cache hit rate: 39.0% (164 hits / 420 lookups)
strata serve: KV streaming: 98.49% of 3364464 block reads hit VRAM, 204.8 MiB read from RAM
strata serve: prompt 34252 tokens = 34251 reused + 1 read in 3 ms (360.2 tok/s), 1 generated in 41 ms (24.4 tok/s), drafts accepted 0 of 0, 3 checkpoints
strata serve: decode expert cache hit rate: 32.3% (132 hits / 409 lookups)
strata serve: KV streaming: 98.49% of 3370620 block reads hit VRAM, 204.8 MiB read from RAM
strata serve: prompt 34253 tokens = 34252 reused + 1 read in 3 ms (360.5 tok/s), 1 generated in 43 ms (23.4 tok/s), drafts accepted 0 of 0, 3 checkpoints
strata serve: decode expert cache hit rate: 34.3% (142 hits / 414 lookups)
strata serve: KV streaming: 98.49% of 3376788 block reads hit VRAM, 204.9 MiB read from RAM
strata serve: prompt 34254 tokens = 34253 reused + 1 read in 3 ms (359.8 tok/s), 1 generated in 39 ms (25.4 tok/s), drafts accepted 0 of 0, 3 checkpoints
strata serve: decode expert cache hit rate: 43.4% (185 hits / 426 lookups)
strata serve: KV streaming: 98.49% of 3382956 block reads hit VRAM, 205.1 MiB read from RAM
strata serve: prompt 34255 tokens = 34254 reused + 1 read in 3 ms (360.2 tok/s), 1 generated in 41 ms (24.1 tok/s), drafts accepted 0 of 0, 3 checkpoints
strata serve: decode expert cache hit rate: 28.5% (115 hits / 404 lookups)
strata serve: KV streaming: 98.50% of 3389112 block reads hit VRAM, 205.2 MiB read from RAM
strata serve: prompt 34256 tokens = 34255 reused + 1 read in 3 ms (354.1 tok/s), 1 generated in 39 ms (25.4 tok/s), drafts accepted 0 of 0, 3 checkpoints
strata serve: decode expert cache hit rate: 38.3% (159 hits / 415 lookups)
strata serve: KV streaming: 98.50% of 3395268 block reads hit VRAM, 205.3 MiB read from RAM
strata serve: prompt 34257 tokens = 34256 reused + 1 read in 3 ms (356.4 tok/s), 1 generated in 43 ms (23.5 tok/s), drafts accepted 0 of 0, 3 checkpoints
strata serve: decode expert cache hit rate: 26.3% (106 hits / 403 lookups)
strata serve: KV streaming: 98.50% of 3401436 block reads hit VRAM, 205.5 MiB read from RAM
strata serve: prompt 34258 tokens = 34257 reused + 1 read in 3 ms (357.8 tok/s), 1 generated in 40 ms (25.1 tok/s), drafts accepted 0 of 0, 3 checkpoints
strata serve: decode expert cache hit rate: 37.3% (157 hits / 421 lookups)
strata serve: KV streaming: 98.50% of 3407604 block reads hit VRAM, 205.6 MiB read from RAM
strata serve: prompt 34259 tokens = 34258 reused + 1 read in 3 ms (360.3 tok/s), 1 generated in 42 ms (23.6 tok/s), drafts accepted 0 of 0, 3 checkpoints
strata serve: decode expert cache hit rate: 25.6% (103 hits / 403 lookups)
strata serve: KV streaming: 98.50% of 3413760 block reads hit VRAM, 205.6 MiB read from RAM
strata serve: prompt 34260 tokens = 34259 reused + 1 read in 3 ms (360.2 tok/s), 1 generated in 39 ms (25.9 tok/s), drafts accepted 0 of 0, 3 checkpoints
strata serve: decode expert cache hit rate: 42.3% (178 hits / 421 lookups)
strata serve: KV streaming: 98.51% of 3419916 block reads hit VRAM, 205.7 MiB read from RAM
strata serve: prompt 34261 tokens = 34260 reused + 1 read in 3 ms (360.2 tok/s), 1 generated in 40 ms (25.3 tok/s), drafts accepted 0 of 0, 3 checkpoints
strata serve: decode expert cache hit rate: 35.3% (147 hits / 416 lookups)
strata serve: KV streaming: 98.51% of 3426084 block reads hit VRAM, 205.9 MiB read from RAM
strata serve: prompt 34262 tokens = 34261 reused + 1 read in 3 ms (359.4 tok/s), 1 generated in 38 ms (26.5 tok/s), drafts accepted 0 of 0, 3 checkpoints
strata serve: decode expert cache hit rate: 47.0% (202 hits / 430 lookups)
strata serve: KV streaming: 98.51% of 3432252 block reads hit VRAM, 206.1 MiB read from RAM
strata serve: prompt 34263 tokens = 34262 reused + 1 read in 3 ms (360.8 tok/s), 1 generated in 39 ms (25.7 tok/s), drafts accepted 0 of 0, 3 checkpoints
strata serve: decode expert cache hit rate: 40.8% (170 hits / 417 lookups)
strata serve: KV streaming: 98.51% of 3438408 block reads hit VRAM, 206.2 MiB read from RAM
strata serve: prompt 34264 tokens = 34263 reused + 1 read in 3 ms (360.0 tok/s), 1 generated in 37 ms (27.0 tok/s), drafts accepted 0 of 0, 3 checkpoints
strata serve: decode expert cache hit rate: 44.3% (188 hits / 424 lookups)
strata serve: KV streaming: 98.51% of 3444564 block reads hit VRAM, 206.4 MiB read from RAM
strata serve: prompt 34265 tokens = 34264 reused + 1 read in 3 ms (359.7 tok/s), 1 generated in 41 ms (24.2 tok/s), drafts accepted 0 of 0, 3 checkpoints
strata serve: decode expert cache hit rate: 27.8% (113 hits / 406 lookups)
strata serve: KV streaming: 98.51% of 3450732 block reads hit VRAM, 206.5 MiB read from RAM
strata serve: prompt 34266 tokens = 34265 reused + 1 read in 3 ms (360.2 tok/s), 1 generated in 39 ms (25.9 tok/s), drafts accepted 0 of 0, 3 checkpoints
strata serve: decode expert cache hit rate: 39.8% (168 hits / 422 lookups)
strata serve: KV streaming: 98.52% of 3456900 block reads hit VRAM, 206.7 MiB read from RAM
strata serve: prompt 34267 tokens = 34266 reused + 1 read in 3 ms (360.8 tok/s), 1 generated in 43 ms (23.5 tok/s), drafts accepted 0 of 0, 3 checkpoints
strata serve: decode expert cache hit rate: 30.7% (126 hits / 410 lookups)
strata serve: KV streaming: 98.52% of 3463056 block reads hit VRAM, 206.8 MiB read from RAM
strata serve: prompt 34268 tokens = 34267 reused + 1 read in 3 ms (360.5 tok/s), 1 generated in 39 ms (25.8 tok/s), drafts accepted 0 of 0, 3 checkpoints
strata serve: decode expert cache hit rate: 40.7% (171 hits / 420 lookups)
strata serve: KV streaming: 98.52% of 3469212 block reads hit VRAM, 206.8 MiB read from RAM
strata serve: prompt 34269 tokens = 34268 reused + 1 read in 3 ms (358.4 tok/s), 1 generated in 41 ms (24.5 tok/s), drafts accepted 0 of 0, 3 checkpoints
strata serve: decode expert cache hit rate: 32.6% (134 hits / 411 lookups)
strata serve: KV streaming: 98.52% of 3475380 block reads hit VRAM, 206.9 MiB read from RAM
strata serve: prompt 34270 tokens = 34269 reused + 1 read in 3 ms (359.5 tok/s), 1 generated in 37 ms (26.7 tok/s), drafts accepted 0 of 0, 3 checkpoints
strata serve: decode expert cache hit rate: 47.3% (204 hits / 431 lookups)
strata serve: KV streaming: 98.52% of 3481548 block reads hit VRAM, 207.1 MiB read from RAM
strata serve: prompt 34271 tokens = 34270 reused + 1 read in 3 ms (360.7 tok/s), 1 generated in 46 ms (21.7 tok/s), drafts accepted 0 of 0, 3 checkpoints
strata serve: decode expert cache hit rate: 25.9% (105 hits / 405 lookups)
strata serve: KV streaming: 98.53% of 3487704 block reads hit VRAM, 207.1 MiB read from RAM
strata serve: prompt 34272 tokens = 34271 reused + 1 read in 3 ms (360.7 tok/s), 1 generated in 44 ms (22.5 tok/s), drafts accepted 0 of 0, 3 checkpoints
strata serve: decode expert cache hit rate: 30.2% (123 hits / 407 lookups)
strata serve: KV streaming: 98.53% of 3493860 block reads hit VRAM, 207.1 MiB read from RAM
strata serve: prompt 34273 tokens = 34272 reused + 1 read in 3 ms (358.4 tok/s), 1 generated in 39 ms (25.6 tok/s), drafts accepted 0 of 0, 3 checkpoints
strata serve: decode expert cache hit rate: 38.0% (160 hits / 421 lookups)
strata serve: KV streaming: 98.53% of 3500028 block reads hit VRAM, 207.2 MiB read from RAM
strata serve: prompt 34274 tokens = 34273 reused + 1 read in 3 ms (359.6 tok/s), 1 generated in 43 ms (23.5 tok/s), drafts accepted 0 of 0, 3 checkpoints
strata serve: decode expert cache hit rate: 31.0% (126 hits / 406 lookups)
strata serve: KV streaming: 98.53% of 3506196 block reads hit VRAM, 207.3 MiB read from RAM
strata serve: prompt 34275 tokens = 34274 reused + 1 read in 3 ms (358.5 tok/s), 1 generated in 41 ms (24.7 tok/s), drafts accepted 0 of 0, 3 checkpoints
strata serve: decode expert cache hit rate: 41.9% (179 hits / 427 lookups)
strata serve: KV streaming: 98.53% of 3512352 block reads hit VRAM, 207.3 MiB read from RAM
strata serve: prompt 34276 tokens = 34275 reused + 1 read in 3 ms (352.3 tok/s), 1 generated in 38 ms (26.1 tok/s), drafts accepted 0 of 0, 3 checkpoints
strata serve: decode expert cache hit rate: 48.3% (207 hits / 429 lookups)
strata serve: KV streaming: 98.54% of 3518508 block reads hit VRAM, 207.5 MiB read from RAM
strata serve: prompt 34277 tokens = 34276 reused + 1 read in 3 ms (359.7 tok/s), 1 generated in 42 ms (23.9 tok/s), drafts accepted 0 of 0, 3 checkpoints
strata serve: decode expert cache hit rate: 45.5% (195 hits / 429 lookups)
strata serve: KV streaming: 98.54% of 3524676 block reads hit VRAM, 207.7 MiB read from RAM
strata serve: prompt 34278 tokens = 34277 reused + 1 read in 3 ms (359.5 tok/s), 1 generated in 43 ms (23.5 tok/s), drafts accepted 0 of 0, 3 checkpoints
strata serve: decode expert cache hit rate: 37.9% (159 hits / 419 lookups)
strata serve: KV streaming: 98.54% of 3530844 block reads hit VRAM, 207.7 MiB read from RAM
strata serve: prompt 34279 tokens = 34278 reused + 1 read in 3 ms (358.6 tok/s), 1 generated in 36 ms (28.1 tok/s), drafts accepted 0 of 0, 3 checkpoints
strata serve: decode expert cache hit rate: 56.6% (250 hits / 442 lookups)
strata serve: KV streaming: 98.54% of 3537000 block reads hit VRAM, 207.8 MiB read from RAM
strata serve: prompt 34280 tokens = 34279 reused + 1 read in 3 ms (358.7 tok/s), 1 generated in 44 ms (22.9 tok/s), drafts accepted 0 of 0, 3 checkpoints
strata serve: decode expert cache hit rate: 28.8% (117 hits / 406 lookups)
strata serve: KV streaming: 98.54% of 3543156 block reads hit VRAM, 207.8 MiB read from RAM
strata serve: prompt 34281 tokens = 34280 reused + 1 read in 3 ms (358.4 tok/s), 1 generated in 41 ms (24.2 tok/s), drafts accepted 0 of 0, 3 checkpoints
strata serve: decode expert cache hit rate: 39.0% (164 hits / 420 lookups)
strata serve: KV streaming: 98.55% of 3549324 block reads hit VRAM, 207.9 MiB read from RAM
strata serve: prompt 34282 tokens = 34281 reused + 1 read in 3 ms (360.1 tok/s), 1 generated in 44 ms (23.0 tok/s), drafts accepted 0 of 0, 3 checkpoints
strata serve: decode expert cache hit rate: 33.5% (138 hits / 412 lookups)
strata serve: KV streaming: 98.55% of 3555492 block reads hit VRAM, 207.9 MiB read from RAM
strata serve: prompt 34283 tokens = 34282 reused + 1 read in 3 ms (359.3 tok/s), 1 generated in 40 ms (25.2 tok/s), drafts accepted 0 of 0, 3 checkpoints
strata serve: decode expert cache hit rate: 44.9% (190 hits / 423 lookups)
strata serve: KV streaming: 98.55% of 3561648 block reads hit VRAM, 208.1 MiB read from RAM
strata serve: prompt 34284 tokens = 34283 reused + 1 read in 3 ms (358.8 tok/s), 1 generated in 42 ms (23.9 tok/s), drafts accepted 0 of 0, 3 checkpoints
strata serve: decode expert cache hit rate: 29.8% (122 hits / 409 lookups)
strata serve: KV streaming: 98.55% of 3567804 block reads hit VRAM, 208.2 MiB read from RAM
strata serve: prompt 34285 tokens = 34284 reused + 1 read in 3 ms (358.2 tok/s), 1 generated in 41 ms (24.2 tok/s), drafts accepted 0 of 0, 3 checkpoints
strata serve: decode expert cache hit rate: 37.8% (158 hits / 418 lookups)
strata serve: KV streaming: 98.55% of 3573972 block reads hit VRAM, 208.4 MiB read from RAM
strata serve: prompt 34286 tokens = 34285 reused + 1 read in 3 ms (359.5 tok/s), 1 generated in 40 ms (25.2 tok/s), drafts accepted 0 of 0, 3 checkpoints
strata serve: decode expert cache hit rate: 41.9% (178 hits / 425 lookups)
strata serve: KV streaming: 98.55% of 3580140 block reads hit VRAM, 208.4 MiB read from RAM
strata serve: prompt 34287 tokens = 34286 reused + 1 read in 3 ms (360.2 tok/s), 1 generated in 41 ms (24.5 tok/s), drafts accepted 0 of 0, 3 checkpoints
strata serve: decode expert cache hit rate: 41.2% (174 hits / 422 lookups)
strata serve: KV streaming: 98.56% of 3586296 block reads hit VRAM, 208.5 MiB read from RAM
strata serve: prompt 34288 tokens = 34287 reused + 1 read in 3 ms (293.7 tok/s), 1 generated in 43 ms (23.1 tok/s), drafts accepted 0 of 0, 3 checkpoints
strata serve: decode expert cache hit rate: 37.6% (158 hits / 420 lookups)
strata serve: KV streaming: 98.56% of 3592452 block reads hit VRAM, 208.6 MiB read from RAM
strata serve: prompt 34289 tokens = 34288 reused + 1 read in 3 ms (360.2 tok/s), 1 generated in 41 ms (24.6 tok/s), drafts accepted 0 of 0, 3 checkpoints
strata serve: decode expert cache hit rate: 37.8% (157 hits / 415 lookups)
strata serve: KV streaming: 98.56% of 3598620 block reads hit VRAM, 208.7 MiB read from RAM
strata serve: prompt 34290 tokens = 34289 reused + 1 read in 3 ms (359.0 tok/s), 1 generated in 37 ms (27.0 tok/s), drafts accepted 0 of 0, 3 checkpoints
strata serve: decode expert cache hit rate: 48.8% (211 hits / 432 lookups)
strata serve: KV streaming: 98.56% of 3604788 block reads hit VRAM, 208.8 MiB read from RAM
strata serve: prompt 34291 tokens = 34290 reused + 1 read in 3 ms (359.4 tok/s), 1 generated in 41 ms (24.1 tok/s), drafts accepted 0 of 0, 3 checkpoints
strata serve: decode expert cache hit rate: 35.6% (148 hits / 416 lookups)
strata serve: KV streaming: 98.56% of 3610944 block reads hit VRAM, 208.9 MiB read from RAM
strata serve: prompt 34292 tokens = 34291 reused + 1 read in 3 ms (349.7 tok/s), 1 generated in 39 ms (25.7 tok/s), drafts accepted 0 of 0, 3 checkpoints
strata serve: decode expert cache hit rate: 46.5% (200 hits / 430 lookups)
strata serve: KV streaming: 98.56% of 3617100 block reads hit VRAM, 209.1 MiB read from RAM
strata serve: prompt 34293 tokens = 34292 reused + 1 read in 3 ms (357.9 tok/s), 1 generated in 42 ms (23.7 tok/s), drafts accepted 0 of 0, 3 checkpoints
strata serve: decode expert cache hit rate: 40.3% (170 hits / 422 lookups)
strata serve: KV streaming: 98.56% of 3623268 block reads hit VRAM, 209.4 MiB read from RAM
strata serve: prompt 34294 tokens = 34293 reused + 1 read in 3 ms (358.9 tok/s), 1 generated in 41 ms (24.6 tok/s), drafts accepted 0 of 0, 3 checkpoints
strata serve: decode expert cache hit rate: 40.5% (171 hits / 422 lookups)
strata serve: KV streaming: 98.57% of 3629436 block reads hit VRAM, 209.5 MiB read from RAM
strata serve: prompt 34295 tokens = 34294 reused + 1 read in 3 ms (353.1 tok/s), 1 generated in 43 ms (23.2 tok/s), drafts accepted 0 of 0, 3 checkpoints
strata serve: decode expert cache hit rate: 29.3% (120 hits / 409 lookups)
strata serve: KV streaming: 98.57% of 3635592 block reads hit VRAM, 209.6 MiB read from RAM
strata serve: prompt 34296 tokens = 34295 reused + 1 read in 3 ms (358.2 tok/s), 1 generated in 38 ms (26.4 tok/s), drafts accepted 0 of 0, 3 checkpoints
strata serve: decode expert cache hit rate: 46.0% (198 hits / 430 lookups)
strata serve: KV streaming: 98.57% of 3641748 block reads hit VRAM, 209.8 MiB read from RAM
strata serve: prompt 34297 tokens = 34296 reused + 1 read in 3 ms (359.2 tok/s), 1 generated in 39 ms (25.7 tok/s), drafts accepted 0 of 0, 3 checkpoints
strata serve: decode expert cache hit rate: 45.9% (197 hits / 429 lookups)
strata serve: KV streaming: 98.57% of 3647916 block reads hit VRAM, 209.9 MiB read from RAM
strata serve: prompt 34298 tokens = 34297 reused + 1 read in 3 ms (359.1 tok/s), 1 generated in 46 ms (21.8 tok/s), drafts accepted 0 of 0, 3 checkpoints
strata serve: decode expert cache hit rate: 28.4% (115 hits / 405 lookups)
strata serve: KV streaming: 98.57% of 3654084 block reads hit VRAM, 210.1 MiB read from RAM
strata serve: prompt 34299 tokens = 34298 reused + 1 read in 3 ms (359.4 tok/s), 1 generated in 43 ms (23.5 tok/s), drafts accepted 0 of 0, 3 checkpoints
strata serve: decode expert cache hit rate: 31.9% (131 hits / 411 lookups)
strata serve: KV streaming: 98.58% of 3660240 block reads hit VRAM, 210.1 MiB read from RAM
strata serve: prompt 34300 tokens = 34299 reused + 1 read in 3 ms (358.7 tok/s), 1 generated in 39 ms (25.9 tok/s), drafts accepted 0 of 0, 3 checkpoints
strata serve: decode expert cache hit rate: 44.5% (191 hits / 429 lookups)
strata serve: KV streaming: 98.58% of 3666396 block reads hit VRAM, 210.1 MiB read from RAM
strata serve: prompt 34301 tokens = 34300 reused + 1 read in 3 ms (356.6 tok/s), 1 generated in 40 ms (24.8 tok/s), drafts accepted 0 of 0, 3 checkpoints
strata serve: decode expert cache hit rate: 37.1% (154 hits / 415 lookups)
strata serve: KV streaming: 98.58% of 3672564 block reads hit VRAM, 210.2 MiB read from RAM
strata serve: prompt 34302 tokens = 34301 reused + 1 read in 3 ms (359.5 tok/s), 1 generated in 38 ms (26.6 tok/s), drafts accepted 0 of 0, 3 checkpoints
strata serve: decode expert cache hit rate: 45.7% (195 hits / 427 lookups)
strata serve: KV streaming: 98.58% of 3678732 block reads hit VRAM, 210.3 MiB read from RAM
strata serve: prompt 34303 tokens = 34302 reused + 1 read in 3 ms (358.8 tok/s), 1 generated in 42 ms (23.8 tok/s), drafts accepted 0 of 0, 3 checkpoints
strata serve: decode expert cache hit rate: 33.6% (138 hits / 411 lookups)
strata serve: KV streaming: 98.58% of 3684888 block reads hit VRAM, 210.4 MiB read from RAM
strata serve: prompt 34304 tokens = 34303 reused + 1 read in 3 ms (360.0 tok/s), 1 generated in 39 ms (25.4 tok/s), drafts accepted 0 of 0, 3 checkpoints
strata serve: decode expert cache hit rate: 39.9% (167 hits / 419 lookups)
strata serve: KV streaming: 98.58% of 3691044 block reads hit VRAM, 210.4 MiB read from RAM
strata serve: prompt 34305 tokens = 34304 reused + 1 read in 3 ms (359.4 tok/s), 1 generated in 42 ms (23.9 tok/s), drafts accepted 0 of 0, 3 checkpoints
strata serve: decode expert cache hit rate: 31.9% (131 hits / 411 lookups)
strata serve: KV streaming: 98.59% of 3697212 block reads hit VRAM, 210.6 MiB read from RAM
strata serve: prompt 34306 tokens = 34305 reused + 1 read in 3 ms (358.6 tok/s), 1 generated in 38 ms (26.6 tok/s), drafts accepted 0 of 0, 3 checkpoints
strata serve: decode expert cache hit rate: 45.2% (193 hits / 427 lookups)
strata serve: KV streaming: 98.59% of 3703380 block reads hit VRAM, 210.7 MiB read from RAM
strata serve: prompt 34307 tokens = 34306 reused + 1 read in 3 ms (360.6 tok/s), 1 generated in 34 ms (29.2 tok/s), drafts accepted 0 of 0, 3 checkpoints
strata serve: decode expert cache hit rate: 52.9% (231 hits / 437 lookups)
strata serve: KV streaming: 98.59% of 3709536 block reads hit VRAM, 210.7 MiB read from RAM
strata serve: prompt 34308 tokens = 34307 reused + 1 read in 3 ms (360.5 tok/s), 1 generated in 44 ms (22.9 tok/s), drafts accepted 0 of 0, 3 checkpoints
strata serve: decode expert cache hit rate: 36.9% (153 hits / 415 lookups)
strata serve: KV streaming: 98.59% of 3715692 block reads hit VRAM, 210.7 MiB read from RAM
strata serve: prompt 34309 tokens = 34308 reused + 1 read in 3 ms (359.1 tok/s), 1 generated in 40 ms (25.3 tok/s), drafts accepted 0 of 0, 3 checkpoints
strata serve: decode expert cache hit rate: 40.0% (169 hits / 423 lookups)
strata serve: KV streaming: 98.59% of 3721860 block reads hit VRAM, 210.9 MiB read from RAM
strata serve: prompt 34310 tokens = 34309 reused + 1 read in 3 ms (358.5 tok/s), 1 generated in 37 ms (27.2 tok/s), drafts accepted 0 of 0, 3 checkpoints
strata serve: decode expert cache hit rate: 47.2% (203 hits / 430 lookups)
strata serve: KV streaming: 98.59% of 3728028 block reads hit VRAM, 211.1 MiB read from RAM
strata serve: prompt 34311 tokens = 34310 reused + 1 read in 3 ms (358.1 tok/s), 1 generated in 37 ms (27.1 tok/s), drafts accepted 0 of 0, 3 checkpoints
strata serve: decode expert cache hit rate: 43.9% (187 hits / 426 lookups)
strata serve: KV streaming: 98.60% of 3734184 block reads hit VRAM, 211.2 MiB read from RAM
strata serve: prompt 34312 tokens = 34311 reused + 1 read in 3 ms (357.3 tok/s), 1 generated in 39 ms (25.9 tok/s), drafts accepted 0 of 0, 3 checkpoints
strata serve: decode expert cache hit rate: 43.4% (184 hits / 424 lookups)
strata serve: KV streaming: 98.60% of 3740340 block reads hit VRAM, 211.3 MiB read from RAM
strata serve: prompt 34313 tokens = 34312 reused + 1 read in 3 ms (360.4 tok/s), 1 generated in 42 ms (24.1 tok/s), drafts accepted 0 of 0, 3 checkpoints
strata serve: decode expert cache hit rate: 32.8% (135 hits / 412 lookups)
strata serve: KV streaming: 98.60% of 3746508 block reads hit VRAM, 211.4 MiB read from RAM
strata serve: prompt 34314 tokens = 34313 reused + 1 read in 3 ms (360.2 tok/s), 1 generated in 37 ms (26.9 tok/s), drafts accepted 0 of 0, 3 checkpoints
strata serve: decode expert cache hit rate: 46.5% (198 hits / 426 lookups)
strata serve: KV streaming: 98.60% of 3752676 block reads hit VRAM, 211.5 MiB read from RAM
strata serve: prompt 34315 tokens = 34314 reused + 1 read in 3 ms (358.6 tok/s), 1 generated in 36 ms (27.6 tok/s), drafts accepted 0 of 0, 3 checkpoints
strata serve: decode expert cache hit rate: 50.6% (219 hits / 433 lookups)
strata serve: KV streaming: 98.60% of 3758832 block reads hit VRAM, 211.5 MiB read from RAM
strata serve: prompt 34316 tokens = 34315 reused + 1 read in 3 ms (359.5 tok/s), 1 generated in 41 ms (24.2 tok/s), drafts accepted 0 of 0, 3 checkpoints
strata serve: decode expert cache hit rate: 27.5% (111 hits / 403 lookups)
strata serve: KV streaming: 98.60% of 3764988 block reads hit VRAM, 211.6 MiB read from RAM
strata serve: prompt 34317 tokens = 34316 reused + 1 read in 3 ms (360.2 tok/s), 1 generated in 37 ms (27.3 tok/s), drafts accepted 0 of 0, 3 checkpoints
strata serve: decode expert cache hit rate: 49.1% (211 hits / 430 lookups)
strata serve: KV streaming: 98.61% of 3771156 block reads hit VRAM, 211.7 MiB read from RAM
strata serve: prompt 34318 tokens = 34317 reused + 1 read in 3 ms (360.8 tok/s), 1 generated in 40 ms (25.1 tok/s), drafts accepted 0 of 0, 3 checkpoints
strata serve: decode expert cache hit rate: 39.8% (167 hits / 420 lookups)
strata serve: KV streaming: 98.61% of 3777324 block reads hit VRAM, 211.8 MiB read from RAM
strata serve: prompt 34319 tokens = 34318 reused + 1 read in 3 ms (360.0 tok/s), 1 generated in 39 ms (25.9 tok/s), drafts accepted 0 of 0, 3 checkpoints
strata serve: decode expert cache hit rate: 39.1% (164 hits / 419 lookups)
strata serve: KV streaming: 98.61% of 3783480 block reads hit VRAM, 212.1 MiB read from RAM
strata serve: prompt 34320 tokens = 34319 reused + 1 read in 3 ms (360.1 tok/s), 1 generated in 41 ms (24.6 tok/s), drafts accepted 0 of 0, 3 checkpoints
strata serve: decode expert cache hit rate: 33.5% (138 hits / 412 lookups)
strata serve: KV streaming: 98.61% of 3789636 block reads hit VRAM, 212.2 MiB read from RAM
strata serve: prompt 34321 tokens = 34320 reused + 1 read in 3 ms (357.8 tok/s), 1 generated in 46 ms (21.6 tok/s), drafts accepted 0 of 0, 3 checkpoints
strata serve: decode expert cache hit rate: 31.5% (129 hits / 410 lookups)
strata serve: KV streaming: 98.61% of 3795804 block reads hit VRAM, 212.4 MiB read from RAM
strata serve: prompt 34322 tokens = 34321 reused + 1 read in 3 ms (358.0 tok/s), 1 generated in 37 ms (26.8 tok/s), drafts accepted 0 of 0, 3 checkpoints
strata serve: decode expert cache hit rate: 43.5% (185 hits / 425 lookups)
strata serve: KV streaming: 98.61% of 3801972 block reads hit VRAM, 212.5 MiB read from RAM
strata serve: prompt 34323 tokens = 34322 reused + 1 read in 3 ms (360.8 tok/s), 1 generated in 46 ms (21.9 tok/s), drafts accepted 0 of 0, 3 checkpoints
strata serve: decode expert cache hit rate: 33.1% (137 hits / 414 lookups)
strata serve: KV streaming: 98.61% of 3808128 block reads hit VRAM, 212.5 MiB read from RAM
strata serve: prompt 34324 tokens = 34323 reused + 1 read in 3 ms (360.1 tok/s), 1 generated in 45 ms (22.4 tok/s), drafts accepted 0 of 0, 3 checkpoints
strata serve: decode expert cache hit rate: 21.6% (87 hits / 402 lookups)
strata serve: KV streaming: 98.62% of 3814284 block reads hit VRAM, 212.7 MiB read from RAM
strata serve: prompt 34325 tokens = 34324 reused + 1 read in 3 ms (358.8 tok/s), 1 generated in 41 ms (24.3 tok/s), drafts accepted 0 of 0, 3 checkpoints
strata serve: decode expert cache hit rate: 27.7% (112 hits / 405 lookups)
strata serve: KV streaming: 98.62% of 3820452 block reads hit VRAM, 212.8 MiB read from RAM
strata serve: prompt 34326 tokens = 34325 reused + 1 read in 3 ms (359.0 tok/s), 1 generated in 39 ms (25.7 tok/s), drafts accepted 0 of 0, 3 checkpoints
strata serve: decode expert cache hit rate: 41.0% (173 hits / 422 lookups)
strata serve: KV streaming: 98.62% of 3826620 block reads hit VRAM, 212.9 MiB read from RAM
strata serve: prompt 34327 tokens = 34326 reused + 1 read in 3 ms (359.9 tok/s), 1 generated in 37 ms (27.0 tok/s), drafts accepted 0 of 0, 3 checkpoints
strata serve: decode expert cache hit rate: 44.9% (191 hits / 425 lookups)
strata serve: KV streaming: 98.62% of 3832776 block reads hit VRAM, 212.9 MiB read from RAM
strata serve: prompt 34328 tokens = 34327 reused + 1 read in 3 ms (348.4 tok/s), 1 generated in 35 ms (28.4 tok/s), drafts accepted 0 of 0, 3 checkpoints
strata serve: decode expert cache hit rate: 49.2% (212 hits / 431 lookups)
strata serve: KV streaming: 98.62% of 3838932 block reads hit VRAM, 213.0 MiB read from RAM
strata serve: prompt 34329 tokens = 34328 reused + 1 read in 3 ms (359.8 tok/s), 1 generated in 42 ms (23.6 tok/s), drafts accepted 0 of 0, 3 checkpoints
strata serve: decode expert cache hit rate: 20.6% (82 hits / 399 lookups)
strata serve: KV streaming: 98.62% of 3845100 block reads hit VRAM, 213.1 MiB read from RAM
strata serve: prompt 34330 tokens = 34329 reused + 1 read in 3 ms (359.7 tok/s), 1 generated in 40 ms (25.3 tok/s), drafts accepted 0 of 0, 3 checkpoints
strata serve: decode expert cache hit rate: 33.4% (137 hits / 410 lookups)
strata serve: KV streaming: 98.63% of 3851268 block reads hit VRAM, 213.2 MiB read from RAM
strata serve: prompt 34331 tokens = 34330 reused + 1 read in 3 ms (359.7 tok/s), 1 generated in 40 ms (25.3 tok/s), drafts accepted 0 of 0, 3 checkpoints
strata serve: decode expert cache hit rate: 36.6% (153 hits / 418 lookups)
strata serve: KV streaming: 98.63% of 3857424 block reads hit VRAM, 213.2 MiB read from RAM
strata serve: prompt 34332 tokens = 34331 reused + 1 read in 3 ms (360.6 tok/s), 1 generated in 36 ms (27.5 tok/s), drafts accepted 0 of 0, 3 checkpoints
strata serve: decode expert cache hit rate: 45.4% (194 hits / 427 lookups)
strata serve: KV streaming: 98.63% of 3863580 block reads hit VRAM, 213.3 MiB read from RAM
strata serve: prompt 34333 tokens = 34332 reused + 1 read in 3 ms (359.4 tok/s), 1 generated in 40 ms (25.0 tok/s), drafts accepted 0 of 0, 3 checkpoints
strata serve: decode expert cache hit rate: 36.0% (150 hits / 417 lookups)
strata serve: KV streaming: 98.63% of 3869748 block reads hit VRAM, 213.4 MiB read from RAM
strata serve: prompt 34334 tokens = 34333 reused + 1 read in 3 ms (360.2 tok/s), 1 generated in 37 ms (27.0 tok/s), drafts accepted 0 of 0, 3 checkpoints
strata serve: decode expert cache hit rate: 41.4% (176 hits / 425 lookups)
strata serve: KV streaming: 98.63% of 3875916 block reads hit VRAM, 213.5 MiB read from RAM
strata serve: prompt 33823 tokens = 33815 reused + 8 read in 148 ms (54.0 tok/s), 1 generated in 38 ms (26.7 tok/s), drafts accepted 0 of 0, 3 checkpoints
strata serve: decode expert cache hit rate: 47.9% (206 hits / 430 lookups)
strata serve: KV streaming: 98.65% of 3925212 block reads hit VRAM, 214.1 MiB read from RAM
strata serve: prompt 33824 tokens = 33823 reused + 1 read in 3 ms (358.5 tok/s), 1 generated in 38 ms (26.3 tok/s), drafts accepted 0 of 0, 3 checkpoints
strata serve: decode expert cache hit rate: 43.8% (184 hits / 420 lookups)
strata serve: KV streaming: 98.64% of 3931368 block reads hit VRAM, 214.9 MiB read from RAM
strata serve: prompt 33825 tokens = 33824 reused + 1 read in 3 ms (359.6 tok/s), 1 generated in 34 ms (29.4 tok/s), drafts accepted 0 of 0, 3 checkpoints
strata serve: decode expert cache hit rate: 56.5% (252 hits / 446 lookups)
strata serve: KV streaming: 98.64% of 3937536 block reads hit VRAM, 215.4 MiB read from RAM
strata serve: prompt 33826 tokens = 33825 reused + 1 read in 3 ms (360.4 tok/s), 1 generated in 34 ms (29.8 tok/s), drafts accepted 0 of 0, 3 checkpoints
strata serve: decode expert cache hit rate: 58.2% (258 hits / 443 lookups)
strata serve: KV streaming: 98.64% of 3943704 block reads hit VRAM, 216.1 MiB read from RAM
strata serve: prompt 33827 tokens = 33826 reused + 1 read in 3 ms (358.9 tok/s), 1 generated in 32 ms (31.5 tok/s), drafts accepted 0 of 0, 3 checkpoints
strata serve: decode expert cache hit rate: 60.7% (272 hits / 448 lookups)
strata serve: KV streaming: 98.64% of 3949860 block reads hit VRAM, 216.4 MiB read from RAM
strata serve: prompt 33828 tokens = 33827 reused + 1 read in 3 ms (360.3 tok/s), 1 generated in 33 ms (30.4 tok/s), drafts accepted 0 of 0, 3 checkpoints
strata serve: decode expert cache hit rate: 59.4% (266 hits / 448 lookups)
strata serve: KV streaming: 98.64% of 3956016 block reads hit VRAM, 216.6 MiB read from RAM
strata serve: prompt 33829 tokens = 33828 reused + 1 read in 3 ms (359.4 tok/s), 1 generated in 37 ms (27.1 tok/s), drafts accepted 0 of 0, 3 checkpoints
strata serve: decode expert cache hit rate: 56.7% (249 hits / 439 lookups)
strata serve: KV streaming: 98.64% of 3962184 block reads hit VRAM, 216.7 MiB read from RAM
strata serve: prompt 33830 tokens = 33829 reused + 1 read in 3 ms (357.9 tok/s), 1 generated in 32 ms (30.9 tok/s), drafts accepted 0 of 0, 3 checkpoints
strata serve: decode expert cache hit rate: 62.0% (279 hits / 450 lookups)
strata serve: KV streaming: 98.64% of 3968352 block reads hit VRAM, 218.0 MiB read from RAM
strata serve: prompt 33831 tokens = 33830 reused + 1 read in 3 ms (360.7 tok/s), 1 generated in 35 ms (28.5 tok/s), drafts accepted 0 of 0, 3 checkpoints
strata serve: decode expert cache hit rate: 54.3% (239 hits / 440 lookups)
strata serve: KV streaming: 98.63% of 3974508 block reads hit VRAM, 218.9 MiB read from RAM
strata serve: prompt 33832 tokens = 33831 reused + 1 read in 3 ms (360.0 tok/s), 1 generated in 36 ms (27.9 tok/s), drafts accepted 0 of 0, 3 checkpoints
strata serve: decode expert cache hit rate: 52.1% (226 hits / 434 lookups)
strata serve: KV streaming: 98.63% of 3980664 block reads hit VRAM, 219.6 MiB read from RAM
strata serve: prompt 33833 tokens = 33832 reused + 1 read in 3 ms (360.8 tok/s), 1 generated in 40 ms (24.9 tok/s), drafts accepted 0 of 0, 3 checkpoints
strata serve: decode expert cache hit rate: 39.8% (166 hits / 417 lookups)
strata serve: KV streaming: 98.63% of 3986832 block reads hit VRAM, 219.9 MiB read from RAM
strata serve: prompt 33834 tokens = 33833 reused + 1 read in 3 ms (359.4 tok/s), 1 generated in 33 ms (30.0 tok/s), drafts accepted 0 of 0, 3 checkpoints
strata serve: decode expert cache hit rate: 62.5% (280 hits / 448 lookups)
strata serve: KV streaming: 98.63% of 3993000 block reads hit VRAM, 220.3 MiB read from RAM
strata serve: prompt 33835 tokens = 33834 reused + 1 read in 3 ms (359.5 tok/s), 1 generated in 37 ms (26.9 tok/s), drafts accepted 0 of 0, 3 checkpoints
strata serve: decode expert cache hit rate: 46.4% (197 hits / 425 lookups)
strata serve: KV streaming: 98.63% of 3999156 block reads hit VRAM, 220.4 MiB read from RAM
strata serve: prompt 33836 tokens = 33835 reused + 1 read in 3 ms (360.4 tok/s), 1 generated in 38 ms (26.5 tok/s), drafts accepted 0 of 0, 3 checkpoints
strata serve: decode expert cache hit rate: 43.6% (184 hits / 422 lookups)
strata serve: KV streaming: 98.63% of 4005312 block reads hit VRAM, 220.6 MiB read from RAM
strata serve: prompt 33837 tokens = 33836 reused + 1 read in 3 ms (356.3 tok/s), 1 generated in 39 ms (25.7 tok/s), drafts accepted 0 of 0, 3 checkpoints
strata serve: decode expert cache hit rate: 41.5% (175 hits / 422 lookups)
strata serve: KV streaming: 98.63% of 4011480 block reads hit VRAM, 221.0 MiB read from RAM
strata serve: prompt 33838 tokens = 33837 reused + 1 read in 3 ms (359.3 tok/s), 1 generated in 36 ms (28.0 tok/s), drafts accepted 0 of 0, 3 checkpoints
strata serve: decode expert cache hit rate: 54.6% (239 hits / 438 lookups)
strata serve: KV streaming: 98.63% of 4017648 block reads hit VRAM, 221.1 MiB read from RAM
strata serve: prompt 33839 tokens = 33838 reused + 1 read in 3 ms (361.1 tok/s), 1 generated in 41 ms (24.6 tok/s), drafts accepted 0 of 0, 3 checkpoints
strata serve: decode expert cache hit rate: 47.1% (202 hits / 429 lookups)
strata serve: KV streaming: 98.63% of 4023804 block reads hit VRAM, 221.9 MiB read from RAM
strata serve: prompt 33840 tokens = 33839 reused + 1 read in 3 ms (360.3 tok/s), 1 generated in 38 ms (26.6 tok/s), drafts accepted 0 of 0, 3 checkpoints
strata serve: decode expert cache hit rate: 44.1% (187 hits / 424 lookups)
strata serve: KV streaming: 98.63% of 4029960 block reads hit VRAM, 222.7 MiB read from RAM
strata serve: prompt 33841 tokens = 33840 reused + 1 read in 3 ms (358.3 tok/s), 1 generated in 38 ms (26.6 tok/s), drafts accepted 0 of 0, 3 checkpoints
strata serve: decode expert cache hit rate: 45.1% (192 hits / 426 lookups)
strata serve: KV streaming: 98.63% of 4036128 block reads hit VRAM, 223.0 MiB read from RAM
strata serve: prompt 33842 tokens = 33841 reused + 1 read in 3 ms (359.7 tok/s), 1 generated in 36 ms (27.6 tok/s), drafts accepted 0 of 0, 3 checkpoints
strata serve: decode expert cache hit rate: 49.5% (212 hits / 428 lookups)
strata serve: KV streaming: 98.62% of 4042296 block reads hit VRAM, 224.3 MiB read from RAM
strata serve: prompt 33843 tokens = 33842 reused + 1 read in 3 ms (360.1 tok/s), 1 generated in 37 ms (27.0 tok/s), drafts accepted 0 of 0, 3 checkpoints
strata serve: decode expert cache hit rate: 45.9% (195 hits / 425 lookups)
strata serve: KV streaming: 98.62% of 4048452 block reads hit VRAM, 224.4 MiB read from RAM
strata serve: prompt 33844 tokens = 33843 reused + 1 read in 3 ms (359.6 tok/s), 1 generated in 34 ms (29.7 tok/s), drafts accepted 0 of 0, 3 checkpoints
strata serve: decode expert cache hit rate: 58.1% (259 hits / 446 lookups)
strata serve: KV streaming: 98.62% of 4054608 block reads hit VRAM, 224.7 MiB read from RAM
strata serve: prompt 33845 tokens = 33844 reused + 1 read in 3 ms (355.9 tok/s), 1 generated in 36 ms (27.6 tok/s), drafts accepted 0 of 0, 3 checkpoints
strata serve: decode expert cache hit rate: 54.5% (236 hits / 433 lookups)
strata serve: KV streaming: 98.62% of 4060776 block reads hit VRAM, 225.3 MiB read from RAM
strata serve: prompt 33846 tokens = 33845 reused + 1 read in 3 ms (353.3 tok/s), 1 generated in 37 ms (27.1 tok/s), drafts accepted 0 of 0, 3 checkpoints
strata serve: decode expert cache hit rate: 45.5% (195 hits / 429 lookups)
strata serve: KV streaming: 98.62% of 4066944 block reads hit VRAM, 225.8 MiB read from RAM
strata serve: prompt 33847 tokens = 33846 reused + 1 read in 3 ms (359.8 tok/s), 1 generated in 38 ms (26.6 tok/s), drafts accepted 0 of 0, 3 checkpoints
strata serve: decode expert cache hit rate: 44.0% (187 hits / 425 lookups)
strata serve: KV streaming: 98.61% of 4073100 block reads hit VRAM, 227.3 MiB read from RAM
strata serve: prompt 33848 tokens = 33847 reused + 1 read in 3 ms (359.2 tok/s), 1 generated in 37 ms (27.2 tok/s), drafts accepted 0 of 0, 3 checkpoints
strata serve: decode expert cache hit rate: 50.3% (218 hits / 433 lookups)
strata serve: KV streaming: 98.61% of 4079256 block reads hit VRAM, 227.8 MiB read from RAM
strata serve: prompt 33849 tokens = 33848 reused + 1 read in 3 ms (360.8 tok/s), 1 generated in 37 ms (27.2 tok/s), drafts accepted 0 of 0, 3 checkpoints
strata serve: decode expert cache hit rate: 50.5% (217 hits / 430 lookups)
strata serve: KV streaming: 98.61% of 4085424 block reads hit VRAM, 228.0 MiB read from RAM
strata serve: prompt 33850 tokens = 33849 reused + 1 read in 3 ms (359.2 tok/s), 1 generated in 40 ms (25.1 tok/s), drafts accepted 0 of 0, 3 checkpoints
strata serve: decode expert cache hit rate: 32.7% (135 hits / 413 lookups)
strata serve: KV streaming: 98.61% of 4091592 block reads hit VRAM, 228.5 MiB read from RAM
strata serve: prompt 33851 tokens = 33850 reused + 1 read in 3 ms (359.8 tok/s), 1 generated in 38 ms (26.5 tok/s), drafts accepted 0 of 0, 3 checkpoints
strata serve: decode expert cache hit rate: 45.1% (193 hits / 428 lookups)
strata serve: KV streaming: 98.61% of 4097748 block reads hit VRAM, 228.7 MiB read from RAM
strata serve: prompt 33852 tokens = 33851 reused + 1 read in 3 ms (360.1 tok/s), 1 generated in 35 ms (28.9 tok/s), drafts accepted 0 of 0, 3 checkpoints
strata serve: decode expert cache hit rate: 56.0% (247 hits / 441 lookups)
strata serve: KV streaming: 98.61% of 4103904 block reads hit VRAM, 229.1 MiB read from RAM
strata serve: prompt 33853 tokens = 33852 reused + 1 read in 3 ms (359.0 tok/s), 1 generated in 39 ms (25.9 tok/s), drafts accepted 0 of 0, 3 checkpoints
strata serve: decode expert cache hit rate: 41.9% (176 hits / 420 lookups)
strata serve: KV streaming: 98.61% of 4110072 block reads hit VRAM, 229.8 MiB read from RAM
strata serve: prompt 33854 tokens = 33853 reused + 1 read in 3 ms (360.1 tok/s), 1 generated in 38 ms (26.7 tok/s), drafts accepted 0 of 0, 3 checkpoints
strata serve: decode expert cache hit rate: 48.5% (207 hits / 427 lookups)
strata serve: KV streaming: 98.61% of 4116240 block reads hit VRAM, 230.0 MiB read from RAM
strata serve: prompt 33855 tokens = 33854 reused + 1 read in 3 ms (360.2 tok/s), 1 generated in 39 ms (25.5 tok/s), drafts accepted 0 of 0, 3 checkpoints
strata serve: decode expert cache hit rate: 41.1% (172 hits / 419 lookups)
strata serve: KV streaming: 98.61% of 4122396 block reads hit VRAM, 230.8 MiB read from RAM
strata serve: prompt 33856 tokens = 33855 reused + 1 read in 3 ms (360.4 tok/s), 1 generated in 39 ms (25.8 tok/s), drafts accepted 0 of 0, 3 checkpoints
strata serve: decode expert cache hit rate: 41.9% (178 hits / 425 lookups)
strata serve: KV streaming: 98.61% of 4128552 block reads hit VRAM, 230.9 MiB read from RAM
strata serve: prompt 33857 tokens = 33856 reused + 1 read in 3 ms (348.9 tok/s), 1 generated in 36 ms (27.8 tok/s), drafts accepted 0 of 0, 3 checkpoints
strata serve: decode expert cache hit rate: 51.8% (226 hits / 436 lookups)
strata serve: KV streaming: 98.61% of 4134720 block reads hit VRAM, 231.1 MiB read from RAM
strata serve: prompt 33858 tokens = 33857 reused + 1 read in 3 ms (356.6 tok/s), 1 generated in 35 ms (28.7 tok/s), drafts accepted 0 of 0, 3 checkpoints
strata serve: decode expert cache hit rate: 54.8% (238 hits / 434 lookups)
strata serve: KV streaming: 98.61% of 4140888 block reads hit VRAM, 231.3 MiB read from RAM
strata serve: prompt 33859 tokens = 33858 reused + 1 read in 3 ms (360.6 tok/s), 1 generated in 39 ms (25.8 tok/s), drafts accepted 0 of 0, 3 checkpoints
strata serve: decode expert cache hit rate: 41.6% (176 hits / 423 lookups)
strata serve: KV streaming: 98.61% of 4147044 block reads hit VRAM, 232.0 MiB read from RAM
strata serve: prompt 33860 tokens = 33859 reused + 1 read in 3 ms (357.0 tok/s), 1 generated in 38 ms (26.1 tok/s), drafts accepted 0 of 0, 3 checkpoints
strata serve: decode expert cache hit rate: 49.2% (211 hits / 429 lookups)
strata serve: KV streaming: 98.61% of 4153200 block reads hit VRAM, 232.2 MiB read from RAM
strata serve: prompt 33861 tokens = 33860 reused + 1 read in 3 ms (359.6 tok/s), 1 generated in 35 ms (28.9 tok/s), drafts accepted 0 of 0, 3 checkpoints
strata serve: decode expert cache hit rate: 58.0% (256 hits / 441 lookups)
strata serve: KV streaming: 98.61% of 4159368 block reads hit VRAM, 232.5 MiB read from RAM
strata serve: prompt 33862 tokens = 33861 reused + 1 read in 3 ms (360.4 tok/s), 1 generated in 38 ms (26.2 tok/s), drafts accepted 0 of 0, 3 checkpoints
strata serve: decode expert cache hit rate: 37.8% (158 hits / 418 lookups)
strata serve: KV streaming: 98.60% of 4165536 block reads hit VRAM, 234.4 MiB read from RAM
strata serve: prompt 33863 tokens = 33862 reused + 1 read in 3 ms (359.7 tok/s), 1 generated in 37 ms (27.1 tok/s), drafts accepted 0 of 0, 3 checkpoints
strata serve: decode expert cache hit rate: 51.0% (223 hits / 437 lookups)
strata serve: KV streaming: 98.60% of 4171692 block reads hit VRAM, 235.1 MiB read from RAM
strata serve: prompt 33864 tokens = 33863 reused + 1 read in 3 ms (360.2 tok/s), 1 generated in 41 ms (24.6 tok/s), drafts accepted 0 of 0, 3 checkpoints
strata serve: decode expert cache hit rate: 31.1% (128 hits / 411 lookups)
strata serve: KV streaming: 98.60% of 4177848 block reads hit VRAM, 236.1 MiB read from RAM
strata serve: prompt 33865 tokens = 33864 reused + 1 read in 3 ms (360.4 tok/s), 1 generated in 37 ms (26.8 tok/s), drafts accepted 0 of 0, 3 checkpoints
strata serve: decode expert cache hit rate: 50.3% (218 hits / 433 lookups)
strata serve: KV streaming: 98.60% of 4184016 block reads hit VRAM, 236.5 MiB read from RAM
strata serve: prompt 33866 tokens = 33865 reused + 1 read in 3 ms (359.9 tok/s), 1 generated in 36 ms (28.1 tok/s), drafts accepted 0 of 0, 3 checkpoints
strata serve: decode expert cache hit rate: 52.4% (226 hits / 431 lookups)
strata serve: KV streaming: 98.60% of 4190184 block reads hit VRAM, 236.8 MiB read from RAM
strata serve: prompt 33867 tokens = 33866 reused + 1 read in 3 ms (359.8 tok/s), 1 generated in 41 ms (24.5 tok/s), drafts accepted 0 of 0, 3 checkpoints
strata serve: decode expert cache hit rate: 30.8% (126 hits / 409 lookups)
strata serve: KV streaming: 98.59% of 4196340 block reads hit VRAM, 237.9 MiB read from RAM
strata serve: prompt 33868 tokens = 33867 reused + 1 read in 3 ms (360.7 tok/s), 1 generated in 37 ms (27.4 tok/s), drafts accepted 0 of 0, 3 checkpoints
strata serve: decode expert cache hit rate: 48.6% (209 hits / 430 lookups)
strata serve: KV streaming: 98.59% of 4202496 block reads hit VRAM, 238.2 MiB read from RAM
strata serve: prompt 33869 tokens = 33868 reused + 1 read in 3 ms (358.7 tok/s), 1 generated in 37 ms (26.9 tok/s), drafts accepted 0 of 0, 3 checkpoints
strata serve: decode expert cache hit rate: 47.4% (203 hits / 428 lookups)
strata serve: KV streaming: 98.59% of 4208664 block reads hit VRAM, 238.3 MiB read from RAM
strata serve: prompt 33870 tokens = 33869 reused + 1 read in 3 ms (359.4 tok/s), 1 generated in 41 ms (24.6 tok/s), drafts accepted 0 of 0, 3 checkpoints
strata serve: decode expert cache hit rate: 33.2% (136 hits / 410 lookups)
strata serve: KV streaming: 98.59% of 4214832 block reads hit VRAM, 239.7 MiB read from RAM
strata serve: prompt 33871 tokens = 33870 reused + 1 read in 3 ms (358.7 tok/s), 1 generated in 38 ms (26.1 tok/s), drafts accepted 0 of 0, 3 checkpoints
strata serve: decode expert cache hit rate: 43.3% (183 hits / 423 lookups)
strata serve: KV streaming: 98.58% of 4220988 block reads hit VRAM, 240.8 MiB read from RAM
strata serve: prompt 33872 tokens = 33871 reused + 1 read in 3 ms (360.5 tok/s), 1 generated in 40 ms (25.1 tok/s), drafts accepted 0 of 0, 3 checkpoints
strata serve: decode expert cache hit rate: 48.5% (208 hits / 429 lookups)
strata serve: KV streaming: 98.58% of 4227144 block reads hit VRAM, 241.0 MiB read from RAM
strata serve: prompt 33873 tokens = 33872 reused + 1 read in 3 ms (359.7 tok/s), 1 generated in 38 ms (26.7 tok/s), drafts accepted 0 of 0, 3 checkpoints
strata serve: decode expert cache hit rate: 44.6% (191 hits / 428 lookups)
strata serve: KV streaming: 98.58% of 4233312 block reads hit VRAM, 242.3 MiB read from RAM
strata serve: prompt 33874 tokens = 33873 reused + 1 read in 3 ms (359.1 tok/s), 1 generated in 39 ms (25.7 tok/s), drafts accepted 0 of 0, 3 checkpoints
strata serve: decode expert cache hit rate: 48.0% (205 hits / 427 lookups)
strata serve: KV streaming: 98.58% of 4239480 block reads hit VRAM, 242.7 MiB read from RAM
strata serve: prompt 33875 tokens = 33874 reused + 1 read in 3 ms (357.6 tok/s), 1 generated in 34 ms (29.1 tok/s), drafts accepted 0 of 0, 3 checkpoints
strata serve: decode expert cache hit rate: 54.5% (238 hits / 437 lookups)
strata serve: KV streaming: 98.58% of 4245636 block reads hit VRAM, 243.0 MiB read from RAM
strata serve: prompt 33876 tokens = 33875 reused + 1 read in 3 ms (360.0 tok/s), 1 generated in 40 ms (24.9 tok/s), drafts accepted 0 of 0, 3 checkpoints
strata serve: decode expert cache hit rate: 35.4% (147 hits / 415 lookups)
strata serve: KV streaming: 98.57% of 4251792 block reads hit VRAM, 244.2 MiB read from RAM
strata serve: prompt 33877 tokens = 33876 reused + 1 read in 3 ms (359.8 tok/s), 1 generated in 41 ms (24.5 tok/s), drafts accepted 0 of 0, 3 checkpoints
strata serve: decode expert cache hit rate: 39.4% (165 hits / 419 lookups)
strata serve: KV streaming: 98.57% of 4257960 block reads hit VRAM, 244.7 MiB read from RAM
strata serve: prompt 33878 tokens = 33877 reused + 1 read in 3 ms (359.8 tok/s), 1 generated in 37 ms (27.0 tok/s), drafts accepted 0 of 0, 3 checkpoints
strata serve: decode expert cache hit rate: 47.8% (205 hits / 429 lookups)
strata serve: KV streaming: 98.57% of 4264128 block reads hit VRAM, 245.0 MiB read from RAM
strata serve: prompt 33879 tokens = 33878 reused + 1 read in 3 ms (360.3 tok/s), 1 generated in 41 ms (24.2 tok/s), drafts accepted 0 of 0, 3 checkpoints
strata serve: decode expert cache hit rate: 29.3% (120 hits / 409 lookups)
strata serve: KV streaming: 98.57% of 4270284 block reads hit VRAM, 245.7 MiB read from RAM
strata serve: prompt 33880 tokens = 33879 reused + 1 read in 3 ms (360.0 tok/s), 1 generated in 44 ms (22.7 tok/s), drafts accepted 0 of 0, 3 checkpoints
strata serve: decode expert cache hit rate: 25.7% (104 hits / 404 lookups)
strata serve: KV streaming: 98.56% of 4276440 block reads hit VRAM, 248.0 MiB read from RAM
strata serve: prompt 33881 tokens = 33880 reused + 1 read in 3 ms (360.2 tok/s), 1 generated in 37 ms (27.1 tok/s), drafts accepted 0 of 0, 3 checkpoints
strata serve: decode expert cache hit rate: 45.7% (195 hits / 427 lookups)
strata serve: KV streaming: 98.56% of 4282608 block reads hit VRAM, 248.3 MiB read from RAM
strata serve: prompt 33882 tokens = 33881 reused + 1 read in 3 ms (359.4 tok/s), 1 generated in 39 ms (25.8 tok/s), drafts accepted 0 of 0, 3 checkpoints
strata serve: decode expert cache hit rate: 41.5% (174 hits / 419 lookups)
strata serve: KV streaming: 98.56% of 4288776 block reads hit VRAM, 248.6 MiB read from RAM
strata serve: prompt 33883 tokens = 33882 reused + 1 read in 3 ms (359.8 tok/s), 1 generated in 41 ms (24.2 tok/s), drafts accepted 0 of 0, 3 checkpoints
strata serve: decode expert cache hit rate: 34.4% (143 hits / 416 lookups)
strata serve: KV streaming: 98.56% of 4294932 block reads hit VRAM, 249.4 MiB read from RAM
strata serve: prompt 33884 tokens = 33883 reused + 1 read in 3 ms (358.0 tok/s), 1 generated in 37 ms (27.4 tok/s), drafts accepted 0 of 0, 3 checkpoints
strata serve: decode expert cache hit rate: 48.6% (209 hits / 430 lookups)
strata serve: KV streaming: 98.56% of 4301088 block reads hit VRAM, 249.6 MiB read from RAM
strata serve: prompt 33885 tokens = 33884 reused + 1 read in 3 ms (360.7 tok/s), 1 generated in 41 ms (24.3 tok/s), drafts accepted 0 of 0, 3 checkpoints
strata serve: decode expert cache hit rate: 28.7% (117 hits / 407 lookups)
strata serve: KV streaming: 98.56% of 4307256 block reads hit VRAM, 250.3 MiB read from RAM
strata serve: prompt 33886 tokens = 33885 reused + 1 read in 3 ms (359.4 tok/s), 1 generated in 40 ms (25.2 tok/s), drafts accepted 0 of 0, 3 checkpoints
strata serve: decode expert cache hit rate: 36.1% (150 hits / 415 lookups)
strata serve: KV streaming: 98.56% of 4313424 block reads hit VRAM, 250.7 MiB read from RAM
strata serve: prompt 33887 tokens = 33886 reused + 1 read in 3 ms (359.7 tok/s), 1 generated in 40 ms (24.8 tok/s), drafts accepted 0 of 0, 3 checkpoints
strata serve: decode expert cache hit rate: 36.3% (150 hits / 413 lookups)
strata serve: KV streaming: 98.55% of 4319580 block reads hit VRAM, 251.7 MiB read from RAM
strata serve: prompt 33888 tokens = 33887 reused + 1 read in 3 ms (355.8 tok/s), 1 generated in 43 ms (23.3 tok/s), drafts accepted 0 of 0, 3 checkpoints
strata serve: decode expert cache hit rate: 39.7% (165 hits / 416 lookups)
strata serve: KV streaming: 98.55% of 4325736 block reads hit VRAM, 252.6 MiB read from RAM
strata serve: prompt 33889 tokens = 33888 reused + 1 read in 3 ms (360.5 tok/s), 1 generated in 38 ms (26.2 tok/s), drafts accepted 0 of 0, 3 checkpoints
strata serve: decode expert cache hit rate: 46.6% (199 hits / 427 lookups)
strata serve: KV streaming: 98.55% of 4331904 block reads hit VRAM, 253.4 MiB read from RAM
strata serve: prompt 33890 tokens = 33889 reused + 1 read in 3 ms (358.4 tok/s), 1 generated in 40 ms (24.9 tok/s), drafts accepted 0 of 0, 3 checkpoints
strata serve: decode expert cache hit rate: 38.8% (162 hits / 418 lookups)
strata serve: KV streaming: 98.54% of 4338072 block reads hit VRAM, 254.4 MiB read from RAM
strata serve: prompt 33891 tokens = 33890 reused + 1 read in 3 ms (360.0 tok/s), 1 generated in 37 ms (27.4 tok/s), drafts accepted 0 of 0, 3 checkpoints
strata serve: decode expert cache hit rate: 46.4% (198 hits / 427 lookups)
strata serve: KV streaming: 98.54% of 4344228 block reads hit VRAM, 255.0 MiB read from RAM
strata serve: prompt 33892 tokens = 33891 reused + 1 read in 3 ms (358.0 tok/s), 1 generated in 38 ms (26.4 tok/s), drafts accepted 0 of 0, 3 checkpoints
strata serve: decode expert cache hit rate: 44.4% (191 hits / 430 lookups)
strata serve: KV streaming: 98.54% of 4350384 block reads hit VRAM, 256.1 MiB read from RAM
strata serve: prompt 33893 tokens = 33892 reused + 1 read in 3 ms (360.5 tok/s), 1 generated in 40 ms (24.7 tok/s), drafts accepted 0 of 0, 3 checkpoints
strata serve: decode expert cache hit rate: 30.6% (125 hits / 408 lookups)
strata serve: KV streaming: 98.53% of 4356552 block reads hit VRAM, 257.5 MiB read from RAM
strata serve: prompt 33894 tokens = 33893 reused + 1 read in 3 ms (346.2 tok/s), 1 generated in 37 ms (27.0 tok/s), drafts accepted 0 of 0, 3 checkpoints
strata serve: decode expert cache hit rate: 48.9% (209 hits / 427 lookups)
strata serve: KV streaming: 98.53% of 4362720 block reads hit VRAM, 257.8 MiB read from RAM
strata serve: prompt 33895 tokens = 33894 reused + 1 read in 3 ms (359.6 tok/s), 1 generated in 41 ms (24.5 tok/s), drafts accepted 0 of 0, 3 checkpoints
strata serve: decode expert cache hit rate: 33.9% (141 hits / 416 lookups)
strata serve: KV streaming: 98.53% of 4368876 block reads hit VRAM, 258.6 MiB read from RAM
strata serve: prompt 33896 tokens = 33895 reused + 1 read in 3 ms (360.0 tok/s), 1 generated in 35 ms (28.3 tok/s), drafts accepted 0 of 0, 3 checkpoints
strata serve: decode expert cache hit rate: 49.1% (212 hits / 432 lookups)
strata serve: KV streaming: 98.53% of 4375032 block reads hit VRAM, 258.8 MiB read from RAM
strata serve: prompt 33897 tokens = 33896 reused + 1 read in 3 ms (360.7 tok/s), 1 generated in 41 ms (24.4 tok/s), drafts accepted 0 of 0, 3 checkpoints
strata serve: decode expert cache hit rate: 29.6% (120 hits / 406 lookups)
strata serve: KV streaming: 98.53% of 4381200 block reads hit VRAM, 259.7 MiB read from RAM
strata serve: prompt 33898 tokens = 33897 reused + 1 read in 3 ms (359.9 tok/s), 1 generated in 38 ms (26.2 tok/s), drafts accepted 0 of 0, 3 checkpoints
strata serve: decode expert cache hit rate: 41.8% (176 hits / 421 lookups)
strata serve: KV streaming: 98.53% of 4387368 block reads hit VRAM, 259.8 MiB read from RAM
strata serve: prompt 33899 tokens = 33898 reused + 1 read in 3 ms (360.1 tok/s), 1 generated in 40 ms (25.3 tok/s), drafts accepted 0 of 0, 3 checkpoints
strata serve: decode expert cache hit rate: 34.5% (142 hits / 411 lookups)
strata serve: KV streaming: 98.53% of 4393524 block reads hit VRAM, 260.5 MiB read from RAM
strata serve: prompt 33900 tokens = 33899 reused + 1 read in 3 ms (360.6 tok/s), 1 generated in 39 ms (25.8 tok/s), drafts accepted 0 of 0, 3 checkpoints
strata serve: decode expert cache hit rate: 40.1% (169 hits / 421 lookups)
strata serve: KV streaming: 98.53% of 4399680 block reads hit VRAM, 261.1 MiB read from RAM
strata serve: prompt 33901 tokens = 33900 reused + 1 read in 3 ms (360.3 tok/s), 1 generated in 38 ms (26.0 tok/s), drafts accepted 0 of 0, 3 checkpoints
strata serve: decode expert cache hit rate: 40.8% (172 hits / 422 lookups)
strata serve: KV streaming: 98.53% of 4405848 block reads hit VRAM, 261.3 MiB read from RAM
strata serve: prompt 33902 tokens = 33901 reused + 1 read in 3 ms (359.8 tok/s), 1 generated in 39 ms (25.6 tok/s), drafts accepted 0 of 0, 3 checkpoints
strata serve: decode expert cache hit rate: 38.0% (157 hits / 413 lookups)
strata serve: KV streaming: 98.52% of 4412016 block reads hit VRAM, 262.6 MiB read from RAM
strata serve: prompt 33903 tokens = 33902 reused + 1 read in 3 ms (357.6 tok/s), 1 generated in 40 ms (25.3 tok/s), drafts accepted 0 of 0, 3 checkpoints
strata serve: decode expert cache hit rate: 41.4% (175 hits / 423 lookups)
strata serve: KV streaming: 98.52% of 4418172 block reads hit VRAM, 263.1 MiB read from RAM
strata serve: prompt 33904 tokens = 33903 reused + 1 read in 3 ms (360.3 tok/s), 1 generated in 37 ms (27.1 tok/s), drafts accepted 0 of 0, 3 checkpoints
strata serve: decode expert cache hit rate: 45.9% (195 hits / 425 lookups)
strata serve: KV streaming: 98.52% of 4424328 block reads hit VRAM, 263.7 MiB read from RAM
strata serve: prompt 33905 tokens = 33904 reused + 1 read in 3 ms (358.9 tok/s), 1 generated in 40 ms (24.8 tok/s), drafts accepted 0 of 0, 3 checkpoints
strata serve: decode expert cache hit rate: 35.9% (148 hits / 412 lookups)
strata serve: KV streaming: 98.52% of 4430496 block reads hit VRAM, 264.6 MiB read from RAM
strata serve: prompt 33906 tokens = 33905 reused + 1 read in 3 ms (360.1 tok/s), 1 generated in 33 ms (30.3 tok/s), drafts accepted 0 of 0, 3 checkpoints
strata serve: decode expert cache hit rate: 58.7% (259 hits / 441 lookups)
strata serve: KV streaming: 98.52% of 4436664 block reads hit VRAM, 265.4 MiB read from RAM
strata serve: prompt 33907 tokens = 33906 reused + 1 read in 3 ms (360.1 tok/s), 1 generated in 42 ms (23.5 tok/s), drafts accepted 0 of 0, 3 checkpoints
strata serve: decode expert cache hit rate: 41.3% (173 hits / 419 lookups)
strata serve: KV streaming: 98.51% of 4442820 block reads hit VRAM, 266.4 MiB read from RAM
strata serve: prompt 33908 tokens = 33907 reused + 1 read in 3 ms (360.3 tok/s), 1 generated in 35 ms (28.6 tok/s), drafts accepted 0 of 0, 3 checkpoints
strata serve: decode expert cache hit rate: 53.0% (231 hits / 436 lookups)
strata serve: KV streaming: 98.51% of 4448976 block reads hit VRAM, 266.8 MiB read from RAM
strata serve: prompt 33909 tokens = 33908 reused + 1 read in 3 ms (360.0 tok/s), 1 generated in 40 ms (24.8 tok/s), drafts accepted 0 of 0, 3 checkpoints
strata serve: decode expert cache hit rate: 32.8% (135 hits / 412 lookups)
strata serve: KV streaming: 98.51% of 4455144 block reads hit VRAM, 267.2 MiB read from RAM
strata serve: prompt 33910 tokens = 33909 reused + 1 read in 3 ms (360.3 tok/s), 1 generated in 39 ms (25.4 tok/s), drafts accepted 0 of 0, 3 checkpoints
strata serve: decode expert cache hit rate: 38.1% (158 hits / 415 lookups)
strata serve: KV streaming: 98.51% of 4461312 block reads hit VRAM, 267.3 MiB read from RAM
strata serve: prompt 33911 tokens = 33910 reused + 1 read in 3 ms (360.3 tok/s), 1 generated in 39 ms (25.9 tok/s), drafts accepted 0 of 0, 3 checkpoints
strata serve: decode expert cache hit rate: 39.9% (167 hits / 419 lookups)
strata serve: KV streaming: 98.51% of 4467468 block reads hit VRAM, 267.6 MiB read from RAM
strata serve: prompt 33912 tokens = 33911 reused + 1 read in 3 ms (360.4 tok/s), 1 generated in 38 ms (26.2 tok/s), drafts accepted 0 of 0, 3 checkpoints
strata serve: decode expert cache hit rate: 40.5% (171 hits / 422 lookups)
strata serve: KV streaming: 98.52% of 4473624 block reads hit VRAM, 267.6 MiB read from RAM
strata serve: prompt 33913 tokens = 33912 reused + 1 read in 3 ms (359.7 tok/s), 1 generated in 35 ms (28.5 tok/s), drafts accepted 0 of 0, 3 checkpoints
strata serve: decode expert cache hit rate: 53.8% (233 hits / 433 lookups)
strata serve: KV streaming: 98.52% of 4479792 block reads hit VRAM, 267.9 MiB read from RAM
strata serve: prompt 33914 tokens = 33913 reused + 1 read in 3 ms (360.4 tok/s), 1 generated in 39 ms (25.9 tok/s), drafts accepted 0 of 0, 3 checkpoints
strata serve: decode expert cache hit rate: 40.7% (171 hits / 420 lookups)
strata serve: KV streaming: 98.52% of 4485960 block reads hit VRAM, 268.1 MiB read from RAM
strata serve: prompt 33915 tokens = 33914 reused + 1 read in 3 ms (360.4 tok/s), 1 generated in 38 ms (26.4 tok/s), drafts accepted 0 of 0, 3 checkpoints
strata serve: decode expert cache hit rate: 47.8% (205 hits / 429 lookups)
strata serve: KV streaming: 98.52% of 4492116 block reads hit VRAM, 268.2 MiB read from RAM
strata serve: prompt 33916 tokens = 33915 reused + 1 read in 3 ms (359.7 tok/s), 1 generated in 40 ms (25.0 tok/s), drafts accepted 0 of 0, 3 checkpoints
strata serve: decode expert cache hit rate: 35.5% (147 hits / 414 lookups)
strata serve: KV streaming: 98.52% of 4498272 block reads hit VRAM, 268.6 MiB read from RAM
strata serve: prompt 33917 tokens = 33916 reused + 1 read in 3 ms (359.8 tok/s), 1 generated in 41 ms (24.7 tok/s), drafts accepted 0 of 0, 3 checkpoints
strata serve: decode expert cache hit rate: 39.3% (166 hits / 422 lookups)
strata serve: KV streaming: 98.52% of 4504440 block reads hit VRAM, 268.6 MiB read from RAM
strata serve: prompt 33918 tokens = 33917 reused + 1 read in 3 ms (356.4 tok/s), 1 generated in 35 ms (28.8 tok/s), drafts accepted 0 of 0, 3 checkpoints
strata serve: decode expert cache hit rate: 52.8% (229 hits / 434 lookups)
strata serve: KV streaming: 98.52% of 4510608 block reads hit VRAM, 268.6 MiB read from RAM
strata serve: prompt 33919 tokens = 33918 reused + 1 read in 3 ms (360.7 tok/s), 1 generated in 35 ms (28.8 tok/s), drafts accepted 0 of 0, 3 checkpoints
strata serve: decode expert cache hit rate: 55.5% (244 hits / 440 lookups)
strata serve: KV streaming: 98.52% of 4516764 block reads hit VRAM, 268.7 MiB read from RAM
strata serve: prompt 33920 tokens = 33919 reused + 1 read in 3 ms (360.0 tok/s), 1 generated in 35 ms (28.7 tok/s), drafts accepted 0 of 0, 3 checkpoints
strata serve: decode expert cache hit rate: 53.1% (233 hits / 439 lookups)
strata serve: KV streaming: 98.52% of 4522920 block reads hit VRAM, 269.0 MiB read from RAM
strata serve: prompt 33921 tokens = 33920 reused + 1 read in 3 ms (360.6 tok/s), 1 generated in 35 ms (28.5 tok/s), drafts accepted 0 of 0, 3 checkpoints
strata serve: decode expert cache hit rate: 53.5% (232 hits / 434 lookups)
strata serve: KV streaming: 98.52% of 4529088 block reads hit VRAM, 269.2 MiB read from RAM
strata serve: prompt 33922 tokens = 33921 reused + 1 read in 3 ms (359.3 tok/s), 1 generated in 39 ms (25.9 tok/s), drafts accepted 0 of 0, 3 checkpoints
strata serve: decode expert cache hit rate: 37.4% (156 hits / 417 lookups)
strata serve: KV streaming: 98.52% of 4535256 block reads hit VRAM, 269.5 MiB read from RAM
strata serve: prompt 33923 tokens = 33922 reused + 1 read in 3 ms (359.8 tok/s), 1 generated in 40 ms (25.1 tok/s), drafts accepted 0 of 0, 3 checkpoints
strata serve: decode expert cache hit rate: 33.7% (138 hits / 410 lookups)
strata serve: KV streaming: 98.52% of 4541412 block reads hit VRAM, 269.9 MiB read from RAM
strata serve: prompt 33924 tokens = 33923 reused + 1 read in 3 ms (353.9 tok/s), 1 generated in 39 ms (25.9 tok/s), drafts accepted 0 of 0, 3 checkpoints
strata serve: decode expert cache hit rate: 35.7% (147 hits / 412 lookups)
strata serve: KV streaming: 98.52% of 4547568 block reads hit VRAM, 270.5 MiB read from RAM
strata serve: prompt 33925 tokens = 33924 reused + 1 read in 3 ms (360.5 tok/s), 1 generated in 40 ms (24.7 tok/s), drafts accepted 0 of 0, 3 checkpoints
strata serve: decode expert cache hit rate: 31.1% (127 hits / 408 lookups)
strata serve: KV streaming: 98.52% of 4553736 block reads hit VRAM, 271.9 MiB read from RAM
strata serve: prompt 33926 tokens = 33925 reused + 1 read in 3 ms (359.5 tok/s), 1 generated in 39 ms (25.4 tok/s), drafts accepted 0 of 0, 3 checkpoints
strata serve: decode expert cache hit rate: 34.1% (140 hits / 411 lookups)
strata serve: KV streaming: 98.52% of 4559904 block reads hit VRAM, 272.0 MiB read from RAM
strata serve: prompt 33927 tokens = 33926 reused + 1 read in 3 ms (359.9 tok/s), 1 generated in 39 ms (25.6 tok/s), drafts accepted 0 of 0, 3 checkpoints
strata serve: decode expert cache hit rate: 39.2% (164 hits / 418 lookups)
strata serve: KV streaming: 98.52% of 4566060 block reads hit VRAM, 272.6 MiB read from RAM
strata serve: prompt 33928 tokens = 33927 reused + 1 read in 3 ms (360.0 tok/s), 1 generated in 36 ms (27.9 tok/s), drafts accepted 0 of 0, 3 checkpoints
strata serve: decode expert cache hit rate: 41.4% (174 hits / 420 lookups)
strata serve: KV streaming: 98.52% of 4572216 block reads hit VRAM, 273.2 MiB read from RAM
strata serve: prompt 33929 tokens = 33928 reused + 1 read in 3 ms (360.3 tok/s), 1 generated in 37 ms (27.1 tok/s), drafts accepted 0 of 0, 3 checkpoints
strata serve: decode expert cache hit rate: 42.7% (181 hits / 424 lookups)
strata serve: KV streaming: 98.51% of 4578384 block reads hit VRAM, 274.2 MiB read from RAM
strata serve: prompt 33930 tokens = 33929 reused + 1 read in 3 ms (359.7 tok/s), 1 generated in 40 ms (25.2 tok/s), drafts accepted 0 of 0, 3 checkpoints
strata serve: decode expert cache hit rate: 33.6% (139 hits / 414 lookups)
strata serve: KV streaming: 98.51% of 4584552 block reads hit VRAM, 275.3 MiB read from RAM
strata serve: prompt 33931 tokens = 33930 reused + 1 read in 3 ms (359.3 tok/s), 1 generated in 40 ms (24.8 tok/s), drafts accepted 0 of 0, 3 checkpoints
strata serve: decode expert cache hit rate: 42.5% (180 hits / 424 lookups)
strata serve: KV streaming: 98.51% of 4590708 block reads hit VRAM, 275.4 MiB read from RAM
strata serve: prompt 33932 tokens = 33931 reused + 1 read in 3 ms (360.2 tok/s), 1 generated in 41 ms (24.4 tok/s), drafts accepted 0 of 0, 3 checkpoints
strata serve: decode expert cache hit rate: 35.6% (147 hits / 413 lookups)
strata serve: KV streaming: 98.51% of 4596864 block reads hit VRAM, 276.1 MiB read from RAM
strata serve: prompt 33933 tokens = 33932 reused + 1 read in 3 ms (360.7 tok/s), 1 generated in 39 ms (25.5 tok/s), drafts accepted 0 of 0, 3 checkpoints
strata serve: decode expert cache hit rate: 39.3% (165 hits / 420 lookups)
strata serve: KV streaming: 98.51% of 4603032 block reads hit VRAM, 276.3 MiB read from RAM
strata serve: prompt 33934 tokens = 33933 reused + 1 read in 3 ms (359.3 tok/s), 1 generated in 40 ms (24.8 tok/s), drafts accepted 0 of 0, 3 checkpoints
strata serve: decode expert cache hit rate: 35.2% (146 hits / 415 lookups)
strata serve: KV streaming: 98.51% of 4609200 block reads hit VRAM, 277.1 MiB read from RAM
strata serve: prompt 33935 tokens = 33934 reused + 1 read in 3 ms (360.1 tok/s), 1 generated in 38 ms (26.5 tok/s), drafts accepted 0 of 0, 3 checkpoints
strata serve: decode expert cache hit rate: 43.4% (184 hits / 424 lookups)
strata serve: KV streaming: 98.51% of 4615356 block reads hit VRAM, 277.5 MiB read from RAM
strata serve: prompt 33936 tokens = 33935 reused + 1 read in 3 ms (355.0 tok/s), 1 generated in 41 ms (24.7 tok/s), drafts accepted 0 of 0, 3 checkpoints
strata serve: decode expert cache hit rate: 40.3% (169 hits / 419 lookups)
strata serve: KV streaming: 98.51% of 4621512 block reads hit VRAM, 277.8 MiB read from RAM
strata serve: prompt 33937 tokens = 33936 reused + 1 read in 3 ms (360.0 tok/s), 1 generated in 35 ms (28.8 tok/s), drafts accepted 0 of 0, 3 checkpoints
strata serve: decode expert cache hit rate: 54.1% (236 hits / 436 lookups)
strata serve: KV streaming: 98.51% of 4627680 block reads hit VRAM, 277.9 MiB read from RAM
strata serve: prompt 33938 tokens = 33937 reused + 1 read in 3 ms (359.2 tok/s), 1 generated in 41 ms (24.4 tok/s), drafts accepted 0 of 0, 3 checkpoints
strata serve: decode expert cache hit rate: 33.3% (137 hits / 412 lookups)
strata serve: KV streaming: 98.51% of 4633848 block reads hit VRAM, 278.2 MiB read from RAM
strata serve: prompt 33939 tokens = 33938 reused + 1 read in 3 ms (359.2 tok/s), 1 generated in 41 ms (24.2 tok/s), drafts accepted 0 of 0, 3 checkpoints
strata serve: decode expert cache hit rate: 35.0% (143 hits / 409 lookups)
strata serve: KV streaming: 98.51% of 4640004 block reads hit VRAM, 279.0 MiB read from RAM
strata serve: prompt 33940 tokens = 33939 reused + 1 read in 3 ms (351.6 tok/s), 1 generated in 43 ms (23.0 tok/s), drafts accepted 0 of 0, 3 checkpoints
strata serve: decode expert cache hit rate: 39.7% (167 hits / 421 lookups)
strata serve: KV streaming: 98.50% of 4646160 block reads hit VRAM, 280.3 MiB read from RAM
strata serve: prompt 33941 tokens = 33940 reused + 1 read in 3 ms (360.8 tok/s), 1 generated in 38 ms (26.3 tok/s), drafts accepted 0 of 0, 3 checkpoints
strata serve: decode expert cache hit rate: 43.5% (183 hits / 421 lookups)
strata serve: KV streaming: 98.50% of 4652328 block reads hit VRAM, 280.4 MiB read from RAM
strata serve: prompt 33942 tokens = 33941 reused + 1 read in 3 ms (358.5 tok/s), 1 generated in 42 ms (24.1 tok/s), drafts accepted 0 of 0, 3 checkpoints
strata serve: decode expert cache hit rate: 31.5% (129 hits / 409 lookups)
strata serve: KV streaming: 98.50% of 4658496 block reads hit VRAM, 282.2 MiB read from RAM
strata serve: prompt 33943 tokens = 33942 reused + 1 read in 3 ms (359.7 tok/s), 1 generated in 41 ms (24.4 tok/s), drafts accepted 0 of 0, 3 checkpoints
strata serve: decode expert cache hit rate: 31.7% (131 hits / 413 lookups)
strata serve: KV streaming: 98.49% of 4664652 block reads hit VRAM, 284.0 MiB read from RAM
strata serve: prompt 33944 tokens = 33943 reused + 1 read in 3 ms (359.3 tok/s), 1 generated in 38 ms (26.5 tok/s), drafts accepted 0 of 0, 3 checkpoints
strata serve: decode expert cache hit rate: 42.1% (178 hits / 423 lookups)
strata serve: KV streaming: 98.49% of 4670808 block reads hit VRAM, 284.4 MiB read from RAM
strata serve: prompt 33945 tokens = 33944 reused + 1 read in 3 ms (359.4 tok/s), 1 generated in 42 ms (23.8 tok/s), drafts accepted 0 of 0, 3 checkpoints
strata serve: decode expert cache hit rate: 42.1% (178 hits / 423 lookups)
strata serve: KV streaming: 98.49% of 4676976 block reads hit VRAM, 284.6 MiB read from RAM
strata serve: prompt 33946 tokens = 33945 reused + 1 read in 3 ms (357.2 tok/s), 1 generated in 41 ms (24.4 tok/s), drafts accepted 0 of 0, 3 checkpoints
strata serve: decode expert cache hit rate: 33.0% (136 hits / 412 lookups)
strata serve: KV streaming: 98.48% of 4683144 block reads hit VRAM, 286.3 MiB read from RAM
strata serve: prompt 33947 tokens = 33946 reused + 1 read in 3 ms (359.9 tok/s), 1 generated in 40 ms (25.0 tok/s), drafts accepted 0 of 0, 3 checkpoints
strata serve: decode expert cache hit rate: 34.8% (143 hits / 411 lookups)
strata serve: KV streaming: 98.48% of 4689300 block reads hit VRAM, 287.4 MiB read from RAM
strata serve: prompt 33948 tokens = 33947 reused + 1 read in 3 ms (359.6 tok/s), 1 generated in 39 ms (25.8 tok/s), drafts accepted 0 of 0, 3 checkpoints
strata serve: decode expert cache hit rate: 40.0% (167 hits / 418 lookups)
strata serve: KV streaming: 98.48% of 4695456 block reads hit VRAM, 288.2 MiB read from RAM
strata serve: prompt 33949 tokens = 33948 reused + 1 read in 3 ms (359.7 tok/s), 1 generated in 42 ms (23.8 tok/s), drafts accepted 0 of 0, 3 checkpoints
strata serve: decode expert cache hit rate: 27.8% (113 hits / 407 lookups)
strata serve: KV streaming: 98.47% of 4701624 block reads hit VRAM, 289.6 MiB read from RAM
strata serve: prompt 33950 tokens = 33949 reused + 1 read in 3 ms (360.3 tok/s), 1 generated in 40 ms (24.8 tok/s), drafts accepted 0 of 0, 3 checkpoints
strata serve: decode expert cache hit rate: 35.9% (149 hits / 415 lookups)
strata serve: KV streaming: 98.47% of 4707792 block reads hit VRAM, 290.3 MiB read from RAM
strata serve: prompt 33951 tokens = 33950 reused + 1 read in 3 ms (358.9 tok/s), 1 generated in 40 ms (25.1 tok/s), drafts accepted 0 of 0, 3 checkpoints
strata serve: decode expert cache hit rate: 48.8% (211 hits / 432 lookups)
strata serve: KV streaming: 98.47% of 4713948 block reads hit VRAM, 290.7 MiB read from RAM
strata serve: prompt 33952 tokens = 33951 reused + 1 read in 3 ms (359.0 tok/s), 1 generated in 44 ms (22.6 tok/s), drafts accepted 0 of 0, 3 checkpoints
strata serve: decode expert cache hit rate: 31.2% (128 hits / 410 lookups)
strata serve: KV streaming: 98.46% of 4720104 block reads hit VRAM, 292.1 MiB read from RAM
strata serve: prompt 33953 tokens = 33952 reused + 1 read in 3 ms (355.3 tok/s), 1 generated in 40 ms (25.0 tok/s), drafts accepted 0 of 0, 3 checkpoints
strata serve: decode expert cache hit rate: 45.0% (192 hits / 427 lookups)
strata serve: KV streaming: 98.46% of 4726272 block reads hit VRAM, 292.4 MiB read from RAM
strata serve: prompt 33954 tokens = 33953 reused + 1 read in 3 ms (357.3 tok/s), 1 generated in 46 ms (21.8 tok/s), drafts accepted 0 of 0, 3 checkpoints
strata serve: decode expert cache hit rate: 24.8% (100 hits / 404 lookups)
strata serve: KV streaming: 98.46% of 4732440 block reads hit VRAM, 294.2 MiB read from RAM
strata serve: prompt 33955 tokens = 33954 reused + 1 read in 3 ms (355.5 tok/s), 1 generated in 42 ms (23.9 tok/s), drafts accepted 0 of 0, 3 checkpoints
strata serve: decode expert cache hit rate: 38.8% (162 hits / 418 lookups)
strata serve: KV streaming: 98.46% of 4738596 block reads hit VRAM, 294.4 MiB read from RAM
strata serve: prompt 33956 tokens = 33955 reused + 1 read in 3 ms (349.5 tok/s), 1 generated in 44 ms (22.6 tok/s), drafts accepted 0 of 0, 3 checkpoints
strata serve: decode expert cache hit rate: 28.6% (115 hits / 402 lookups)
strata serve: KV streaming: 98.46% of 4744752 block reads hit VRAM, 294.8 MiB read from RAM
strata serve: prompt 33957 tokens = 33956 reused + 1 read in 3 ms (357.8 tok/s), 1 generated in 39 ms (25.8 tok/s), drafts accepted 0 of 0, 3 checkpoints
strata serve: decode expert cache hit rate: 48.7% (209 hits / 429 lookups)
strata serve: KV streaming: 98.46% of 4750920 block reads hit VRAM, 294.9 MiB read from RAM
strata serve: prompt 33958 tokens = 33957 reused + 1 read in 3 ms (356.0 tok/s), 1 generated in 50 ms (20.1 tok/s), drafts accepted 0 of 0, 3 checkpoints
strata serve: decode expert cache hit rate: 25.9% (105 hits / 406 lookups)
strata serve: KV streaming: 98.45% of 4757088 block reads hit VRAM, 296.3 MiB read from RAM
strata serve: prompt 33959 tokens = 33958 reused + 1 read in 3 ms (354.0 tok/s), 1 generated in 43 ms (23.4 tok/s), drafts accepted 0 of 0, 3 checkpoints
strata serve: decode expert cache hit rate: 45.1% (193 hits / 428 lookups)
strata serve: KV streaming: 98.45% of 4763244 block reads hit VRAM, 296.5 MiB read from RAM
strata serve: prompt 33960 tokens = 33959 reused + 1 read in 3 ms (360.1 tok/s), 1 generated in 43 ms (23.4 tok/s), drafts accepted 0 of 0, 3 checkpoints
strata serve: decode expert cache hit rate: 35.9% (150 hits / 418 lookups)
strata serve: KV streaming: 98.45% of 4769400 block reads hit VRAM, 296.8 MiB read from RAM
strata serve: prompt 33961 tokens = 33960 reused + 1 read in 3 ms (359.6 tok/s), 1 generated in 45 ms (22.3 tok/s), drafts accepted 0 of 0, 3 checkpoints
strata serve: decode expert cache hit rate: 22.8% (91 hits / 400 lookups)
strata serve: KV streaming: 98.45% of 4775568 block reads hit VRAM, 298.5 MiB read from RAM
strata serve: prompt 33962 tokens = 33961 reused + 1 read in 3 ms (360.5 tok/s), 1 generated in 42 ms (23.6 tok/s), drafts accepted 0 of 0, 3 checkpoints
strata serve: decode expert cache hit rate: 28.4% (115 hits / 405 lookups)
strata serve: KV streaming: 98.45% of 4781736 block reads hit VRAM, 299.1 MiB read from RAM
strata serve: prompt 33963 tokens = 33962 reused + 1 read in 3 ms (359.3 tok/s), 1 generated in 40 ms (25.1 tok/s), drafts accepted 0 of 0, 3 checkpoints
strata serve: decode expert cache hit rate: 37.3% (155 hits / 416 lookups)
strata serve: KV streaming: 98.45% of 4787892 block reads hit VRAM, 299.5 MiB read from RAM
strata serve: prompt 33964 tokens = 33963 reused + 1 read in 3 ms (360.0 tok/s), 1 generated in 42 ms (23.9 tok/s), drafts accepted 0 of 0, 3 checkpoints
strata serve: decode expert cache hit rate: 28.9% (118 hits / 409 lookups)
strata serve: KV streaming: 98.44% of 4794048 block reads hit VRAM, 300.6 MiB read from RAM
strata serve: prompt 33965 tokens = 33964 reused + 1 read in 3 ms (360.1 tok/s), 1 generated in 40 ms (25.3 tok/s), drafts accepted 0 of 0, 3 checkpoints
strata serve: decode expert cache hit rate: 34.1% (141 hits / 413 lookups)
strata serve: KV streaming: 98.44% of 4800216 block reads hit VRAM, 301.0 MiB read from RAM
strata serve: prompt 33966 tokens = 33965 reused + 1 read in 3 ms (360.0 tok/s), 1 generated in 43 ms (23.5 tok/s), drafts accepted 0 of 0, 3 checkpoints
strata serve: decode expert cache hit rate: 32.4% (133 hits / 411 lookups)
strata serve: KV streaming: 98.44% of 4806384 block reads hit VRAM, 301.3 MiB read from RAM
strata serve: prompt 33967 tokens = 33966 reused + 1 read in 3 ms (360.8 tok/s), 1 generated in 41 ms (24.6 tok/s), drafts accepted 0 of 0, 3 checkpoints
strata serve: decode expert cache hit rate: 33.5% (139 hits / 415 lookups)
strata serve: KV streaming: 98.44% of 4812540 block reads hit VRAM, 301.5 MiB read from RAM
strata serve: prompt 33968 tokens = 33967 reused + 1 read in 3 ms (358.3 tok/s), 1 generated in 39 ms (26.0 tok/s), drafts accepted 0 of 0, 3 checkpoints
strata serve: decode expert cache hit rate: 41.1% (173 hits / 421 lookups)
strata serve: KV streaming: 98.45% of 4818696 block reads hit VRAM, 301.7 MiB read from RAM
strata serve: prompt 33969 tokens = 33968 reused + 1 read in 3 ms (360.2 tok/s), 1 generated in 42 ms (23.7 tok/s), drafts accepted 0 of 0, 3 checkpoints
strata serve: decode expert cache hit rate: 28.0% (114 hits / 407 lookups)
strata serve: KV streaming: 98.45% of 4824864 block reads hit VRAM, 302.0 MiB read from RAM
strata serve: prompt 33970 tokens = 33969 reused + 1 read in 3 ms (359.6 tok/s), 1 generated in 41 ms (24.3 tok/s), drafts accepted 0 of 0, 3 checkpoints
strata serve: decode expert cache hit rate: 30.0% (121 hits / 404 lookups)
strata serve: KV streaming: 98.44% of 4831032 block reads hit VRAM, 302.7 MiB read from RAM
strata serve: prompt 33971 tokens = 33970 reused + 1 read in 3 ms (360.2 tok/s), 1 generated in 44 ms (22.9 tok/s), drafts accepted 0 of 0, 3 checkpoints
strata serve: decode expert cache hit rate: 34.5% (143 hits / 415 lookups)
strata serve: KV streaming: 98.44% of 4837188 block reads hit VRAM, 303.7 MiB read from RAM
strata serve: prompt 33972 tokens = 33971 reused + 1 read in 3 ms (360.5 tok/s), 1 generated in 40 ms (24.7 tok/s), drafts accepted 0 of 0, 3 checkpoints
strata serve: decode expert cache hit rate: 38.2% (160 hits / 419 lookups)
strata serve: KV streaming: 98.44% of 4843344 block reads hit VRAM, 303.8 MiB read from RAM
strata serve: prompt 33973 tokens = 33972 reused + 1 read in 3 ms (354.4 tok/s), 1 generated in 41 ms (24.7 tok/s), drafts accepted 0 of 0, 3 checkpoints
strata serve: decode expert cache hit rate: 34.0% (140 hits / 412 lookups)
strata serve: KV streaming: 98.44% of 4849512 block reads hit VRAM, 305.4 MiB read from RAM
strata serve: prompt 33974 tokens = 33973 reused + 1 read in 3 ms (360.3 tok/s), 1 generated in 44 ms (22.9 tok/s), drafts accepted 0 of 0, 3 checkpoints
strata serve: decode expert cache hit rate: 28.5% (115 hits / 404 lookups)
strata serve: KV streaming: 98.43% of 4855680 block reads hit VRAM, 307.3 MiB read from RAM
strata serve: prompt 33975 tokens = 33974 reused + 1 read in 3 ms (358.1 tok/s), 1 generated in 40 ms (25.1 tok/s), drafts accepted 0 of 0, 3 checkpoints
strata serve: decode expert cache hit rate: 32.9% (136 hits / 413 lookups)
strata serve: KV streaming: 98.43% of 4861836 block reads hit VRAM, 307.9 MiB read from RAM
strata serve: prompt 33976 tokens = 33975 reused + 1 read in 3 ms (358.7 tok/s), 1 generated in 41 ms (24.3 tok/s), drafts accepted 0 of 0, 3 checkpoints
strata serve: decode expert cache hit rate: 31.7% (130 hits / 410 lookups)
strata serve: KV streaming: 98.43% of 4867992 block reads hit VRAM, 308.8 MiB read from RAM
strata serve: prompt 33977 tokens = 33976 reused + 1 read in 3 ms (360.1 tok/s), 1 generated in 44 ms (22.5 tok/s), drafts accepted 0 of 0, 3 checkpoints
strata serve: decode expert cache hit rate: 25.7% (104 hits / 405 lookups)
strata serve: KV streaming: 98.42% of 4874160 block reads hit VRAM, 309.8 MiB read from RAM
strata serve: prompt 33978 tokens = 33977 reused + 1 read in 3 ms (358.8 tok/s), 1 generated in 42 ms (23.9 tok/s), drafts accepted 0 of 0, 3 checkpoints
strata serve: decode expert cache hit rate: 27.8% (113 hits / 407 lookups)
strata serve: KV streaming: 98.42% of 4880328 block reads hit VRAM, 310.4 MiB read from RAM
strata serve: prompt 33979 tokens = 33978 reused + 1 read in 3 ms (360.2 tok/s), 1 generated in 37 ms (27.4 tok/s), drafts accepted 0 of 0, 3 checkpoints
strata serve: decode expert cache hit rate: 51.7% (226 hits / 437 lookups)
strata serve: KV streaming: 98.42% of 4886484 block reads hit VRAM, 310.8 MiB read from RAM
strata serve: prompt 33980 tokens = 33979 reused + 1 read in 3 ms (359.7 tok/s), 1 generated in 41 ms (24.5 tok/s), drafts accepted 0 of 0, 3 checkpoints
strata serve: decode expert cache hit rate: 26.1% (105 hits / 402 lookups)
strata serve: KV streaming: 98.42% of 4892640 block reads hit VRAM, 311.9 MiB read from RAM
strata serve: prompt 33981 tokens = 33980 reused + 1 read in 3 ms (350.5 tok/s), 1 generated in 41 ms (24.2 tok/s), drafts accepted 0 of 0, 3 checkpoints
strata serve: decode expert cache hit rate: 32.0% (131 hits / 409 lookups)
strata serve: KV streaming: 98.42% of 4898808 block reads hit VRAM, 312.4 MiB read from RAM
strata serve: prompt 33982 tokens = 33981 reused + 1 read in 3 ms (360.0 tok/s), 1 generated in 41 ms (24.5 tok/s), drafts accepted 0 of 0, 3 checkpoints
strata serve: decode expert cache hit rate: 34.9% (146 hits / 418 lookups)
strata serve: KV streaming: 98.41% of 4904976 block reads hit VRAM, 313.5 MiB read from RAM
strata serve: prompt 33983 tokens = 33982 reused + 1 read in 3 ms (360.1 tok/s), 1 generated in 40 ms (25.2 tok/s), drafts accepted 0 of 0, 3 checkpoints
strata serve: decode expert cache hit rate: 34.1% (142 hits / 416 lookups)
strata serve: KV streaming: 98.41% of 4911132 block reads hit VRAM, 313.6 MiB read from RAM
strata serve: prompt 33984 tokens = 33983 reused + 1 read in 3 ms (360.1 tok/s), 1 generated in 43 ms (23.2 tok/s), drafts accepted 0 of 0, 3 checkpoints
strata serve: decode expert cache hit rate: 23.0% (93 hits / 404 lookups)
strata serve: KV streaming: 98.42% of 4917288 block reads hit VRAM, 313.7 MiB read from RAM
strata serve: prompt 33985 tokens = 33984 reused + 1 read in 3 ms (359.4 tok/s), 1 generated in 43 ms (23.4 tok/s), drafts accepted 0 of 0, 3 checkpoints
strata serve: decode expert cache hit rate: 23.4% (94 hits / 402 lookups)
strata serve: KV streaming: 98.41% of 4923456 block reads hit VRAM, 314.7 MiB read from RAM
strata serve: prompt 33986 tokens = 33985 reused + 1 read in 3 ms (360.0 tok/s), 1 generated in 41 ms (24.4 tok/s), drafts accepted 0 of 0, 3 checkpoints
strata serve: decode expert cache hit rate: 35.7% (148 hits / 414 lookups)
strata serve: KV streaming: 98.41% of 4929624 block reads hit VRAM, 315.3 MiB read from RAM
strata serve: prompt 33987 tokens = 33986 reused + 1 read in 3 ms (357.2 tok/s), 1 generated in 43 ms (23.2 tok/s), drafts accepted 0 of 0, 3 checkpoints
strata serve: decode expert cache hit rate: 30.3% (124 hits / 409 lookups)
strata serve: KV streaming: 98.41% of 4935780 block reads hit VRAM, 315.6 MiB read from RAM
strata serve: prompt 33988 tokens = 33987 reused + 1 read in 3 ms (360.9 tok/s), 1 generated in 37 ms (26.8 tok/s), drafts accepted 0 of 0, 3 checkpoints
strata serve: decode expert cache hit rate: 45.0% (192 hits / 427 lookups)
strata serve: KV streaming: 98.41% of 4941936 block reads hit VRAM, 316.3 MiB read from RAM
strata serve: prompt 33989 tokens = 33988 reused + 1 read in 3 ms (359.7 tok/s), 1 generated in 40 ms (24.7 tok/s), drafts accepted 0 of 0, 3 checkpoints
strata serve: decode expert cache hit rate: 32.2% (132 hits / 410 lookups)
strata serve: KV streaming: 98.41% of 4948104 block reads hit VRAM, 317.8 MiB read from RAM
strata serve: prompt 33990 tokens = 33989 reused + 1 read in 3 ms (359.7 tok/s), 1 generated in 41 ms (24.4 tok/s), drafts accepted 0 of 0, 3 checkpoints
strata serve: decode expert cache hit rate: 35.5% (147 hits / 414 lookups)
strata serve: KV streaming: 98.40% of 4954272 block reads hit VRAM, 319.5 MiB read from RAM
strata serve: prompt 33991 tokens = 33990 reused + 1 read in 3 ms (359.7 tok/s), 1 generated in 38 ms (26.0 tok/s), drafts accepted 0 of 0, 3 checkpoints
strata serve: decode expert cache hit rate: 41.8% (176 hits / 421 lookups)
strata serve: KV streaming: 98.40% of 4960428 block reads hit VRAM, 319.7 MiB read from RAM
strata serve: prompt 33992 tokens = 33991 reused + 1 read in 3 ms (360.8 tok/s), 1 generated in 39 ms (25.8 tok/s), drafts accepted 0 of 0, 3 checkpoints
strata serve: decode expert cache hit rate: 42.0% (177 hits / 421 lookups)
strata serve: KV streaming: 98.40% of 4966584 block reads hit VRAM, 320.9 MiB read from RAM
strata serve: prompt 33993 tokens = 33992 reused + 1 read in 3 ms (359.9 tok/s), 1 generated in 38 ms (26.0 tok/s), drafts accepted 0 of 0, 3 checkpoints
strata serve: decode expert cache hit rate: 41.6% (175 hits / 421 lookups)
strata serve: KV streaming: 98.40% of 4972752 block reads hit VRAM, 321.1 MiB read from RAM
strata serve: prompt 33994 tokens = 33993 reused + 1 read in 3 ms (359.0 tok/s), 1 generated in 40 ms (25.0 tok/s), drafts accepted 0 of 0, 3 checkpoints
strata serve: decode expert cache hit rate: 34.8% (144 hits / 414 lookups)
strata serve: KV streaming: 98.40% of 4978920 block reads hit VRAM, 321.3 MiB read from RAM
strata serve: prompt 33995 tokens = 33994 reused + 1 read in 3 ms (356.1 tok/s), 1 generated in 42 ms (23.6 tok/s), drafts accepted 0 of 0, 3 checkpoints
strata serve: decode expert cache hit rate: 27.8% (113 hits / 407 lookups)
strata serve: KV streaming: 98.40% of 4985076 block reads hit VRAM, 322.2 MiB read from RAM
strata serve: prompt 33996 tokens = 33995 reused + 1 read in 3 ms (360.6 tok/s), 1 generated in 42 ms (23.6 tok/s), drafts accepted 0 of 0, 3 checkpoints
strata serve: decode expert cache hit rate: 26.0% (105 hits / 404 lookups)
strata serve: KV streaming: 98.39% of 4991232 block reads hit VRAM, 323.5 MiB read from RAM
strata serve: prompt 33997 tokens = 33996 reused + 1 read in 3 ms (360.7 tok/s), 1 generated in 38 ms (26.3 tok/s), drafts accepted 0 of 0, 3 checkpoints
strata serve: decode expert cache hit rate: 43.4% (183 hits / 422 lookups)
strata serve: KV streaming: 98.39% of 4997400 block reads hit VRAM, 323.7 MiB read from RAM
strata serve: prompt 33998 tokens = 33997 reused + 1 read in 3 ms (359.9 tok/s), 1 generated in 41 ms (24.3 tok/s), drafts accepted 0 of 0, 3 checkpoints
strata serve: decode expert cache hit rate: 36.1% (150 hits / 416 lookups)
strata serve: KV streaming: 98.38% of 5003568 block reads hit VRAM, 325.9 MiB read from RAM
strata serve: prompt 33999 tokens = 33998 reused + 1 read in 3 ms (357.7 tok/s), 1 generated in 39 ms (25.4 tok/s), drafts accepted 0 of 0, 3 checkpoints
strata serve: decode expert cache hit rate: 35.8% (149 hits / 416 lookups)
strata serve: KV streaming: 98.38% of 5009724 block reads hit VRAM, 326.9 MiB read from RAM
strata serve: prompt 34000 tokens = 33999 reused + 1 read in 3 ms (359.5 tok/s), 1 generated in 40 ms (24.9 tok/s), drafts accepted 0 of 0, 3 checkpoints
strata serve: decode expert cache hit rate: 34.5% (142 hits / 411 lookups)
strata serve: KV streaming: 98.38% of 5015880 block reads hit VRAM, 327.2 MiB read from RAM
strata serve: prompt 34001 tokens = 34000 reused + 1 read in 3 ms (356.3 tok/s), 1 generated in 43 ms (23.4 tok/s), drafts accepted 0 of 0, 3 checkpoints
strata serve: decode expert cache hit rate: 29.9% (122 hits / 408 lookups)
strata serve: KV streaming: 98.38% of 5022048 block reads hit VRAM, 328.3 MiB read from RAM
strata serve: prompt 34002 tokens = 34001 reused + 1 read in 3 ms (359.4 tok/s), 1 generated in 42 ms (23.6 tok/s), drafts accepted 0 of 0, 3 checkpoints
strata serve: decode expert cache hit rate: 33.8% (140 hits / 414 lookups)
strata serve: KV streaming: 98.38% of 5028216 block reads hit VRAM, 328.9 MiB read from RAM
strata serve: prompt 34003 tokens = 34002 reused + 1 read in 3 ms (358.1 tok/s), 1 generated in 39 ms (25.5 tok/s), drafts accepted 0 of 0, 3 checkpoints
strata serve: decode expert cache hit rate: 43.4% (184 hits / 424 lookups)
strata serve: KV streaming: 98.38% of 5034372 block reads hit VRAM, 329.3 MiB read from RAM
strata serve: prompt 34004 tokens = 34003 reused + 1 read in 3 ms (357.8 tok/s), 1 generated in 43 ms (23.5 tok/s), drafts accepted 0 of 0, 3 checkpoints
strata serve: decode expert cache hit rate: 28.2% (115 hits / 408 lookups)
strata serve: KV streaming: 98.38% of 5040528 block reads hit VRAM, 329.8 MiB read from RAM
strata serve: prompt 34005 tokens = 34004 reused + 1 read in 3 ms (357.9 tok/s), 1 generated in 46 ms (21.7 tok/s), drafts accepted 0 of 0, 3 checkpoints
strata serve: decode expert cache hit rate: 29.9% (123 hits / 411 lookups)
strata serve: KV streaming: 98.37% of 5046696 block reads hit VRAM, 330.8 MiB read from RAM
strata serve: prompt 34006 tokens = 34005 reused + 1 read in 3 ms (357.1 tok/s), 1 generated in 42 ms (23.9 tok/s), drafts accepted 0 of 0, 3 checkpoints
strata serve: decode expert cache hit rate: 38.4% (161 hits / 419 lookups)
strata serve: KV streaming: 98.37% of 5052864 block reads hit VRAM, 331.0 MiB read from RAM
strata serve: prompt 34007 tokens = 34006 reused + 1 read in 3 ms (357.5 tok/s), 1 generated in 38 ms (26.6 tok/s), drafts accepted 0 of 0, 3 checkpoints
strata serve: decode expert cache hit rate: 48.3% (207 hits / 429 lookups)
strata serve: KV streaming: 98.37% of 5059020 block reads hit VRAM, 331.5 MiB read from RAM
strata serve: prompt 34008 tokens = 34007 reused + 1 read in 3 ms (359.6 tok/s), 1 generated in 43 ms (23.3 tok/s), drafts accepted 0 of 0, 3 checkpoints
strata serve: decode expert cache hit rate: 31.5% (129 hits / 410 lookups)
strata serve: KV streaming: 98.37% of 5065176 block reads hit VRAM, 331.7 MiB read from RAM
strata serve: prompt 34009 tokens = 34008 reused + 1 read in 3 ms (360.5 tok/s), 1 generated in 38 ms (26.5 tok/s), drafts accepted 0 of 0, 3 checkpoints
strata serve: decode expert cache hit rate: 37.9% (158 hits / 417 lookups)
strata serve: KV streaming: 98.37% of 5071344 block reads hit VRAM, 332.0 MiB read from RAM
strata serve: prompt 34010 tokens = 34009 reused + 1 read in 3 ms (359.1 tok/s), 1 generated in 38 ms (26.3 tok/s), drafts accepted 0 of 0, 3 checkpoints
strata serve: decode expert cache hit rate: 40.9% (171 hits / 418 lookups)
strata serve: KV streaming: 98.38% of 5077512 block reads hit VRAM, 332.2 MiB read from RAM
strata serve: prompt 34011 tokens = 34010 reused + 1 read in 3 ms (359.0 tok/s), 1 generated in 41 ms (24.5 tok/s), drafts accepted 0 of 0, 3 checkpoints
strata serve: decode expert cache hit rate: 33.3% (137 hits / 412 lookups)
strata serve: KV streaming: 98.38% of 5083668 block reads hit VRAM, 332.5 MiB read from RAM
strata serve: prompt 34012 tokens = 34011 reused + 1 read in 3 ms (359.9 tok/s), 1 generated in 35 ms (28.7 tok/s), drafts accepted 0 of 0, 3 checkpoints
strata serve: decode expert cache hit rate: 49.0% (212 hits / 433 lookups)
strata serve: KV streaming: 98.38% of 5089824 block reads hit VRAM, 332.8 MiB read from RAM
strata serve: prompt 34013 tokens = 34012 reused + 1 read in 3 ms (360.0 tok/s), 1 generated in 38 ms (26.3 tok/s), drafts accepted 0 of 0, 3 checkpoints
strata serve: decode expert cache hit rate: 46.4% (197 hits / 425 lookups)
strata serve: KV streaming: 98.38% of 5095992 block reads hit VRAM, 333.0 MiB read from RAM
strata serve: prompt 34014 tokens = 34013 reused + 1 read in 3 ms (356.6 tok/s), 1 generated in 41 ms (24.6 tok/s), drafts accepted 0 of 0, 3 checkpoints
strata serve: decode expert cache hit rate: 34.6% (143 hits / 413 lookups)
strata serve: KV streaming: 98.38% of 5102160 block reads hit VRAM, 333.7 MiB read from RAM
strata serve: prompt 34015 tokens = 34014 reused + 1 read in 3 ms (360.0 tok/s), 1 generated in 40 ms (24.8 tok/s), drafts accepted 0 of 0, 3 checkpoints
strata serve: decode expert cache hit rate: 32.0% (131 hits / 410 lookups)
strata serve: KV streaming: 98.38% of 5108316 block reads hit VRAM, 333.9 MiB read from RAM
strata serve: prompt 34016 tokens = 34015 reused + 1 read in 3 ms (360.3 tok/s), 1 generated in 43 ms (23.5 tok/s), drafts accepted 0 of 0, 3 checkpoints
strata serve: decode expert cache hit rate: 28.1% (114 hits / 405 lookups)
strata serve: KV streaming: 98.38% of 5114472 block reads hit VRAM, 334.3 MiB read from RAM
strata serve: prompt 34017 tokens = 34016 reused + 1 read in 3 ms (360.4 tok/s), 1 generated in 38 ms (26.2 tok/s), drafts accepted 0 of 0, 3 checkpoints
strata serve: decode expert cache hit rate: 40.2% (169 hits / 420 lookups)
strata serve: KV streaming: 98.38% of 5120640 block reads hit VRAM, 334.5 MiB read from RAM
strata serve: prompt 34018 tokens = 34017 reused + 1 read in 3 ms (360.0 tok/s), 1 generated in 39 ms (25.4 tok/s), drafts accepted 0 of 0, 3 checkpoints
strata serve: decode expert cache hit rate: 37.6% (156 hits / 415 lookups)
strata serve: KV streaming: 98.38% of 5126808 block reads hit VRAM, 334.7 MiB read from RAM
strata serve: prompt 34019 tokens = 34018 reused + 1 read in 3 ms (359.9 tok/s), 1 generated in 41 ms (24.1 tok/s), drafts accepted 0 of 0, 3 checkpoints
strata serve: decode expert cache hit rate: 41.8% (176 hits / 421 lookups)
strata serve: KV streaming: 98.38% of 5132964 block reads hit VRAM, 334.7 MiB read from RAM
strata serve: prompt 34020 tokens = 34019 reused + 1 read in 3 ms (346.9 tok/s), 1 generated in 37 ms (27.0 tok/s), drafts accepted 0 of 0, 3 checkpoints
strata serve: decode expert cache hit rate: 42.3% (178 hits / 421 lookups)
strata serve: KV streaming: 98.38% of 5139120 block reads hit VRAM, 334.9 MiB read from RAM
strata serve: prompt 34021 tokens = 34020 reused + 1 read in 3 ms (360.6 tok/s), 1 generated in 39 ms (25.8 tok/s), drafts accepted 0 of 0, 3 checkpoints
strata serve: decode expert cache hit rate: 38.3% (160 hits / 418 lookups)
strata serve: KV streaming: 98.38% of 5145288 block reads hit VRAM, 335.2 MiB read from RAM
strata serve: prompt 34022 tokens = 34021 reused + 1 read in 3 ms (359.8 tok/s), 1 generated in 38 ms (26.1 tok/s), drafts accepted 0 of 0, 3 checkpoints
strata serve: decode expert cache hit rate: 38.2% (159 hits / 416 lookups)
strata serve: KV streaming: 98.38% of 5151456 block reads hit VRAM, 335.4 MiB read from RAM
strata serve: prompt 34023 tokens = 34022 reused + 1 read in 3 ms (359.2 tok/s), 1 generated in 39 ms (25.9 tok/s), drafts accepted 0 of 0, 3 checkpoints
strata serve: decode expert cache hit rate: 42.7% (181 hits / 424 lookups)
strata serve: KV streaming: 98.38% of 5157612 block reads hit VRAM, 335.6 MiB read from RAM
strata serve: prompt 34024 tokens = 34023 reused + 1 read in 3 ms (355.4 tok/s), 1 generated in 40 ms (24.9 tok/s), drafts accepted 0 of 0, 3 checkpoints
strata serve: decode expert cache hit rate: 33.2% (137 hits / 413 lookups)
strata serve: KV streaming: 98.39% of 5163768 block reads hit VRAM, 335.7 MiB read from RAM
strata serve: prompt 34025 tokens = 34024 reused + 1 read in 3 ms (360.2 tok/s), 1 generated in 38 ms (26.1 tok/s), drafts accepted 0 of 0, 3 checkpoints
strata serve: decode expert cache hit rate: 40.2% (168 hits / 418 lookups)
strata serve: KV streaming: 98.39% of 5169936 block reads hit VRAM, 335.9 MiB read from RAM
strata serve: prompt 34026 tokens = 34025 reused + 1 read in 3 ms (359.9 tok/s), 1 generated in 39 ms (25.8 tok/s), drafts accepted 0 of 0, 3 checkpoints
strata serve: decode expert cache hit rate: 36.5% (152 hits / 417 lookups)
strata serve: KV streaming: 98.39% of 5176104 block reads hit VRAM, 336.0 MiB read from RAM
strata serve: prompt 34027 tokens = 34026 reused + 1 read in 3 ms (359.8 tok/s), 1 generated in 42 ms (23.9 tok/s), drafts accepted 0 of 0, 3 checkpoints
strata serve: decode expert cache hit rate: 25.7% (104 hits / 404 lookups)
strata serve: KV streaming: 98.39% of 5182260 block reads hit VRAM, 336.4 MiB read from RAM
strata serve: prompt 34028 tokens = 34027 reused + 1 read in 3 ms (353.8 tok/s), 1 generated in 44 ms (22.9 tok/s), drafts accepted 0 of 0, 3 checkpoints
strata serve: decode expert cache hit rate: 24.5% (99 hits / 404 lookups)
strata serve: KV streaming: 98.39% of 5188416 block reads hit VRAM, 337.3 MiB read from RAM
strata serve: prompt 34029 tokens = 34028 reused + 1 read in 3 ms (358.1 tok/s), 1 generated in 39 ms (25.8 tok/s), drafts accepted 0 of 0, 3 checkpoints
strata serve: decode expert cache hit rate: 36.1% (150 hits / 415 lookups)
strata serve: KV streaming: 98.39% of 5194584 block reads hit VRAM, 337.6 MiB read from RAM
strata serve: prompt 34030 tokens = 34029 reused + 1 read in 3 ms (360.5 tok/s), 1 generated in 39 ms (25.6 tok/s), drafts accepted 0 of 0, 3 checkpoints
strata serve: decode expert cache hit rate: 33.4% (138 hits / 413 lookups)
strata serve: KV streaming: 98.39% of 5200752 block reads hit VRAM, 338.2 MiB read from RAM
strata serve: prompt 34031 tokens = 34030 reused + 1 read in 3 ms (358.5 tok/s), 1 generated in 41 ms (24.4 tok/s), drafts accepted 0 of 0, 3 checkpoints
strata serve: decode expert cache hit rate: 26.7% (107 hits / 401 lookups)
strata serve: KV streaming: 98.39% of 5206908 block reads hit VRAM, 338.6 MiB read from RAM
strata serve: prompt 34032 tokens = 34031 reused + 1 read in 3 ms (357.7 tok/s), 1 generated in 41 ms (24.3 tok/s), drafts accepted 0 of 0, 3 checkpoints
strata serve: decode expert cache hit rate: 31.2% (127 hits / 407 lookups)
strata serve: KV streaming: 98.39% of 5213064 block reads hit VRAM, 338.7 MiB read from RAM
strata serve: prompt 34033 tokens = 34032 reused + 1 read in 3 ms (358.2 tok/s), 1 generated in 41 ms (24.1 tok/s), drafts accepted 0 of 0, 3 checkpoints
strata serve: decode expert cache hit rate: 35.2% (147 hits / 418 lookups)
strata serve: KV streaming: 98.39% of 5219232 block reads hit VRAM, 339.2 MiB read from RAM
strata serve: prompt 34034 tokens = 34033 reused + 1 read in 3 ms (360.4 tok/s), 1 generated in 39 ms (25.5 tok/s), drafts accepted 0 of 0, 3 checkpoints
strata serve: decode expert cache hit rate: 38.2% (158 hits / 414 lookups)
strata serve: KV streaming: 98.39% of 5225400 block reads hit VRAM, 339.3 MiB read from RAM
strata serve: prompt 34035 tokens = 34034 reused + 1 read in 3 ms (360.2 tok/s), 1 generated in 38 ms (26.1 tok/s), drafts accepted 0 of 0, 3 checkpoints
strata serve: decode expert cache hit rate: 38.8% (161 hits / 415 lookups)
strata serve: KV streaming: 98.39% of 5231556 block reads hit VRAM, 339.4 MiB read from RAM
strata serve: prompt 34036 tokens = 34035 reused + 1 read in 3 ms (360.0 tok/s), 1 generated in 42 ms (24.0 tok/s), drafts accepted 0 of 0, 3 checkpoints
strata serve: decode expert cache hit rate: 25.4% (103 hits / 405 lookups)
strata serve: KV streaming: 98.39% of 5237712 block reads hit VRAM, 339.9 MiB read from RAM
strata serve: prompt 34037 tokens = 34036 reused + 1 read in 3 ms (358.6 tok/s), 1 generated in 38 ms (26.0 tok/s), drafts accepted 0 of 0, 3 checkpoints
strata serve: decode expert cache hit rate: 41.6% (176 hits / 423 lookups)
strata serve: KV streaming: 98.39% of 5243880 block reads hit VRAM, 339.9 MiB read from RAM
strata serve: prompt 34038 tokens = 34037 reused + 1 read in 3 ms (360.2 tok/s), 1 generated in 40 ms (25.2 tok/s), drafts accepted 0 of 0, 3 checkpoints
strata serve: decode expert cache hit rate: 34.3% (142 hits / 414 lookups)
strata serve: KV streaming: 98.39% of 5250048 block reads hit VRAM, 340.3 MiB read from RAM
strata serve: prompt 34039 tokens = 34038 reused + 1 read in 3 ms (360.3 tok/s), 1 generated in 37 ms (26.7 tok/s), drafts accepted 0 of 0, 3 checkpoints
strata serve: decode expert cache hit rate: 46.5% (199 hits / 428 lookups)
strata serve: KV streaming: 98.39% of 5256204 block reads hit VRAM, 340.4 MiB read from RAM
strata serve: prompt 34040 tokens = 34039 reused + 1 read in 3 ms (360.1 tok/s), 1 generated in 41 ms (24.6 tok/s), drafts accepted 0 of 0, 3 checkpoints
strata serve: decode expert cache hit rate: 32.4% (133 hits / 411 lookups)
strata serve: KV streaming: 98.39% of 5262360 block reads hit VRAM, 340.6 MiB read from RAM
strata serve: prompt 34041 tokens = 34040 reused + 1 read in 3 ms (355.0 tok/s), 1 generated in 43 ms (23.1 tok/s), drafts accepted 0 of 0, 3 checkpoints
strata serve: decode expert cache hit rate: 22.2% (89 hits / 400 lookups)
strata serve: KV streaming: 98.39% of 5268528 block reads hit VRAM, 340.8 MiB read from RAM
strata serve: prompt 34042 tokens = 34041 reused + 1 read in 3 ms (359.3 tok/s), 1 generated in 44 ms (22.9 tok/s), drafts accepted 0 of 0, 3 checkpoints
strata serve: decode expert cache hit rate: 31.4% (129 hits / 411 lookups)
strata serve: KV streaming: 98.40% of 5274696 block reads hit VRAM, 340.9 MiB read from RAM
strata serve: prompt 34043 tokens = 34042 reused + 1 read in 3 ms (359.9 tok/s), 1 generated in 43 ms (23.3 tok/s), drafts accepted 0 of 0, 3 checkpoints
strata serve: decode expert cache hit rate: 30.9% (127 hits / 411 lookups)
strata serve: KV streaming: 98.40% of 5280852 block reads hit VRAM, 341.0 MiB read from RAM
strata serve: prompt 34044 tokens = 34043 reused + 1 read in 3 ms (359.2 tok/s), 1 generated in 45 ms (22.1 tok/s), drafts accepted 0 of 0, 3 checkpoints
strata serve: decode expert cache hit rate: 26.7% (108 hits / 404 lookups)
strata serve: KV streaming: 98.40% of 5287008 block reads hit VRAM, 341.5 MiB read from RAM
strata serve: prompt 34045 tokens = 34044 reused + 1 read in 3 ms (360.0 tok/s), 1 generated in 40 ms (25.3 tok/s), drafts accepted 0 of 0, 3 checkpoints
strata serve: decode expert cache hit rate: 33.5% (138 hits / 412 lookups)
strata serve: KV streaming: 98.40% of 5293176 block reads hit VRAM, 341.5 MiB read from RAM
strata serve: prompt 34046 tokens = 34045 reused + 1 read in 3 ms (359.2 tok/s), 1 generated in 41 ms (24.3 tok/s), drafts accepted 0 of 0, 3 checkpoints
strata serve: decode expert cache hit rate: 27.7% (112 hits / 405 lookups)
strata serve: KV streaming: 98.40% of 5299344 block reads hit VRAM, 341.8 MiB read from RAM
strata serve: prompt 34047 tokens = 34046 reused + 1 read in 3 ms (359.1 tok/s), 1 generated in 42 ms (23.9 tok/s), drafts accepted 0 of 0, 3 checkpoints
strata serve: decode expert cache hit rate: 25.9% (104 hits / 401 lookups)
strata serve: KV streaming: 98.40% of 5305500 block reads hit VRAM, 341.8 MiB read from RAM
strata serve: prompt 34048 tokens = 34047 reused + 1 read in 3 ms (360.1 tok/s), 1 generated in 37 ms (27.1 tok/s), drafts accepted 0 of 0, 3 checkpoints
strata serve: decode expert cache hit rate: 46.9% (201 hits / 429 lookups)
strata serve: KV streaming: 98.40% of 5311656 block reads hit VRAM, 341.9 MiB read from RAM
strata serve: prompt 34049 tokens = 34048 reused + 1 read in 3 ms (361.1 tok/s), 1 generated in 40 ms (24.8 tok/s), drafts accepted 0 of 0, 3 checkpoints
strata serve: decode expert cache hit rate: 39.4% (163 hits / 414 lookups)
strata serve: KV streaming: 98.40% of 5317824 block reads hit VRAM, 342.0 MiB read from RAM
strata serve: prompt 34050 tokens = 34049 reused + 1 read in 3 ms (359.9 tok/s), 1 generated in 42 ms (23.7 tok/s), drafts accepted 0 of 0, 3 checkpoints
strata serve: decode expert cache hit rate: 22.7% (91 hits / 401 lookups)
strata serve: KV streaming: 98.40% of 5323992 block reads hit VRAM, 342.3 MiB read from RAM
strata serve: prompt 34051 tokens = 34050 reused + 1 read in 3 ms (359.6 tok/s), 1 generated in 41 ms (24.6 tok/s), drafts accepted 0 of 0, 3 checkpoints
strata serve: decode expert cache hit rate: 34.1% (140 hits / 411 lookups)
strata serve: KV streaming: 98.41% of 5330148 block reads hit VRAM, 342.4 MiB read from RAM
strata serve: prompt 34052 tokens = 34051 reused + 1 read in 3 ms (359.4 tok/s), 1 generated in 35 ms (28.2 tok/s), drafts accepted 0 of 0, 3 checkpoints
strata serve: decode expert cache hit rate: 52.5% (229 hits / 436 lookups)
strata serve: KV streaming: 98.41% of 5336304 block reads hit VRAM, 342.4 MiB read from RAM
strata serve: prompt 34053 tokens = 34052 reused + 1 read in 3 ms (360.8 tok/s), 1 generated in 41 ms (24.4 tok/s), drafts accepted 0 of 0, 3 checkpoints
strata serve: decode expert cache hit rate: 28.7% (117 hits / 407 lookups)
strata serve: KV streaming: 98.41% of 5342472 block reads hit VRAM, 342.9 MiB read from RAM
strata serve: prompt 34054 tokens = 34053 reused + 1 read in 3 ms (359.6 tok/s), 1 generated in 38 ms (26.0 tok/s), drafts accepted 0 of 0, 3 checkpoints
strata serve: decode expert cache hit rate: 39.2% (165 hits / 421 lookups)
strata serve: KV streaming: 98.41% of 5348640 block reads hit VRAM, 343.3 MiB read from RAM
strata serve: prompt 34055 tokens = 34054 reused + 1 read in 3 ms (360.0 tok/s), 1 generated in 42 ms (23.8 tok/s), drafts accepted 0 of 0, 3 checkpoints
strata serve: decode expert cache hit rate: 26.5% (107 hits / 404 lookups)
strata serve: KV streaming: 98.41% of 5354796 block reads hit VRAM, 343.7 MiB read from RAM
strata serve: prompt 34056 tokens = 34055 reused + 1 read in 3 ms (359.9 tok/s), 1 generated in 37 ms (27.1 tok/s), drafts accepted 0 of 0, 3 checkpoints
strata serve: decode expert cache hit rate: 49.9% (215 hits / 431 lookups)
strata serve: KV streaming: 98.41% of 5360952 block reads hit VRAM, 343.8 MiB read from RAM
strata serve: prompt 34057 tokens = 34056 reused + 1 read in 3 ms (356.6 tok/s), 1 generated in 42 ms (24.0 tok/s), drafts accepted 0 of 0, 3 checkpoints
strata serve: decode expert cache hit rate: 36.1% (150 hits / 416 lookups)
strata serve: KV streaming: 98.41% of 5367120 block reads hit VRAM, 343.8 MiB read from RAM
strata serve: prompt 34058 tokens = 34057 reused + 1 read in 3 ms (360.4 tok/s), 1 generated in 43 ms (23.3 tok/s), drafts accepted 0 of 0, 3 checkpoints
strata serve: decode expert cache hit rate: 21.7% (86 hits / 397 lookups)
strata serve: KV streaming: 98.41% of 5373288 block reads hit VRAM, 344.8 MiB read from RAM
strata serve: prompt 34059 tokens = 34058 reused + 1 read in 3 ms (357.5 tok/s), 1 generated in 42 ms (23.6 tok/s), drafts accepted 0 of 0, 3 checkpoints
strata serve: decode expert cache hit rate: 23.5% (94 hits / 400 lookups)
strata serve: KV streaming: 98.41% of 5379444 block reads hit VRAM, 345.1 MiB read from RAM
strata serve: prompt 34060 tokens = 34059 reused + 1 read in 3 ms (358.6 tok/s), 1 generated in 37 ms (27.1 tok/s), drafts accepted 0 of 0, 3 checkpoints
strata serve: decode expert cache hit rate: 48.7% (210 hits / 431 lookups)
strata serve: KV streaming: 98.41% of 5385600 block reads hit VRAM, 345.2 MiB read from RAM
strata serve: prompt 34061 tokens = 34060 reused + 1 read in 3 ms (360.5 tok/s), 1 generated in 42 ms (23.6 tok/s), drafts accepted 0 of 0, 3 checkpoints
strata serve: decode expert cache hit rate: 21.8% (87 hits / 400 lookups)
strata serve: KV streaming: 98.41% of 5391768 block reads hit VRAM, 345.7 MiB read from RAM
strata serve: prompt 34062 tokens = 34061 reused + 1 read in 3 ms (360.2 tok/s), 1 generated in 43 ms (23.5 tok/s), drafts accepted 0 of 0, 3 checkpoints
strata serve: decode expert cache hit rate: 25.7% (103 hits / 401 lookups)
strata serve: KV streaming: 98.41% of 5397936 block reads hit VRAM, 345.9 MiB read from RAM
strata serve: prompt 34063 tokens = 34062 reused + 1 read in 3 ms (360.9 tok/s), 1 generated in 43 ms (23.4 tok/s), drafts accepted 0 of 0, 3 checkpoints
strata serve: decode expert cache hit rate: 30.2% (123 hits / 407 lookups)
strata serve: KV streaming: 98.41% of 5404092 block reads hit VRAM, 346.0 MiB read from RAM
strata serve: prompt 34064 tokens = 34063 reused + 1 read in 3 ms (360.2 tok/s), 1 generated in 42 ms (24.0 tok/s), drafts accepted 0 of 0, 3 checkpoints
strata serve: decode expert cache hit rate: 25.7% (104 hits / 405 lookups)
strata serve: KV streaming: 98.41% of 5410248 block reads hit VRAM, 346.2 MiB read from RAM
strata serve: prompt 34065 tokens = 34064 reused + 1 read in 3 ms (359.4 tok/s), 1 generated in 39 ms (25.7 tok/s), drafts accepted 0 of 0, 3 checkpoints
strata serve: decode expert cache hit rate: 38.2% (160 hits / 419 lookups)
strata serve: KV streaming: 98.41% of 5416416 block reads hit VRAM, 346.3 MiB read from RAM
strata serve: prompt 34066 tokens = 34065 reused + 1 read in 3 ms (360.2 tok/s), 1 generated in 41 ms (24.5 tok/s), drafts accepted 0 of 0, 3 checkpoints
strata serve: decode expert cache hit rate: 33.0% (137 hits / 415 lookups)
strata serve: KV streaming: 98.41% of 5422584 block reads hit VRAM, 346.4 MiB read from RAM
strata serve: prompt 34067 tokens = 34066 reused + 1 read in 3 ms (359.7 tok/s), 1 generated in 41 ms (24.4 tok/s), drafts accepted 0 of 0, 3 checkpoints
strata serve: decode expert cache hit rate: 27.2% (110 hits / 405 lookups)
strata serve: KV streaming: 98.42% of 5428740 block reads hit VRAM, 346.5 MiB read from RAM
strata serve: prompt 34068 tokens = 34067 reused + 1 read in 3 ms (360.3 tok/s), 1 generated in 43 ms (23.1 tok/s), drafts accepted 0 of 0, 3 checkpoints
strata serve: decode expert cache hit rate: 25.0% (101 hits / 404 lookups)
strata serve: KV streaming: 98.41% of 5434896 block reads hit VRAM, 347.2 MiB read from RAM
strata serve: prompt 34069 tokens = 34068 reused + 1 read in 3 ms (360.8 tok/s), 1 generated in 44 ms (22.6 tok/s), drafts accepted 0 of 0, 3 checkpoints
strata serve: decode expert cache hit rate: 26.2% (106 hits / 404 lookups)
strata serve: KV streaming: 98.42% of 5441064 block reads hit VRAM, 347.3 MiB read from RAM
strata serve: prompt 34070 tokens = 34069 reused + 1 read in 3 ms (354.7 tok/s), 1 generated in 41 ms (24.5 tok/s), drafts accepted 0 of 0, 3 checkpoints
strata serve: decode expert cache hit rate: 34.8% (144 hits / 414 lookups)
strata serve: KV streaming: 98.42% of 5447232 block reads hit VRAM, 347.4 MiB read from RAM
strata serve: prompt 34071 tokens = 34070 reused + 1 read in 3 ms (360.2 tok/s), 1 generated in 43 ms (23.5 tok/s), drafts accepted 0 of 0, 3 checkpoints
strata serve: decode expert cache hit rate: 22.0% (88 hits / 400 lookups)
strata serve: KV streaming: 98.42% of 5453388 block reads hit VRAM, 347.9 MiB read from RAM
strata serve: prompt 34072 tokens = 34071 reused + 1 read in 3 ms (360.3 tok/s), 1 generated in 41 ms (24.5 tok/s), drafts accepted 0 of 0, 3 checkpoints
strata serve: decode expert cache hit rate: 37.8% (158 hits / 418 lookups)
strata serve: KV streaming: 98.42% of 5459544 block reads hit VRAM, 348.0 MiB read from RAM
strata serve: prompt 34073 tokens = 34072 reused + 1 read in 3 ms (325.0 tok/s), 1 generated in 43 ms (23.5 tok/s), drafts accepted 0 of 0, 3 checkpoints
strata serve: decode expert cache hit rate: 25.5% (103 hits / 404 lookups)
strata serve: KV streaming: 98.42% of 5465712 block reads hit VRAM, 348.0 MiB read from RAM
strata serve: prompt 34074 tokens = 34073 reused + 1 read in 3 ms (360.3 tok/s), 1 generated in 46 ms (21.6 tok/s), drafts accepted 0 of 0, 3 checkpoints
strata serve: decode expert cache hit rate: 27.0% (110 hits / 407 lookups)
strata serve: KV streaming: 98.42% of 5471880 block reads hit VRAM, 348.4 MiB read from RAM
strata serve: prompt 34075 tokens = 34074 reused + 1 read in 3 ms (359.1 tok/s), 1 generated in 42 ms (23.9 tok/s), drafts accepted 0 of 0, 3 checkpoints
strata serve: decode expert cache hit rate: 41.2% (174 hits / 422 lookups)
strata serve: KV streaming: 98.42% of 5478036 block reads hit VRAM, 348.4 MiB read from RAM
strata serve: prompt 34076 tokens = 34075 reused + 1 read in 3 ms (360.4 tok/s), 1 generated in 44 ms (22.7 tok/s), drafts accepted 0 of 0, 3 checkpoints
strata serve: decode expert cache hit rate: 20.3% (81 hits / 399 lookups)
strata serve: KV streaming: 98.42% of 5484192 block reads hit VRAM, 348.5 MiB read from RAM
strata serve: prompt 34077 tokens = 34076 reused + 1 read in 3 ms (360.3 tok/s), 1 generated in 42 ms (23.8 tok/s), drafts accepted 0 of 0, 3 checkpoints
strata serve: decode expert cache hit rate: 26.4% (106 hits / 402 lookups)
strata serve: KV streaming: 98.42% of 5490360 block reads hit VRAM, 348.7 MiB read from RAM
strata serve: prompt 34078 tokens = 34077 reused + 1 read in 3 ms (359.8 tok/s), 1 generated in 43 ms (23.5 tok/s), drafts accepted 0 of 0, 3 checkpoints
strata serve: decode expert cache hit rate: 23.8% (96 hits / 403 lookups)
strata serve: KV streaming: 98.42% of 5496528 block reads hit VRAM, 349.1 MiB read from RAM
strata serve: prompt 34079 tokens = 34078 reused + 1 read in 3 ms (353.2 tok/s), 1 generated in 41 ms (24.4 tok/s), drafts accepted 0 of 0, 3 checkpoints
strata serve: decode expert cache hit rate: 29.2% (119 hits / 408 lookups)
strata serve: KV streaming: 98.42% of 5502684 block reads hit VRAM, 349.2 MiB read from RAM
strata serve: prompt 34080 tokens = 34079 reused + 1 read in 3 ms (359.8 tok/s), 1 generated in 38 ms (26.6 tok/s), drafts accepted 0 of 0, 3 checkpoints
strata serve: decode expert cache hit rate: 42.0% (178 hits / 424 lookups)
strata serve: KV streaming: 98.43% of 5508840 block reads hit VRAM, 349.4 MiB read from RAM
strata serve: prompt 34081 tokens = 34080 reused + 1 read in 3 ms (360.7 tok/s), 1 generated in 44 ms (22.6 tok/s), drafts accepted 0 of 0, 3 checkpoints
strata serve: decode expert cache hit rate: 26.2% (105 hits / 401 lookups)
strata serve: KV streaming: 98.43% of 5515008 block reads hit VRAM, 349.5 MiB read from RAM
strata serve: prompt 34082 tokens = 34081 reused + 1 read in 3 ms (360.3 tok/s), 1 generated in 39 ms (25.4 tok/s), drafts accepted 0 of 0, 3 checkpoints
strata serve: decode expert cache hit rate: 33.9% (139 hits / 410 lookups)
strata serve: KV streaming: 98.43% of 5521176 block reads hit VRAM, 349.5 MiB read from RAM
strata serve: prompt 34083 tokens = 34082 reused + 1 read in 3 ms (359.8 tok/s), 1 generated in 42 ms (23.7 tok/s), drafts accepted 0 of 0, 3 checkpoints
strata serve: decode expert cache hit rate: 35.7% (147 hits / 412 lookups)
strata serve: KV streaming: 98.43% of 5527332 block reads hit VRAM, 349.8 MiB read from RAM
strata serve: prompt 34084 tokens = 34083 reused + 1 read in 3 ms (355.8 tok/s), 1 generated in 46 ms (21.6 tok/s), drafts accepted 0 of 0, 3 checkpoints
strata serve: decode expert cache hit rate: 25.1% (101 hits / 402 lookups)
strata serve: KV streaming: 98.43% of 5533488 block reads hit VRAM, 350.3 MiB read from RAM
strata serve: prompt 34085 tokens = 34084 reused + 1 read in 3 ms (358.9 tok/s), 1 generated in 44 ms (22.6 tok/s), drafts accepted 0 of 0, 3 checkpoints
strata serve: decode expert cache hit rate: 27.3% (111 hits / 406 lookups)
strata serve: KV streaming: 98.43% of 5539656 block reads hit VRAM, 350.4 MiB read from RAM
strata serve: prompt 34086 tokens = 34085 reused + 1 read in 3 ms (358.2 tok/s), 1 generated in 45 ms (22.3 tok/s), drafts accepted 0 of 0, 3 checkpoints
strata serve: decode expert cache hit rate: 24.5% (99 hits / 404 lookups)
strata serve: KV streaming: 98.43% of 5545824 block reads hit VRAM, 350.8 MiB read from RAM
strata serve: prompt 34087 tokens = 34086 reused + 1 read in 3 ms (358.0 tok/s), 1 generated in 44 ms (22.9 tok/s), drafts accepted 0 of 0, 3 checkpoints
strata serve: decode expert cache hit rate: 29.3% (120 hits / 409 lookups)
strata serve: KV streaming: 98.43% of 5551980 block reads hit VRAM, 350.8 MiB read from RAM
strata serve: prompt 34088 tokens = 34087 reused + 1 read in 3 ms (356.6 tok/s), 1 generated in 46 ms (21.7 tok/s), drafts accepted 0 of 0, 3 checkpoints
strata serve: decode expert cache hit rate: 24.8% (99 hits / 400 lookups)
strata serve: KV streaming: 98.43% of 5558136 block reads hit VRAM, 351.1 MiB read from RAM
strata serve: prompt 34089 tokens = 34088 reused + 1 read in 3 ms (357.4 tok/s), 1 generated in 47 ms (21.4 tok/s), drafts accepted 0 of 0, 3 checkpoints
strata serve: decode expert cache hit rate: 24.1% (97 hits / 403 lookups)
strata serve: KV streaming: 98.43% of 5564304 block reads hit VRAM, 351.1 MiB read from RAM
strata serve: prompt 34090 tokens = 34089 reused + 1 read in 3 ms (358.5 tok/s), 1 generated in 44 ms (22.8 tok/s), drafts accepted 0 of 0, 3 checkpoints
strata serve: decode expert cache hit rate: 26.2% (106 hits / 405 lookups)
strata serve: KV streaming: 98.43% of 5570472 block reads hit VRAM, 351.4 MiB read from RAM
strata serve: prompt 34091 tokens = 34090 reused + 1 read in 3 ms (357.9 tok/s), 1 generated in 41 ms (24.3 tok/s), drafts accepted 0 of 0, 3 checkpoints
strata serve: decode expert cache hit rate: 36.4% (151 hits / 415 lookups)
strata serve: KV streaming: 98.44% of 5576628 block reads hit VRAM, 351.5 MiB read from RAM
strata serve: prompt 34092 tokens = 34091 reused + 1 read in 3 ms (359.3 tok/s), 1 generated in 44 ms (22.8 tok/s), drafts accepted 0 of 0, 3 checkpoints
strata serve: decode expert cache hit rate: 26.5% (107 hits / 404 lookups)
strata serve: KV streaming: 98.44% of 5582784 block reads hit VRAM, 351.7 MiB read from RAM
strata serve: prompt 34093 tokens = 34092 reused + 1 read in 3 ms (360.0 tok/s), 1 generated in 46 ms (21.8 tok/s), drafts accepted 0 of 0, 3 checkpoints
strata serve: decode expert cache hit rate: 27.1% (109 hits / 402 lookups)
strata serve: KV streaming: 98.44% of 5588952 block reads hit VRAM, 352.0 MiB read from RAM
strata serve: prompt 34094 tokens = 34093 reused + 1 read in 3 ms (356.3 tok/s), 1 generated in 44 ms (22.9 tok/s), drafts accepted 0 of 0, 3 checkpoints
strata serve: decode expert cache hit rate: 35.2% (146 hits / 415 lookups)
strata serve: KV streaming: 98.44% of 5595120 block reads hit VRAM, 352.2 MiB read from RAM
strata serve: prompt 34095 tokens = 34094 reused + 1 read in 3 ms (359.6 tok/s), 1 generated in 44 ms (22.7 tok/s), drafts accepted 0 of 0, 3 checkpoints
strata serve: decode expert cache hit rate: 37.5% (156 hits / 416 lookups)
strata serve: KV streaming: 98.44% of 5601276 block reads hit VRAM, 352.4 MiB read from RAM
strata serve: prompt 34096 tokens = 34095 reused + 1 read in 3 ms (351.8 tok/s), 1 generated in 41 ms (24.3 tok/s), drafts accepted 0 of 0, 3 checkpoints
strata serve: decode expert cache hit rate: 41.7% (177 hits / 424 lookups)
strata serve: KV streaming: 98.44% of 5607432 block reads hit VRAM, 352.6 MiB read from RAM
strata serve: prompt 34097 tokens = 34096 reused + 1 read in 3 ms (354.8 tok/s), 1 generated in 42 ms (23.6 tok/s), drafts accepted 0 of 0, 3 checkpoints
strata serve: decode expert cache hit rate: 35.3% (147 hits / 417 lookups)
strata serve: KV streaming: 98.44% of 5613600 block reads hit VRAM, 352.8 MiB read from RAM
strata serve: prompt 34098 tokens = 34097 reused + 1 read in 3 ms (356.6 tok/s), 1 generated in 43 ms (23.1 tok/s), drafts accepted 0 of 0, 3 checkpoints
strata serve: decode expert cache hit rate: 30.7% (126 hits / 410 lookups)
strata serve: KV streaming: 98.44% of 5619768 block reads hit VRAM, 353.2 MiB read from RAM
strata serve: prompt 34099 tokens = 34098 reused + 1 read in 3 ms (357.5 tok/s), 1 generated in 42 ms (23.7 tok/s), drafts accepted 0 of 0, 3 checkpoints
strata serve: decode expert cache hit rate: 35.9% (150 hits / 418 lookups)
strata serve: KV streaming: 98.44% of 5625924 block reads hit VRAM, 353.3 MiB read from RAM
strata serve: prompt 34100 tokens = 34099 reused + 1 read in 3 ms (359.0 tok/s), 1 generated in 45 ms (22.3 tok/s), drafts accepted 0 of 0, 3 checkpoints
strata serve: decode expert cache hit rate: 24.9% (100 hits / 402 lookups)
strata serve: KV streaming: 98.44% of 5632080 block reads hit VRAM, 354.2 MiB read from RAM
strata serve: prompt 34101 tokens = 34100 reused + 1 read in 3 ms (355.8 tok/s), 1 generated in 44 ms (22.6 tok/s), drafts accepted 0 of 0, 3 checkpoints
strata serve: decode expert cache hit rate: 23.7% (95 hits / 401 lookups)
strata serve: KV streaming: 98.44% of 5638248 block reads hit VRAM, 354.6 MiB read from RAM
strata serve: prompt 34102 tokens = 34101 reused + 1 read in 3 ms (355.1 tok/s), 1 generated in 40 ms (25.0 tok/s), drafts accepted 0 of 0, 3 checkpoints
strata serve: decode expert cache hit rate: 43.8% (188 hits / 429 lookups)
strata serve: KV streaming: 98.44% of 5644416 block reads hit VRAM, 354.9 MiB read from RAM
strata serve: prompt 34103 tokens = 34102 reused + 1 read in 3 ms (356.8 tok/s), 1 generated in 42 ms (24.1 tok/s), drafts accepted 0 of 0, 3 checkpoints
strata serve: decode expert cache hit rate: 35.4% (146 hits / 413 lookups)
strata serve: KV streaming: 98.44% of 5650572 block reads hit VRAM, 355.5 MiB read from RAM
strata serve: prompt 34104 tokens = 34103 reused + 1 read in 3 ms (357.8 tok/s), 1 generated in 43 ms (23.4 tok/s), drafts accepted 0 of 0, 3 checkpoints
strata serve: decode expert cache hit rate: 45.7% (192 hits / 420 lookups)
strata serve: KV streaming: 98.44% of 5656728 block reads hit VRAM, 356.0 MiB read from RAM
strata serve: prompt 34105 tokens = 34104 reused + 1 read in 3 ms (359.9 tok/s), 1 generated in 45 ms (22.4 tok/s), drafts accepted 0 of 0, 3 checkpoints
strata serve: decode expert cache hit rate: 30.2% (123 hits / 407 lookups)
strata serve: KV streaming: 98.44% of 5662896 block reads hit VRAM, 356.4 MiB read from RAM
strata serve: prompt 34106 tokens = 34105 reused + 1 read in 3 ms (355.3 tok/s), 1 generated in 45 ms (22.1 tok/s), drafts accepted 0 of 0, 3 checkpoints
strata serve: decode expert cache hit rate: 31.6% (130 hits / 411 lookups)
strata serve: KV streaming: 98.44% of 5669064 block reads hit VRAM, 356.5 MiB read from RAM
strata serve: prompt 34107 tokens = 34106 reused + 1 read in 3 ms (359.1 tok/s), 1 generated in 47 ms (21.5 tok/s), drafts accepted 0 of 0, 3 checkpoints
strata serve: decode expert cache hit rate: 30.0% (122 hits / 407 lookups)
strata serve: KV streaming: 98.44% of 5675220 block reads hit VRAM, 357.2 MiB read from RAM
strata serve: prompt 34108 tokens = 34107 reused + 1 read in 3 ms (354.4 tok/s), 1 generated in 45 ms (22.2 tok/s), drafts accepted 0 of 0, 3 checkpoints
strata serve: decode expert cache hit rate: 32.9% (136 hits / 414 lookups)
strata serve: KV streaming: 98.44% of 5681376 block reads hit VRAM, 357.3 MiB read from RAM
strata serve: prompt 34109 tokens = 34108 reused + 1 read in 3 ms (359.3 tok/s), 1 generated in 44 ms (22.9 tok/s), drafts accepted 0 of 0, 3 checkpoints
strata serve: decode expert cache hit rate: 40.3% (169 hits / 419 lookups)
strata serve: KV streaming: 98.44% of 5687544 block reads hit VRAM, 357.5 MiB read from RAM
strata serve: prompt 34110 tokens = 34109 reused + 1 read in 3 ms (360.0 tok/s), 1 generated in 41 ms (24.3 tok/s), drafts accepted 0 of 0, 3 checkpoints
strata serve: decode expert cache hit rate: 39.2% (164 hits / 418 lookups)
strata serve: KV streaming: 98.44% of 5693712 block reads hit VRAM, 357.8 MiB read from RAM
strata serve: prompt 34111 tokens = 34110 reused + 1 read in 3 ms (357.2 tok/s), 1 generated in 40 ms (24.7 tok/s), drafts accepted 0 of 0, 3 checkpoints
strata serve: decode expert cache hit rate: 40.1% (169 hits / 421 lookups)
strata serve: KV streaming: 98.44% of 5699868 block reads hit VRAM, 358.0 MiB read from RAM
strata serve: prompt 34112 tokens = 34111 reused + 1 read in 3 ms (350.5 tok/s), 1 generated in 40 ms (24.9 tok/s), drafts accepted 0 of 0, 3 checkpoints
strata serve: decode expert cache hit rate: 42.3% (179 hits / 423 lookups)
strata serve: KV streaming: 98.44% of 5706024 block reads hit VRAM, 358.1 MiB read from RAM
strata serve: prompt 34113 tokens = 34112 reused + 1 read in 3 ms (355.4 tok/s), 1 generated in 43 ms (23.5 tok/s), drafts accepted 0 of 0, 3 checkpoints
strata serve: decode expert cache hit rate: 31.7% (130 hits / 410 lookups)
strata serve: KV streaming: 98.44% of 5712192 block reads hit VRAM, 358.3 MiB read from RAM
strata serve: prompt 34114 tokens = 34113 reused + 1 read in 3 ms (359.2 tok/s), 1 generated in 43 ms (23.0 tok/s), drafts accepted 0 of 0, 3 checkpoints
strata serve: decode expert cache hit rate: 29.0% (118 hits / 407 lookups)
strata serve: KV streaming: 98.44% of 5718360 block reads hit VRAM, 358.5 MiB read from RAM
strata serve: prompt 34115 tokens = 34114 reused + 1 read in 3 ms (348.7 tok/s), 1 generated in 45 ms (22.0 tok/s), drafts accepted 0 of 0, 3 checkpoints
strata serve: decode expert cache hit rate: 25.2% (101 hits / 401 lookups)
strata serve: KV streaming: 98.44% of 5724516 block reads hit VRAM, 358.6 MiB read from RAM
strata serve: prompt 34116 tokens = 34115 reused + 1 read in 3 ms (340.5 tok/s), 1 generated in 44 ms (22.8 tok/s), drafts accepted 0 of 0, 3 checkpoints
strata serve: decode expert cache hit rate: 23.7% (95 hits / 401 lookups)
strata serve: KV streaming: 98.45% of 5730672 block reads hit VRAM, 358.9 MiB read from RAM
strata serve: prompt 34117 tokens = 34116 reused + 1 read in 3 ms (352.4 tok/s), 1 generated in 44 ms (22.7 tok/s), drafts accepted 0 of 0, 3 checkpoints
strata serve: decode expert cache hit rate: 29.6% (120 hits / 406 lookups)
strata serve: KV streaming: 98.45% of 5736840 block reads hit VRAM, 359.0 MiB read from RAM
strata serve: prompt 34118 tokens = 34117 reused + 1 read in 3 ms (354.8 tok/s), 1 generated in 44 ms (22.9 tok/s), drafts accepted 0 of 0, 3 checkpoints
strata serve: decode expert cache hit rate: 34.1% (141 hits / 413 lookups)
strata serve: KV streaming: 98.45% of 5743008 block reads hit VRAM, 359.2 MiB read from RAM
strata serve: prompt 34119 tokens = 34118 reused + 1 read in 3 ms (360.1 tok/s), 1 generated in 46 ms (21.7 tok/s), drafts accepted 0 of 0, 3 checkpoints
strata serve: decode expert cache hit rate: 25.2% (101 hits / 401 lookups)
strata serve: KV streaming: 98.45% of 5749164 block reads hit VRAM, 360.1 MiB read from RAM
strata serve: prompt 34120 tokens = 34119 reused + 1 read in 3 ms (356.2 tok/s), 1 generated in 44 ms (22.7 tok/s), drafts accepted 0 of 0, 3 checkpoints
strata serve: decode expert cache hit rate: 32.4% (133 hits / 410 lookups)
strata serve: KV streaming: 98.45% of 5755320 block reads hit VRAM, 360.4 MiB read from RAM
strata serve: prompt 34121 tokens = 34120 reused + 1 read in 3 ms (356.0 tok/s), 1 generated in 46 ms (21.5 tok/s), drafts accepted 0 of 0, 3 checkpoints
strata serve: decode expert cache hit rate: 25.4% (103 hits / 406 lookups)
strata serve: KV streaming: 98.45% of 5761488 block reads hit VRAM, 360.8 MiB read from RAM
strata serve: prompt 34122 tokens = 34121 reused + 1 read in 3 ms (353.3 tok/s), 1 generated in 43 ms (23.0 tok/s), drafts accepted 0 of 0, 3 checkpoints
strata serve: decode expert cache hit rate: 36.5% (152 hits / 417 lookups)
strata serve: KV streaming: 98.45% of 5767656 block reads hit VRAM, 360.9 MiB read from RAM
strata serve: prompt 34123 tokens = 34122 reused + 1 read in 3 ms (359.3 tok/s), 1 generated in 46 ms (22.0 tok/s), drafts accepted 0 of 0, 3 checkpoints
strata serve: decode expert cache hit rate: 26.2% (106 hits / 405 lookups)
strata serve: KV streaming: 98.45% of 5773812 block reads hit VRAM, 361.1 MiB read from RAM
strata serve: prompt 34124 tokens = 34123 reused + 1 read in 3 ms (357.5 tok/s), 1 generated in 45 ms (22.1 tok/s), drafts accepted 0 of 0, 3 checkpoints
strata serve: decode expert cache hit rate: 27.8% (113 hits / 407 lookups)
strata serve: KV streaming: 98.45% of 5779968 block reads hit VRAM, 361.2 MiB read from RAM
strata serve: prompt 34125 tokens = 34124 reused + 1 read in 3 ms (360.3 tok/s), 1 generated in 43 ms (23.5 tok/s), drafts accepted 0 of 0, 3 checkpoints
strata serve: decode expert cache hit rate: 26.3% (107 hits / 407 lookups)
strata serve: KV streaming: 98.45% of 5786136 block reads hit VRAM, 361.7 MiB read from RAM
strata serve: prompt 34126 tokens = 34125 reused + 1 read in 3 ms (356.2 tok/s), 1 generated in 41 ms (24.6 tok/s), drafts accepted 0 of 0, 3 checkpoints
strata serve: decode expert cache hit rate: 38.3% (159 hits / 415 lookups)
strata serve: KV streaming: 98.45% of 5792304 block reads hit VRAM, 362.0 MiB read from RAM
strata serve: prompt 34127 tokens = 34126 reused + 1 read in 3 ms (355.3 tok/s), 1 generated in 42 ms (23.9 tok/s), drafts accepted 0 of 0, 3 checkpoints
strata serve: decode expert cache hit rate: 32.3% (132 hits / 409 lookups)
strata serve: KV streaming: 98.45% of 5798460 block reads hit VRAM, 362.3 MiB read from RAM
strata serve: prompt 34128 tokens = 34127 reused + 1 read in 3 ms (355.9 tok/s), 1 generated in 39 ms (25.8 tok/s), drafts accepted 0 of 0, 3 checkpoints
strata serve: decode expert cache hit rate: 44.8% (189 hits / 422 lookups)
strata serve: KV streaming: 98.45% of 5804616 block reads hit VRAM, 362.4 MiB read from RAM
strata serve: prompt 34129 tokens = 34128 reused + 1 read in 3 ms (357.8 tok/s), 1 generated in 44 ms (22.7 tok/s), drafts accepted 0 of 0, 3 checkpoints
strata serve: decode expert cache hit rate: 23.9% (96 hits / 401 lookups)
strata serve: KV streaming: 98.45% of 5810784 block reads hit VRAM, 362.7 MiB read from RAM
strata serve: prompt 34130 tokens = 34129 reused + 1 read in 3 ms (359.5 tok/s), 1 generated in 45 ms (22.2 tok/s), drafts accepted 0 of 0, 3 checkpoints
strata serve: decode expert cache hit rate: 24.7% (99 hits / 401 lookups)
strata serve: KV streaming: 98.45% of 5816952 block reads hit VRAM, 363.2 MiB read from RAM
strata serve: prompt 34131 tokens = 34130 reused + 1 read in 3 ms (355.1 tok/s), 1 generated in 44 ms (22.5 tok/s), drafts accepted 0 of 0, 3 checkpoints
strata serve: decode expert cache hit rate: 31.1% (127 hits / 408 lookups)
strata serve: KV streaming: 98.45% of 5823108 block reads hit VRAM, 363.3 MiB read from RAM
strata serve: prompt 34132 tokens = 34131 reused + 1 read in 3 ms (358.4 tok/s), 1 generated in 44 ms (22.6 tok/s), drafts accepted 0 of 0, 3 checkpoints
strata serve: decode expert cache hit rate: 28.9% (117 hits / 405 lookups)
strata serve: KV streaming: 98.45% of 5829264 block reads hit VRAM, 363.4 MiB read from RAM
strata serve: prompt 34133 tokens = 34132 reused + 1 read in 3 ms (353.7 tok/s), 1 generated in 46 ms (21.6 tok/s), drafts accepted 0 of 0, 3 checkpoints
strata serve: decode expert cache hit rate: 22.2% (89 hits / 400 lookups)
strata serve: KV streaming: 98.45% of 5835432 block reads hit VRAM, 364.2 MiB read from RAM
strata serve: prompt 34134 tokens = 34133 reused + 1 read in 3 ms (350.8 tok/s), 1 generated in 54 ms (18.6 tok/s), drafts accepted 0 of 0, 3 checkpoints
strata serve: decode expert cache hit rate: 28.4% (116 hits / 408 lookups)
strata serve: KV streaming: 98.45% of 5841600 block reads hit VRAM, 365.0 MiB read from RAM
strata serve: prompt 34135 tokens = 34134 reused + 1 read in 3 ms (348.0 tok/s), 1 generated in 48 ms (21.0 tok/s), drafts accepted 0 of 0, 3 checkpoints
strata serve: decode expert cache hit rate: 39.5% (165 hits / 418 lookups)
strata serve: KV streaming: 98.45% of 5847756 block reads hit VRAM, 365.2 MiB read from RAM
strata serve: prompt 34136 tokens = 34135 reused + 1 read in 3 ms (353.1 tok/s), 1 generated in 46 ms (21.7 tok/s), drafts accepted 0 of 0, 3 checkpoints
strata serve: decode expert cache hit rate: 30.0% (121 hits / 404 lookups)
strata serve: KV streaming: 98.45% of 5853912 block reads hit VRAM, 365.5 MiB read from RAM
strata serve: prompt 34137 tokens = 34136 reused + 1 read in 3 ms (356.4 tok/s), 1 generated in 46 ms (21.5 tok/s), drafts accepted 0 of 0, 3 checkpoints
strata serve: decode expert cache hit rate: 26.7% (108 hits / 404 lookups)
strata serve: KV streaming: 98.45% of 5860080 block reads hit VRAM, 366.2 MiB read from RAM
strata serve: prompt 34138 tokens = 34137 reused + 1 read in 3 ms (356.3 tok/s), 1 generated in 46 ms (21.6 tok/s), drafts accepted 0 of 0, 3 checkpoints
strata serve: decode expert cache hit rate: 30.7% (126 hits / 410 lookups)
strata serve: KV streaming: 98.45% of 5866248 block reads hit VRAM, 366.4 MiB read from RAM
strata serve: prompt 34139 tokens = 34138 reused + 1 read in 3 ms (356.6 tok/s), 1 generated in 46 ms (21.7 tok/s), drafts accepted 0 of 0, 3 checkpoints
strata serve: decode expert cache hit rate: 28.2% (115 hits / 408 lookups)
strata serve: KV streaming: 98.45% of 5872404 block reads hit VRAM, 366.7 MiB read from RAM
strata serve: prompt 34140 tokens = 34139 reused + 1 read in 3 ms (353.6 tok/s), 1 generated in 43 ms (23.1 tok/s), drafts accepted 0 of 0, 3 checkpoints
strata serve: decode expert cache hit rate: 32.6% (133 hits / 408 lookups)
strata serve: KV streaming: 98.45% of 5878560 block reads hit VRAM, 367.3 MiB read from RAM
strata serve: prompt 34141 tokens = 34140 reused + 1 read in 3 ms (358.8 tok/s), 1 generated in 45 ms (22.2 tok/s), drafts accepted 0 of 0, 3 checkpoints
strata serve: decode expert cache hit rate: 25.0% (101 hits / 404 lookups)
strata serve: KV streaming: 98.45% of 5884728 block reads hit VRAM, 368.4 MiB read from RAM
strata serve: prompt 34142 tokens = 34141 reused + 1 read in 3 ms (356.6 tok/s), 1 generated in 42 ms (23.9 tok/s), drafts accepted 0 of 0, 3 checkpoints
strata serve: decode expert cache hit rate: 44.4% (190 hits / 428 lookups)
strata serve: KV streaming: 98.45% of 5890896 block reads hit VRAM, 368.7 MiB read from RAM
strata serve: prompt 34143 tokens = 34142 reused + 1 read in 3 ms (357.8 tok/s), 1 generated in 47 ms (21.2 tok/s), drafts accepted 0 of 0, 3 checkpoints
strata serve: decode expert cache hit rate: 26.8% (109 hits / 406 lookups)
strata serve: KV streaming: 98.45% of 5897052 block reads hit VRAM, 369.3 MiB read from RAM
strata serve: prompt 34144 tokens = 34143 reused + 1 read in 3 ms (353.1 tok/s), 1 generated in 43 ms (23.4 tok/s), drafts accepted 0 of 0, 3 checkpoints
strata serve: decode expert cache hit rate: 40.1% (169 hits / 421 lookups)
strata serve: KV streaming: 98.45% of 5903208 block reads hit VRAM, 369.6 MiB read from RAM
strata serve: prompt 34145 tokens = 34144 reused + 1 read in 3 ms (356.1 tok/s), 1 generated in 48 ms (20.6 tok/s), drafts accepted 0 of 0, 3 checkpoints
strata serve: decode expert cache hit rate: 20.9% (84 hits / 401 lookups)
strata serve: KV streaming: 98.45% of 5909376 block reads hit VRAM, 370.0 MiB read from RAM
strata serve: prompt 34146 tokens = 34145 reused + 1 read in 3 ms (356.6 tok/s), 1 generated in 47 ms (21.3 tok/s), drafts accepted 0 of 0, 3 checkpoints
strata serve: decode expert cache hit rate: 34.5% (143 hits / 415 lookups)
strata serve: KV streaming: 98.45% of 5915544 block reads hit VRAM, 370.1 MiB read from RAM
strata serve: prompt 34147 tokens = 34146 reused + 1 read in 3 ms (357.3 tok/s), 1 generated in 50 ms (20.1 tok/s), drafts accepted 0 of 0, 3 checkpoints
strata serve: decode expert cache hit rate: 18.8% (75 hits / 398 lookups)
strata serve: KV streaming: 98.45% of 5921700 block reads hit VRAM, 370.2 MiB read from RAM
strata serve: prompt 34148 tokens = 34147 reused + 1 read in 3 ms (354.7 tok/s), 1 generated in 44 ms (22.9 tok/s), drafts accepted 0 of 0, 3 checkpoints
strata serve: decode expert cache hit rate: 42.3% (176 hits / 416 lookups)
strata serve: KV streaming: 98.45% of 5927856 block reads hit VRAM, 370.3 MiB read from RAM
strata serve: prompt 34149 tokens = 34148 reused + 1 read in 3 ms (357.6 tok/s), 1 generated in 45 ms (22.4 tok/s), drafts accepted 0 of 0, 3 checkpoints
strata serve: decode expert cache hit rate: 23.6% (95 hits / 402 lookups)
strata serve: KV streaming: 98.45% of 5934024 block reads hit VRAM, 371.2 MiB read from RAM
strata serve: prompt 34150 tokens = 34149 reused + 1 read in 3 ms (357.5 tok/s), 1 generated in 40 ms (25.0 tok/s), drafts accepted 0 of 0, 3 checkpoints
strata serve: decode expert cache hit rate: 34.5% (143 hits / 414 lookups)
strata serve: KV streaming: 98.45% of 5940192 block reads hit VRAM, 371.5 MiB read from RAM
strata serve: prompt 34151 tokens = 34150 reused + 1 read in 3 ms (359.7 tok/s), 1 generated in 43 ms (23.2 tok/s), drafts accepted 0 of 0, 3 checkpoints
strata serve: decode expert cache hit rate: 28.4% (115 hits / 405 lookups)
strata serve: KV streaming: 98.45% of 5946348 block reads hit VRAM, 371.7 MiB read from RAM
strata serve: prompt 34152 tokens = 34151 reused + 1 read in 3 ms (359.7 tok/s), 1 generated in 43 ms (23.3 tok/s), drafts accepted 0 of 0, 3 checkpoints
strata serve: decode expert cache hit rate: 21.2% (85 hits / 400 lookups)
strata serve: KV streaming: 98.45% of 5952504 block reads hit VRAM, 372.2 MiB read from RAM
strata serve: prompt 34153 tokens = 34152 reused + 1 read in 3 ms (359.8 tok/s), 1 generated in 45 ms (22.2 tok/s), drafts accepted 0 of 0, 3 checkpoints
strata serve: decode expert cache hit rate: 25.4% (103 hits / 406 lookups)
strata serve: KV streaming: 98.45% of 5958672 block reads hit VRAM, 372.5 MiB read from RAM
strata serve: prompt 34154 tokens = 34153 reused + 1 read in 3 ms (360.3 tok/s), 1 generated in 50 ms (19.9 tok/s), drafts accepted 0 of 0, 3 checkpoints
strata serve: decode expert cache hit rate: 28.7% (117 hits / 407 lookups)
strata serve: KV streaming: 98.45% of 5964840 block reads hit VRAM, 372.9 MiB read from RAM
strata serve: prompt 34155 tokens = 34154 reused + 1 read in 3 ms (359.4 tok/s), 1 generated in 43 ms (23.2 tok/s), drafts accepted 0 of 0, 3 checkpoints
strata serve: decode expert cache hit rate: 28.6% (116 hits / 406 lookups)
strata serve: KV streaming: 98.45% of 5970996 block reads hit VRAM, 373.6 MiB read from RAM
strata serve: prompt 34156 tokens = 34155 reused + 1 read in 3 ms (359.0 tok/s), 1 generated in 46 ms (21.5 tok/s), drafts accepted 0 of 0, 3 checkpoints
strata serve: decode expert cache hit rate: 24.5% (99 hits / 404 lookups)
strata serve: KV streaming: 98.45% of 5977152 block reads hit VRAM, 374.1 MiB read from RAM
strata serve: prompt 34157 tokens = 34156 reused + 1 read in 3 ms (358.9 tok/s), 1 generated in 47 ms (21.1 tok/s), drafts accepted 0 of 0, 3 checkpoints
strata serve: decode expert cache hit rate: 25.4% (102 hits / 402 lookups)
strata serve: KV streaming: 98.45% of 5983320 block reads hit VRAM, 374.2 MiB read from RAM
strata serve: prompt 34158 tokens = 34157 reused + 1 read in 3 ms (359.7 tok/s), 1 generated in 47 ms (21.4 tok/s), drafts accepted 0 of 0, 3 checkpoints
strata serve: decode expert cache hit rate: 22.3% (90 hits / 403 lookups)
strata serve: KV streaming: 98.45% of 5989488 block reads hit VRAM, 374.7 MiB read from RAM
strata serve: prompt 34159 tokens = 34158 reused + 1 read in 3 ms (360.4 tok/s), 1 generated in 43 ms (23.5 tok/s), drafts accepted 0 of 0, 3 checkpoints
strata serve: decode expert cache hit rate: 34.6% (144 hits / 416 lookups)
strata serve: KV streaming: 98.45% of 5995644 block reads hit VRAM, 374.8 MiB read from RAM
strata serve: prompt 34160 tokens = 34159 reused + 1 read in 3 ms (358.9 tok/s), 1 generated in 44 ms (23.0 tok/s), drafts accepted 0 of 0, 3 checkpoints
strata serve: decode expert cache hit rate: 32.5% (133 hits / 409 lookups)
strata serve: KV streaming: 98.45% of 6001800 block reads hit VRAM, 374.9 MiB read from RAM
strata serve: prompt 34161 tokens = 34160 reused + 1 read in 3 ms (354.2 tok/s), 1 generated in 45 ms (22.4 tok/s), drafts accepted 0 of 0, 3 checkpoints
strata serve: decode expert cache hit rate: 22.9% (91 hits / 397 lookups)
strata serve: KV streaming: 98.45% of 6007968 block reads hit VRAM, 375.2 MiB read from RAM
strata serve: prompt 34162 tokens = 34161 reused + 1 read in 3 ms (359.3 tok/s), 1 generated in 45 ms (22.4 tok/s), drafts accepted 0 of 0, 3 checkpoints
strata serve: decode expert cache hit rate: 29.4% (119 hits / 405 lookups)
strata serve: KV streaming: 98.45% of 6014136 block reads hit VRAM, 375.4 MiB read from RAM
strata serve: prompt 34163 tokens = 34162 reused + 1 read in 3 ms (359.0 tok/s), 1 generated in 42 ms (23.7 tok/s), drafts accepted 0 of 0, 3 checkpoints
strata serve: decode expert cache hit rate: 35.2% (145 hits / 412 lookups)
strata serve: KV streaming: 98.45% of 6020292 block reads hit VRAM, 375.5 MiB read from RAM
strata serve: prompt 34164 tokens = 34163 reused + 1 read in 3 ms (343.6 tok/s), 1 generated in 43 ms (23.4 tok/s), drafts accepted 0 of 0, 3 checkpoints
strata serve: decode expert cache hit rate: 31.9% (131 hits / 411 lookups)
strata serve: KV streaming: 98.45% of 6026448 block reads hit VRAM, 375.9 MiB read from RAM
strata serve: prompt 34165 tokens = 34164 reused + 1 read in 3 ms (358.6 tok/s), 1 generated in 47 ms (21.4 tok/s), drafts accepted 0 of 0, 3 checkpoints
strata serve: decode expert cache hit rate: 22.0% (88 hits / 400 lookups)
strata serve: KV streaming: 98.45% of 6032616 block reads hit VRAM, 376.6 MiB read from RAM
strata serve: prompt 34166 tokens = 34165 reused + 1 read in 3 ms (358.3 tok/s), 1 generated in 41 ms (24.6 tok/s), drafts accepted 0 of 0, 3 checkpoints
strata serve: decode expert cache hit rate: 42.2% (178 hits / 422 lookups)
strata serve: KV streaming: 98.45% of 6038784 block reads hit VRAM, 376.8 MiB read from RAM
strata serve: prompt 34167 tokens = 34166 reused + 1 read in 3 ms (357.9 tok/s), 1 generated in 48 ms (20.8 tok/s), drafts accepted 0 of 0, 3 checkpoints
strata serve: decode expert cache hit rate: 29.5% (120 hits / 407 lookups)
strata serve: KV streaming: 98.45% of 6044940 block reads hit VRAM, 378.1 MiB read from RAM
strata serve: prompt 34168 tokens = 34167 reused + 1 read in 3 ms (359.2 tok/s), 1 generated in 49 ms (20.3 tok/s), drafts accepted 0 of 0, 3 checkpoints
strata serve: decode expert cache hit rate: 17.9% (71 hits / 397 lookups)
strata serve: KV streaming: 98.45% of 6051096 block reads hit VRAM, 378.6 MiB read from RAM
strata serve: prompt 34169 tokens = 34168 reused + 1 read in 3 ms (359.2 tok/s), 1 generated in 45 ms (22.1 tok/s), drafts accepted 0 of 0, 3 checkpoints
strata serve: decode expert cache hit rate: 32.2% (132 hits / 410 lookups)
strata serve: KV streaming: 98.44% of 6057264 block reads hit VRAM, 379.6 MiB read from RAM
strata serve: prompt 34170 tokens = 34169 reused + 1 read in 3 ms (359.5 tok/s), 1 generated in 41 ms (24.3 tok/s), drafts accepted 0 of 0, 3 checkpoints
strata serve: decode expert cache hit rate: 41.2% (174 hits / 422 lookups)
strata serve: KV streaming: 98.45% of 6063432 block reads hit VRAM, 379.8 MiB read from RAM
strata serve: prompt 34171 tokens = 34170 reused + 1 read in 3 ms (358.6 tok/s), 1 generated in 47 ms (21.2 tok/s), drafts accepted 0 of 0, 3 checkpoints
strata serve: decode expert cache hit rate: 23.2% (93 hits / 401 lookups)
strata serve: KV streaming: 98.44% of 6069588 block reads hit VRAM, 380.3 MiB read from RAM
strata serve: prompt 34172 tokens = 34171 reused + 1 read in 3 ms (358.2 tok/s), 1 generated in 44 ms (22.6 tok/s), drafts accepted 0 of 0, 3 checkpoints
strata serve: decode expert cache hit rate: 31.5% (129 hits / 409 lookups)
strata serve: KV streaming: 98.45% of 6075744 block reads hit VRAM, 380.5 MiB read from RAM
strata serve: prompt 34173 tokens = 34172 reused + 1 read in 3 ms (358.2 tok/s), 1 generated in 45 ms (22.2 tok/s), drafts accepted 0 of 0, 3 checkpoints
strata serve: decode expert cache hit rate: 26.6% (107 hits / 403 lookups)
strata serve: KV streaming: 98.44% of 6081912 block reads hit VRAM, 381.6 MiB read from RAM
strata serve: prompt 34174 tokens = 34173 reused + 1 read in 3 ms (356.3 tok/s), 1 generated in 44 ms (22.6 tok/s), drafts accepted 0 of 0, 3 checkpoints
strata serve: decode expert cache hit rate: 22.9% (92 hits / 402 lookups)
strata serve: KV streaming: 98.44% of 6088080 block reads hit VRAM, 381.7 MiB read from RAM
strata serve: prompt 34175 tokens = 34174 reused + 1 read in 3 ms (352.9 tok/s), 1 generated in 48 ms (21.0 tok/s), drafts accepted 0 of 0, 3 checkpoints
strata serve: decode expert cache hit rate: 18.2% (72 hits / 396 lookups)
strata serve: KV streaming: 98.44% of 6094236 block reads hit VRAM, 382.0 MiB read from RAM
strata serve: prompt 34176 tokens = 34175 reused + 1 read in 3 ms (358.8 tok/s), 1 generated in 46 ms (22.0 tok/s), drafts accepted 0 of 0, 3 checkpoints
strata serve: decode expert cache hit rate: 18.3% (73 hits / 399 lookups)
strata serve: KV streaming: 98.44% of 6100392 block reads hit VRAM, 382.2 MiB read from RAM
strata serve: prompt 34177 tokens = 34176 reused + 1 read in 3 ms (358.2 tok/s), 1 generated in 44 ms (22.5 tok/s), drafts accepted 0 of 0, 3 checkpoints
strata serve: decode expert cache hit rate: 29.7% (120 hits / 404 lookups)
strata serve: KV streaming: 98.44% of 6106560 block reads hit VRAM, 382.5 MiB read from RAM
strata serve: prompt 34178 tokens = 34177 reused + 1 read in 3 ms (358.7 tok/s), 1 generated in 47 ms (21.3 tok/s), drafts accepted 0 of 0, 3 checkpoints
strata serve: decode expert cache hit rate: 23.9% (96 hits / 402 lookups)
strata serve: KV streaming: 98.45% of 6112728 block reads hit VRAM, 382.8 MiB read from RAM
strata serve: prompt 34179 tokens = 34178 reused + 1 read in 3 ms (358.3 tok/s), 1 generated in 41 ms (24.5 tok/s), drafts accepted 0 of 0, 3 checkpoints
strata serve: decode expert cache hit rate: 40.3% (170 hits / 422 lookups)
strata serve: KV streaming: 98.45% of 6118884 block reads hit VRAM, 383.1 MiB read from RAM
strata serve: prompt 34180 tokens = 34179 reused + 1 read in 3 ms (358.8 tok/s), 1 generated in 47 ms (21.3 tok/s), drafts accepted 0 of 0, 3 checkpoints
strata serve: decode expert cache hit rate: 27.7% (113 hits / 408 lookups)
strata serve: KV streaming: 98.44% of 6125040 block reads hit VRAM, 383.7 MiB read from RAM
strata serve: prompt 34181 tokens = 34180 reused + 1 read in 3 ms (360.0 tok/s), 1 generated in 45 ms (22.3 tok/s), drafts accepted 0 of 0, 3 checkpoints
strata serve: decode expert cache hit rate: 35.0% (144 hits / 412 lookups)
strata serve: KV streaming: 98.44% of 6131208 block reads hit VRAM, 384.5 MiB read from RAM
strata serve: prompt 34182 tokens = 34181 reused + 1 read in 3 ms (359.9 tok/s), 1 generated in 37 ms (27.2 tok/s), drafts accepted 0 of 0, 3 checkpoints
strata serve: decode expert cache hit rate: 50.8% (219 hits / 431 lookups)
strata serve: KV streaming: 98.44% of 6137376 block reads hit VRAM, 384.9 MiB read from RAM
strata serve: prompt 34183 tokens = 34182 reused + 1 read in 3 ms (357.6 tok/s), 1 generated in 45 ms (22.1 tok/s), drafts accepted 0 of 0, 3 checkpoints
strata serve: decode expert cache hit rate: 27.5% (112 hits / 407 lookups)
strata serve: KV streaming: 98.44% of 6143532 block reads hit VRAM, 385.4 MiB read from RAM
strata serve: prompt 34184 tokens = 34183 reused + 1 read in 3 ms (360.3 tok/s), 1 generated in 45 ms (22.2 tok/s), drafts accepted 0 of 0, 3 checkpoints
strata serve: decode expert cache hit rate: 33.3% (138 hits / 414 lookups)
strata serve: KV streaming: 98.44% of 6149688 block reads hit VRAM, 385.5 MiB read from RAM
strata serve: prompt 34185 tokens = 34184 reused + 1 read in 3 ms (359.1 tok/s), 1 generated in 46 ms (21.9 tok/s), drafts accepted 0 of 0, 3 checkpoints
strata serve: decode expert cache hit rate: 31.1% (128 hits / 411 lookups)
strata serve: KV streaming: 98.44% of 6155856 block reads hit VRAM, 385.7 MiB read from RAM
strata serve: prompt 34186 tokens = 34185 reused + 1 read in 3 ms (359.6 tok/s), 1 generated in 48 ms (20.8 tok/s), drafts accepted 0 of 0, 3 checkpoints
strata serve: decode expert cache hit rate: 25.9% (104 hits / 401 lookups)
strata serve: KV streaming: 98.44% of 6162024 block reads hit VRAM, 386.0 MiB read from RAM
strata serve: prompt 34187 tokens = 34186 reused + 1 read in 3 ms (360.6 tok/s), 1 generated in 48 ms (20.8 tok/s), drafts accepted 0 of 0, 3 checkpoints
strata serve: decode expert cache hit rate: 22.4% (90 hits / 402 lookups)
strata serve: KV streaming: 98.44% of 6168180 block reads hit VRAM, 386.4 MiB read from RAM
strata serve: prompt 34188 tokens = 34187 reused + 1 read in 3 ms (360.4 tok/s), 1 generated in 46 ms (21.8 tok/s), drafts accepted 0 of 0, 3 checkpoints
strata serve: decode expert cache hit rate: 26.6% (108 hits / 406 lookups)
strata serve: KV streaming: 98.45% of 6174336 block reads hit VRAM, 386.5 MiB read from RAM
strata serve: prompt 34189 tokens = 34188 reused + 1 read in 3 ms (360.5 tok/s), 1 generated in 48 ms (20.9 tok/s), drafts accepted 0 of 0, 3 checkpoints
strata serve: decode expert cache hit rate: 30.1% (123 hits / 408 lookups)
strata serve: KV streaming: 98.45% of 6180504 block reads hit VRAM, 387.0 MiB read from RAM
strata serve: prompt 34190 tokens = 34189 reused + 1 read in 3 ms (354.7 tok/s), 1 generated in 39 ms (25.3 tok/s), drafts accepted 0 of 0, 3 checkpoints
strata serve: decode expert cache hit rate: 42.7% (182 hits / 426 lookups)
strata serve: KV streaming: 98.45% of 6186672 block reads hit VRAM, 387.0 MiB read from RAM
strata serve: prompt 34191 tokens = 34190 reused + 1 read in 3 ms (359.7 tok/s), 1 generated in 49 ms (20.4 tok/s), drafts accepted 0 of 0, 3 checkpoints
strata serve: decode expert cache hit rate: 25.2% (102 hits / 404 lookups)
strata serve: KV streaming: 98.45% of 6192828 block reads hit VRAM, 387.1 MiB read from RAM
strata serve: prompt 34192 tokens = 34191 reused + 1 read in 3 ms (360.3 tok/s), 1 generated in 50 ms (20.0 tok/s), drafts accepted 0 of 0, 3 checkpoints
strata serve: decode expert cache hit rate: 24.6% (99 hits / 403 lookups)
strata serve: KV streaming: 98.45% of 6198984 block reads hit VRAM, 387.3 MiB read from RAM
strata serve: prompt 34193 tokens = 34192 reused + 1 read in 3 ms (359.7 tok/s), 1 generated in 46 ms (22.0 tok/s), drafts accepted 0 of 0, 3 checkpoints
strata serve: decode expert cache hit rate: 32.3% (132 hits / 409 lookups)
strata serve: KV streaming: 98.45% of 6205152 block reads hit VRAM, 387.4 MiB read from RAM
strata serve: prompt 34194 tokens = 34193 reused + 1 read in 3 ms (360.4 tok/s), 1 generated in 40 ms (25.2 tok/s), drafts accepted 0 of 0, 3 checkpoints
strata serve: decode expert cache hit rate: 41.2% (174 hits / 422 lookups)
strata serve: KV streaming: 98.45% of 6211320 block reads hit VRAM, 387.5 MiB read from RAM
strata serve: prompt 34195 tokens = 34194 reused + 1 read in 3 ms (359.3 tok/s), 1 generated in 45 ms (22.3 tok/s), drafts accepted 0 of 0, 3 checkpoints
strata serve: decode expert cache hit rate: 26.9% (109 hits / 405 lookups)
strata serve: KV streaming: 98.45% of 6217476 block reads hit VRAM, 387.9 MiB read from RAM
strata serve: prompt 34196 tokens = 34195 reused + 1 read in 3 ms (359.2 tok/s), 1 generated in 44 ms (22.5 tok/s), drafts accepted 0 of 0, 3 checkpoints
strata serve: decode expert cache hit rate: 27.1% (111 hits / 409 lookups)
strata serve: KV streaming: 98.45% of 6223632 block reads hit VRAM, 388.1 MiB read from RAM
strata serve: prompt 34197 tokens = 34196 reused + 1 read in 3 ms (358.1 tok/s), 1 generated in 44 ms (22.6 tok/s), drafts accepted 0 of 0, 3 checkpoints
strata serve: decode expert cache hit rate: 37.4% (156 hits / 417 lookups)
strata serve: KV streaming: 98.45% of 6229800 block reads hit VRAM, 388.2 MiB read from RAM
strata serve: prompt 34198 tokens = 34197 reused + 1 read in 3 ms (359.2 tok/s), 1 generated in 44 ms (22.9 tok/s), drafts accepted 0 of 0, 3 checkpoints
strata serve: decode expert cache hit rate: 31.5% (129 hits / 409 lookups)
strata serve: KV streaming: 98.45% of 6235968 block reads hit VRAM, 388.3 MiB read from RAM
strata serve: prompt 34199 tokens = 34198 reused + 1 read in 3 ms (359.1 tok/s), 1 generated in 45 ms (22.3 tok/s), drafts accepted 0 of 0, 3 checkpoints
strata serve: decode expert cache hit rate: 22.7% (91 hits / 401 lookups)
strata serve: KV streaming: 98.45% of 6242124 block reads hit VRAM, 388.6 MiB read from RAM
strata serve: prompt 34200 tokens = 34199 reused + 1 read in 3 ms (358.4 tok/s), 1 generated in 41 ms (24.4 tok/s), drafts accepted 0 of 0, 3 checkpoints
strata serve: decode expert cache hit rate: 32.7% (135 hits / 413 lookups)
strata serve: KV streaming: 98.46% of 6248280 block reads hit VRAM, 388.7 MiB read from RAM
strata serve: prompt 34201 tokens = 34200 reused + 1 read in 3 ms (360.8 tok/s), 1 generated in 43 ms (23.1 tok/s), drafts accepted 0 of 0, 3 checkpoints
strata serve: decode expert cache hit rate: 38.5% (161 hits / 418 lookups)
strata serve: KV streaming: 98.46% of 6254448 block reads hit VRAM, 388.9 MiB read from RAM
strata serve: prompt 34202 tokens = 34201 reused + 1 read in 3 ms (360.6 tok/s), 1 generated in 45 ms (22.4 tok/s), drafts accepted 0 of 0, 3 checkpoints
strata serve: decode expert cache hit rate: 24.6% (99 hits / 403 lookups)
strata serve: KV streaming: 98.46% of 6260616 block reads hit VRAM, 389.1 MiB read from RAM
strata serve: prompt 34203 tokens = 34202 reused + 1 read in 3 ms (360.2 tok/s), 1 generated in 38 ms (26.1 tok/s), drafts accepted 0 of 0, 3 checkpoints
strata serve: decode expert cache hit rate: 35.5% (148 hits / 417 lookups)
strata serve: KV streaming: 98.46% of 6266772 block reads hit VRAM, 389.4 MiB read from RAM
strata serve: prompt 34204 tokens = 34203 reused + 1 read in 3 ms (357.1 tok/s), 1 generated in 40 ms (25.0 tok/s), drafts accepted 0 of 0, 3 checkpoints
strata serve: decode expert cache hit rate: 40.0% (167 hits / 418 lookups)
strata serve: KV streaming: 98.46% of 6272928 block reads hit VRAM, 389.6 MiB read from RAM
strata serve: prompt 34205 tokens = 34204 reused + 1 read in 3 ms (359.9 tok/s), 1 generated in 42 ms (24.0 tok/s), drafts accepted 0 of 0, 3 checkpoints
strata serve: decode expert cache hit rate: 30.4% (124 hits / 408 lookups)
strata serve: KV streaming: 98.46% of 6279096 block reads hit VRAM, 390.0 MiB read from RAM
strata serve: prompt 34206 tokens = 34205 reused + 1 read in 3 ms (360.4 tok/s), 1 generated in 43 ms (23.4 tok/s), drafts accepted 0 of 0, 3 checkpoints
strata serve: decode expert cache hit rate: 25.3% (102 hits / 403 lookups)
strata serve: KV streaming: 98.46% of 6285264 block reads hit VRAM, 390.2 MiB read from RAM
strata serve: prompt 34207 tokens = 34206 reused + 1 read in 3 ms (360.2 tok/s), 1 generated in 43 ms (23.2 tok/s), drafts accepted 0 of 0, 3 checkpoints
strata serve: decode expert cache hit rate: 24.2% (98 hits / 405 lookups)
strata serve: KV streaming: 98.46% of 6291420 block reads hit VRAM, 390.4 MiB read from RAM
strata serve: prompt 34208 tokens = 34207 reused + 1 read in 3 ms (360.2 tok/s), 1 generated in 41 ms (24.5 tok/s), drafts accepted 0 of 0, 3 checkpoints
strata serve: decode expert cache hit rate: 39.6% (167 hits / 422 lookups)
strata serve: KV streaming: 98.46% of 6297576 block reads hit VRAM, 390.5 MiB read from RAM
strata serve: prompt 34209 tokens = 34208 reused + 1 read in 3 ms (359.5 tok/s), 1 generated in 39 ms (25.8 tok/s), drafts accepted 0 of 0, 3 checkpoints
strata serve: decode expert cache hit rate: 30.1% (122 hits / 405 lookups)
strata serve: KV streaming: 98.46% of 6303744 block reads hit VRAM, 390.6 MiB read from RAM
strata serve: prompt 34210 tokens = 34209 reused + 1 read in 3 ms (359.2 tok/s), 1 generated in 40 ms (25.2 tok/s), drafts accepted 0 of 0, 3 checkpoints
strata serve: decode expert cache hit rate: 35.6% (149 hits / 418 lookups)
strata serve: KV streaming: 98.46% of 6309912 block reads hit VRAM, 390.7 MiB read from RAM
strata serve: prompt 34211 tokens = 34210 reused + 1 read in 3 ms (359.6 tok/s), 1 generated in 41 ms (24.2 tok/s), drafts accepted 0 of 0, 3 checkpoints
strata serve: decode expert cache hit rate: 31.6% (129 hits / 408 lookups)
strata serve: KV streaming: 98.46% of 6316068 block reads hit VRAM, 390.8 MiB read from RAM
strata serve: prompt 34212 tokens = 34211 reused + 1 read in 3 ms (345.9 tok/s), 1 generated in 38 ms (26.2 tok/s), drafts accepted 0 of 0, 3 checkpoints
strata serve: decode expert cache hit rate: 44.0% (187 hits / 425 lookups)
strata serve: KV streaming: 98.46% of 6322224 block reads hit VRAM, 391.0 MiB read from RAM
strata serve: prompt 34213 tokens = 34212 reused + 1 read in 3 ms (359.9 tok/s), 1 generated in 44 ms (22.6 tok/s), drafts accepted 0 of 0, 3 checkpoints
strata serve: decode expert cache hit rate: 30.9% (126 hits / 408 lookups)
strata serve: KV streaming: 98.46% of 6328392 block reads hit VRAM, 391.4 MiB read from RAM
strata serve: prompt 34214 tokens = 34213 reused + 1 read in 3 ms (359.8 tok/s), 1 generated in 40 ms (24.8 tok/s), drafts accepted 0 of 0, 3 checkpoints
strata serve: decode expert cache hit rate: 34.1% (141 hits / 413 lookups)
strata serve: KV streaming: 98.46% of 6334560 block reads hit VRAM, 391.8 MiB read from RAM
strata serve: prompt 34215 tokens = 34214 reused + 1 read in 3 ms (358.7 tok/s), 1 generated in 43 ms (23.1 tok/s), drafts accepted 0 of 0, 3 checkpoints
strata serve: decode expert cache hit rate: 25.5% (103 hits / 404 lookups)
strata serve: KV streaming: 98.46% of 6340716 block reads hit VRAM, 392.4 MiB read from RAM
strata serve: prompt 34216 tokens = 34215 reused + 1 read in 3 ms (359.6 tok/s), 1 generated in 42 ms (24.0 tok/s), drafts accepted 0 of 0, 3 checkpoints
strata serve: decode expert cache hit rate: 27.8% (113 hits / 406 lookups)
strata serve: KV streaming: 98.46% of 6346872 block reads hit VRAM, 392.6 MiB read from RAM
strata serve: prompt 34217 tokens = 34216 reused + 1 read in 3 ms (359.8 tok/s), 1 generated in 41 ms (24.7 tok/s), drafts accepted 0 of 0, 3 checkpoints
strata serve: decode expert cache hit rate: 39.2% (165 hits / 421 lookups)
strata serve: KV streaming: 98.47% of 6353040 block reads hit VRAM, 392.7 MiB read from RAM
strata serve: prompt 34218 tokens = 34217 reused + 1 read in 3 ms (355.8 tok/s), 1 generated in 43 ms (23.4 tok/s), drafts accepted 0 of 0, 3 checkpoints
strata serve: decode expert cache hit rate: 22.5% (90 hits / 400 lookups)
strata serve: KV streaming: 98.47% of 6359208 block reads hit VRAM, 393.1 MiB read from RAM
strata serve: prompt 34219 tokens = 34218 reused + 1 read in 3 ms (360.0 tok/s), 1 generated in 45 ms (22.4 tok/s), drafts accepted 0 of 0, 3 checkpoints
strata serve: decode expert cache hit rate: 23.4% (94 hits / 401 lookups)
strata serve: KV streaming: 98.47% of 6365364 block reads hit VRAM, 393.3 MiB read from RAM
strata serve: prompt 34220 tokens = 34219 reused + 1 read in 3 ms (360.3 tok/s), 1 generated in 41 ms (24.4 tok/s), drafts accepted 0 of 0, 3 checkpoints
strata serve: decode expert cache hit rate: 30.3% (124 hits / 409 lookups)
strata serve: KV streaming: 98.47% of 6371520 block reads hit VRAM, 393.4 MiB read from RAM
strata serve: prompt 34221 tokens = 34220 reused + 1 read in 3 ms (360.7 tok/s), 1 generated in 41 ms (24.2 tok/s), drafts accepted 0 of 0, 3 checkpoints
strata serve: decode expert cache hit rate: 26.0% (105 hits / 404 lookups)
strata serve: KV streaming: 98.47% of 6377688 block reads hit VRAM, 393.7 MiB read from RAM
strata serve: prompt 34222 tokens = 34221 reused + 1 read in 3 ms (359.8 tok/s), 1 generated in 42 ms (23.8 tok/s), drafts accepted 0 of 0, 3 checkpoints
strata serve: decode expert cache hit rate: 24.0% (96 hits / 400 lookups)
strata serve: KV streaming: 98.47% of 6383856 block reads hit VRAM, 394.0 MiB read from RAM
strata serve: prompt 34223 tokens = 34222 reused + 1 read in 3 ms (360.1 tok/s), 1 generated in 43 ms (23.3 tok/s), drafts accepted 0 of 0, 3 checkpoints
strata serve: decode expert cache hit rate: 27.2% (110 hits / 405 lookups)
strata serve: KV streaming: 98.47% of 6390012 block reads hit VRAM, 394.2 MiB read from RAM
strata serve: prompt 34224 tokens = 34223 reused + 1 read in 3 ms (360.4 tok/s), 1 generated in 40 ms (25.0 tok/s), drafts accepted 0 of 0, 3 checkpoints
strata serve: decode expert cache hit rate: 33.7% (140 hits / 415 lookups)
strata serve: KV streaming: 98.47% of 6396168 block reads hit VRAM, 394.5 MiB read from RAM
strata serve: prompt 34225 tokens = 34224 reused + 1 read in 3 ms (360.5 tok/s), 1 generated in 42 ms (23.9 tok/s), drafts accepted 0 of 0, 3 checkpoints
strata serve: decode expert cache hit rate: 31.2% (127 hits / 407 lookups)
strata serve: KV streaming: 98.47% of 6402336 block reads hit VRAM, 394.6 MiB read from RAM
strata serve: prompt 34226 tokens = 34225 reused + 1 read in 3 ms (360.6 tok/s), 1 generated in 41 ms (24.3 tok/s), drafts accepted 0 of 0, 3 checkpoints
strata serve: decode expert cache hit rate: 32.0% (131 hits / 410 lookups)
strata serve: KV streaming: 98.47% of 6408504 block reads hit VRAM, 394.7 MiB read from RAM
strata serve: prompt 34227 tokens = 34226 reused + 1 read in 3 ms (360.1 tok/s), 1 generated in 43 ms (23.2 tok/s), drafts accepted 0 of 0, 3 checkpoints
strata serve: decode expert cache hit rate: 23.8% (95 hits / 400 lookups)
strata serve: KV streaming: 98.47% of 6414660 block reads hit VRAM, 394.8 MiB read from RAM
strata serve: prompt 34228 tokens = 34227 reused + 1 read in 3 ms (359.8 tok/s), 1 generated in 40 ms (25.3 tok/s), drafts accepted 0 of 0, 3 checkpoints
strata serve: decode expert cache hit rate: 35.6% (146 hits / 410 lookups)
strata serve: KV streaming: 98.47% of 6420816 block reads hit VRAM, 395.0 MiB read from RAM
strata serve: prompt 34229 tokens = 34228 reused + 1 read in 3 ms (360.2 tok/s), 1 generated in 40 ms (25.2 tok/s), drafts accepted 0 of 0, 3 checkpoints
strata serve: decode expert cache hit rate: 33.1% (137 hits / 414 lookups)
strata serve: KV streaming: 98.47% of 6426984 block reads hit VRAM, 395.2 MiB read from RAM
strata serve: prompt 34230 tokens = 34229 reused + 1 read in 3 ms (355.6 tok/s), 1 generated in 40 ms (24.9 tok/s), drafts accepted 0 of 0, 3 checkpoints
strata serve: decode expert cache hit rate: 38.9% (161 hits / 414 lookups)
strata serve: KV streaming: 98.47% of 6433152 block reads hit VRAM, 395.4 MiB read from RAM
strata serve: prompt 34231 tokens = 34230 reused + 1 read in 3 ms (358.9 tok/s), 1 generated in 44 ms (23.0 tok/s), drafts accepted 0 of 0, 3 checkpoints
strata serve: decode expert cache hit rate: 31.6% (130 hits / 412 lookups)
strata serve: KV streaming: 98.47% of 6439308 block reads hit VRAM, 395.6 MiB read from RAM
strata serve: prompt 34232 tokens = 34231 reused + 1 read in 3 ms (359.7 tok/s), 1 generated in 42 ms (23.7 tok/s), drafts accepted 0 of 0, 3 checkpoints
strata serve: decode expert cache hit rate: 23.2% (93 hits / 401 lookups)
strata serve: KV streaming: 98.48% of 6445464 block reads hit VRAM, 395.7 MiB read from RAM
strata serve: prompt 34233 tokens = 34232 reused + 1 read in 3 ms (359.6 tok/s), 1 generated in 41 ms (24.2 tok/s), drafts accepted 0 of 0, 3 checkpoints
strata serve: decode expert cache hit rate: 29.6% (121 hits / 409 lookups)
strata serve: KV streaming: 98.48% of 6451632 block reads hit VRAM, 395.8 MiB read from RAM
strata serve: prompt 34234 tokens = 34233 reused + 1 read in 3 ms (357.6 tok/s), 1 generated in 41 ms (24.5 tok/s), drafts accepted 0 of 0, 3 checkpoints
strata serve: decode expert cache hit rate: 34.7% (144 hits / 415 lookups)
strata serve: KV streaming: 98.48% of 6457800 block reads hit VRAM, 396.0 MiB read from RAM
strata serve: prompt 34235 tokens = 34234 reused + 1 read in 3 ms (359.4 tok/s), 1 generated in 42 ms (23.7 tok/s), drafts accepted 0 of 0, 3 checkpoints
strata serve: decode expert cache hit rate: 29.7% (121 hits / 407 lookups)
strata serve: KV streaming: 98.48% of 6463956 block reads hit VRAM, 396.3 MiB read from RAM
strata serve: prompt 34236 tokens = 34235 reused + 1 read in 3 ms (360.4 tok/s), 1 generated in 42 ms (23.9 tok/s), drafts accepted 0 of 0, 3 checkpoints
strata serve: decode expert cache hit rate: 26.0% (106 hits / 407 lookups)
strata serve: KV streaming: 98.48% of 6470112 block reads hit VRAM, 396.4 MiB read from RAM
strata serve: prompt 34237 tokens = 34236 reused + 1 read in 3 ms (360.0 tok/s), 1 generated in 42 ms (23.6 tok/s), drafts accepted 0 of 0, 3 checkpoints
strata serve: decode expert cache hit rate: 26.9% (109 hits / 405 lookups)
strata serve: KV streaming: 98.48% of 6476280 block reads hit VRAM, 396.6 MiB read from RAM
strata serve: prompt 34238 tokens = 34237 reused + 1 read in 3 ms (360.6 tok/s), 1 generated in 42 ms (24.0 tok/s), drafts accepted 0 of 0, 3 checkpoints
strata serve: decode expert cache hit rate: 22.4% (89 hits / 398 lookups)
strata serve: KV streaming: 98.48% of 6482448 block reads hit VRAM, 396.7 MiB read from RAM
strata serve: prompt 34239 tokens = 34238 reused + 1 read in 3 ms (359.1 tok/s), 1 generated in 35 ms (28.7 tok/s), drafts accepted 0 of 0, 3 checkpoints
strata serve: decode expert cache hit rate: 51.7% (226 hits / 437 lookups)
strata serve: KV streaming: 98.48% of 6488604 block reads hit VRAM, 396.8 MiB read from RAM
strata serve: prompt 34240 tokens = 34239 reused + 1 read in 3 ms (359.1 tok/s), 1 generated in 42 ms (23.7 tok/s), drafts accepted 0 of 0, 3 checkpoints
strata serve: decode expert cache hit rate: 27.2% (109 hits / 401 lookups)
strata serve: KV streaming: 98.48% of 6494760 block reads hit VRAM, 396.9 MiB read from RAM
strata serve: prompt 34241 tokens = 34240 reused + 1 read in 3 ms (359.3 tok/s), 1 generated in 43 ms (23.3 tok/s), drafts accepted 0 of 0, 3 checkpoints
strata serve: decode expert cache hit rate: 25.0% (100 hits / 400 lookups)
strata serve: KV streaming: 98.48% of 6500928 block reads hit VRAM, 397.1 MiB read from RAM
strata serve: prompt 34242 tokens = 34241 reused + 1 read in 3 ms (360.3 tok/s), 1 generated in 44 ms (22.9 tok/s), drafts accepted 0 of 0, 3 checkpoints
strata serve: decode expert cache hit rate: 26.0% (105 hits / 404 lookups)
strata serve: KV streaming: 98.48% of 6507096 block reads hit VRAM, 397.3 MiB read from RAM
strata serve: prompt 34243 tokens = 34242 reused + 1 read in 3 ms (360.6 tok/s), 1 generated in 38 ms (26.2 tok/s), drafts accepted 0 of 0, 3 checkpoints
strata serve: decode expert cache hit rate: 43.3% (185 hits / 427 lookups)
strata serve: KV streaming: 98.49% of 6513252 block reads hit VRAM, 397.5 MiB read from RAM
strata serve: prompt 34244 tokens = 34243 reused + 1 read in 3 ms (359.2 tok/s), 1 generated in 41 ms (24.2 tok/s), drafts accepted 0 of 0, 3 checkpoints
strata serve: decode expert cache hit rate: 30.5% (125 hits / 410 lookups)
strata serve: KV streaming: 98.48% of 6519408 block reads hit VRAM, 397.9 MiB read from RAM
strata serve: prompt 34245 tokens = 34244 reused + 1 read in 3 ms (359.9 tok/s), 1 generated in 39 ms (25.6 tok/s), drafts accepted 0 of 0, 3 checkpoints
strata serve: decode expert cache hit rate: 36.3% (151 hits / 416 lookups)
strata serve: KV streaming: 98.48% of 6525576 block reads hit VRAM, 398.3 MiB read from RAM
strata serve: prompt 34246 tokens = 34245 reused + 1 read in 3 ms (360.0 tok/s), 1 generated in 41 ms (24.3 tok/s), drafts accepted 0 of 0, 3 checkpoints
strata serve: decode expert cache hit rate: 27.7% (113 hits / 408 lookups)
strata serve: KV streaming: 98.48% of 6531744 block reads hit VRAM, 398.7 MiB read from RAM
strata serve: prompt 34247 tokens = 34246 reused + 1 read in 3 ms (360.4 tok/s), 1 generated in 36 ms (27.7 tok/s), drafts accepted 0 of 0, 3 checkpoints
strata serve: decode expert cache hit rate: 54.1% (236 hits / 436 lookups)
strata serve: KV streaming: 98.49% of 6537900 block reads hit VRAM, 399.0 MiB read from RAM
strata serve: prompt 34248 tokens = 34247 reused + 1 read in 3 ms (360.2 tok/s), 1 generated in 41 ms (24.6 tok/s), drafts accepted 0 of 0, 3 checkpoints
strata serve: decode expert cache hit rate: 28.3% (115 hits / 406 lookups)
strata serve: KV streaming: 98.49% of 6544056 block reads hit VRAM, 399.1 MiB read from RAM
strata serve: prompt 34249 tokens = 34248 reused + 1 read in 3 ms (359.7 tok/s), 1 generated in 42 ms (24.0 tok/s), drafts accepted 0 of 0, 3 checkpoints
strata serve: decode expert cache hit rate: 20.7% (82 hits / 397 lookups)
strata serve: KV streaming: 98.49% of 6550224 block reads hit VRAM, 399.4 MiB read from RAM
strata serve: prompt 34250 tokens = 34249 reused + 1 read in 3 ms (359.7 tok/s), 1 generated in 44 ms (22.8 tok/s), drafts accepted 0 of 0, 3 checkpoints
strata serve: decode expert cache hit rate: 20.3% (81 hits / 399 lookups)
strata serve: KV streaming: 98.49% of 6556392 block reads hit VRAM, 399.6 MiB read from RAM
strata serve: prompt 34251 tokens = 34250 reused + 1 read in 3 ms (349.3 tok/s), 1 generated in 41 ms (24.7 tok/s), drafts accepted 0 of 0, 3 checkpoints
strata serve: decode expert cache hit rate: 34.1% (141 hits / 413 lookups)
strata serve: KV streaming: 98.49% of 6562548 block reads hit VRAM, 399.7 MiB read from RAM
strata serve: prompt 34252 tokens = 34251 reused + 1 read in 3 ms (359.9 tok/s), 1 generated in 45 ms (22.2 tok/s), drafts accepted 0 of 0, 3 checkpoints
strata serve: decode expert cache hit rate: 21.5% (87 hits / 404 lookups)
strata serve: KV streaming: 98.49% of 6568704 block reads hit VRAM, 399.9 MiB read from RAM
strata serve: prompt 34253 tokens = 34252 reused + 1 read in 3 ms (360.6 tok/s), 1 generated in 44 ms (22.8 tok/s), drafts accepted 0 of 0, 3 checkpoints
strata serve: decode expert cache hit rate: 25.4% (102 hits / 401 lookups)
strata serve: KV streaming: 98.49% of 6574872 block reads hit VRAM, 400.1 MiB read from RAM
strata serve: prompt 34254 tokens = 34253 reused + 1 read in 3 ms (359.4 tok/s), 1 generated in 41 ms (24.1 tok/s), drafts accepted 0 of 0, 3 checkpoints
strata serve: decode expert cache hit rate: 27.7% (112 hits / 405 lookups)
strata serve: KV streaming: 98.49% of 6581040 block reads hit VRAM, 400.2 MiB read from RAM
strata serve: prompt 34255 tokens = 34254 reused + 1 read in 3 ms (360.2 tok/s), 1 generated in 42 ms (23.7 tok/s), drafts accepted 0 of 0, 3 checkpoints
strata serve: decode expert cache hit rate: 24.0% (96 hits / 400 lookups)
strata serve: KV streaming: 98.49% of 6587196 block reads hit VRAM, 400.6 MiB read from RAM
strata serve: prompt 34256 tokens = 34255 reused + 1 read in 3 ms (357.7 tok/s), 1 generated in 44 ms (23.0 tok/s), drafts accepted 0 of 0, 3 checkpoints
strata serve: decode expert cache hit rate: 25.5% (102 hits / 400 lookups)
strata serve: KV streaming: 98.49% of 6593352 block reads hit VRAM, 400.7 MiB read from RAM
strata serve: prompt 34257 tokens = 34256 reused + 1 read in 3 ms (359.9 tok/s), 1 generated in 41 ms (24.6 tok/s), drafts accepted 0 of 0, 3 checkpoints
strata serve: decode expert cache hit rate: 31.0% (126 hits / 406 lookups)
strata serve: KV streaming: 98.49% of 6599520 block reads hit VRAM, 400.9 MiB read from RAM
strata serve: prompt 34258 tokens = 34257 reused + 1 read in 3 ms (354.5 tok/s), 1 generated in 41 ms (24.4 tok/s), drafts accepted 0 of 0, 3 checkpoints
strata serve: decode expert cache hit rate: 28.5% (116 hits / 407 lookups)
strata serve: KV streaming: 98.49% of 6605688 block reads hit VRAM, 401.2 MiB read from RAM
strata serve: prompt 34259 tokens = 34258 reused + 1 read in 3 ms (358.9 tok/s), 1 generated in 44 ms (22.9 tok/s), drafts accepted 0 of 0, 3 checkpoints
strata serve: decode expert cache hit rate: 27.8% (113 hits / 406 lookups)
strata serve: KV streaming: 98.49% of 6611844 block reads hit VRAM, 401.7 MiB read from RAM
strata serve: prompt 34260 tokens = 34259 reused + 1 read in 3 ms (360.1 tok/s), 1 generated in 41 ms (24.5 tok/s), drafts accepted 0 of 0, 3 checkpoints
strata serve: decode expert cache hit rate: 27.3% (111 hits / 406 lookups)
strata serve: KV streaming: 98.49% of 6618000 block reads hit VRAM, 401.9 MiB read from RAM
strata serve: prompt 34261 tokens = 34260 reused + 1 read in 3 ms (359.8 tok/s), 1 generated in 43 ms (23.2 tok/s), drafts accepted 0 of 0, 3 checkpoints
strata serve: decode expert cache hit rate: 30.4% (124 hits / 408 lookups)
strata serve: KV streaming: 98.49% of 6624168 block reads hit VRAM, 402.1 MiB read from RAM
strata serve: prompt 34262 tokens = 34261 reused + 1 read in 3 ms (358.0 tok/s), 1 generated in 45 ms (22.3 tok/s), drafts accepted 0 of 0, 3 checkpoints
strata serve: decode expert cache hit rate: 21.1% (84 hits / 398 lookups)
strata serve: KV streaming: 98.49% of 6630336 block reads hit VRAM, 402.4 MiB read from RAM
strata serve: prompt 34263 tokens = 34262 reused + 1 read in 3 ms (358.4 tok/s), 1 generated in 39 ms (25.8 tok/s), drafts accepted 0 of 0, 3 checkpoints
strata serve: decode expert cache hit rate: 40.9% (172 hits / 421 lookups)
strata serve: KV streaming: 98.49% of 6636492 block reads hit VRAM, 402.5 MiB read from RAM
strata serve: prompt 34264 tokens = 34263 reused + 1 read in 3 ms (358.0 tok/s), 1 generated in 44 ms (22.5 tok/s), drafts accepted 0 of 0, 3 checkpoints
strata serve: decode expert cache hit rate: 26.2% (106 hits / 405 lookups)
strata serve: KV streaming: 98.50% of 6642648 block reads hit VRAM, 402.7 MiB read from RAM
strata serve: prompt 34265 tokens = 34264 reused + 1 read in 3 ms (356.6 tok/s), 1 generated in 41 ms (24.4 tok/s), drafts accepted 0 of 0, 3 checkpoints
strata serve: decode expert cache hit rate: 29.0% (118 hits / 407 lookups)
strata serve: KV streaming: 98.50% of 6648816 block reads hit VRAM, 403.0 MiB read from RAM
strata serve: prompt 34266 tokens = 34265 reused + 1 read in 3 ms (360.2 tok/s), 1 generated in 42 ms (23.6 tok/s), drafts accepted 0 of 0, 3 checkpoints
strata serve: decode expert cache hit rate: 34.3% (141 hits / 411 lookups)
strata serve: KV streaming: 98.50% of 6654984 block reads hit VRAM, 403.0 MiB read from RAM
strata serve: prompt 34267 tokens = 34266 reused + 1 read in 3 ms (358.0 tok/s), 1 generated in 43 ms (23.2 tok/s), drafts accepted 0 of 0, 3 checkpoints
strata serve: decode expert cache hit rate: 20.6% (82 hits / 399 lookups)
strata serve: KV streaming: 98.50% of 6661140 block reads hit VRAM, 403.1 MiB read from RAM
strata serve: prompt 34268 tokens = 34267 reused + 1 read in 3 ms (358.4 tok/s), 1 generated in 44 ms (22.8 tok/s), drafts accepted 0 of 0, 3 checkpoints
strata serve: decode expert cache hit rate: 21.8% (87 hits / 399 lookups)
strata serve: KV streaming: 98.50% of 6667296 block reads hit VRAM, 403.2 MiB read from RAM
strata serve: prompt 34269 tokens = 34268 reused + 1 read in 3 ms (360.0 tok/s), 1 generated in 45 ms (22.1 tok/s), drafts accepted 0 of 0, 3 checkpoints
strata serve: decode expert cache hit rate: 23.4% (94 hits / 402 lookups)
strata serve: KV streaming: 98.50% of 6673464 block reads hit VRAM, 403.3 MiB read from RAM
strata serve: prompt 34270 tokens = 34269 reused + 1 read in 3 ms (358.6 tok/s), 1 generated in 41 ms (24.3 tok/s), drafts accepted 0 of 0, 3 checkpoints
strata serve: decode expert cache hit rate: 27.1% (110 hits / 406 lookups)
strata serve: KV streaming: 98.50% of 6679632 block reads hit VRAM, 403.4 MiB read from RAM
strata serve: prompt 34271 tokens = 34270 reused + 1 read in 3 ms (357.8 tok/s), 1 generated in 40 ms (24.9 tok/s), drafts accepted 0 of 0, 3 checkpoints
strata serve: decode expert cache hit rate: 42.1% (177 hits / 420 lookups)
strata serve: KV streaming: 98.50% of 6685788 block reads hit VRAM, 403.6 MiB read from RAM
strata serve: prompt 34272 tokens = 34271 reused + 1 read in 3 ms (358.7 tok/s), 1 generated in 44 ms (22.7 tok/s), drafts accepted 0 of 0, 3 checkpoints
strata serve: decode expert cache hit rate: 25.9% (104 hits / 402 lookups)
strata serve: KV streaming: 98.50% of 6691944 block reads hit VRAM, 403.8 MiB read from RAM
strata serve: prompt 34273 tokens = 34272 reused + 1 read in 3 ms (349.4 tok/s), 1 generated in 41 ms (24.7 tok/s), drafts accepted 0 of 0, 3 checkpoints
strata serve: decode expert cache hit rate: 30.9% (126 hits / 408 lookups)
strata serve: KV streaming: 98.50% of 6698112 block reads hit VRAM, 403.9 MiB read from RAM
strata serve: prompt 34274 tokens = 34273 reused + 1 read in 3 ms (360.6 tok/s), 1 generated in 44 ms (22.6 tok/s), drafts accepted 0 of 0, 3 checkpoints
strata serve: decode expert cache hit rate: 32.9% (134 hits / 407 lookups)
strata serve: KV streaming: 98.50% of 6704280 block reads hit VRAM, 404.4 MiB read from RAM
strata serve: prompt 34275 tokens = 34274 reused + 1 read in 3 ms (359.1 tok/s), 1 generated in 42 ms (23.7 tok/s), drafts accepted 0 of 0, 3 checkpoints
strata serve: decode expert cache hit rate: 23.0% (92 hits / 400 lookups)
strata serve: KV streaming: 98.50% of 6710436 block reads hit VRAM, 405.0 MiB read from RAM
strata serve: prompt 34276 tokens = 34275 reused + 1 read in 3 ms (357.8 tok/s), 1 generated in 42 ms (23.7 tok/s), drafts accepted 0 of 0, 3 checkpoints
strata serve: decode expert cache hit rate: 27.6% (112 hits / 406 lookups)
strata serve: KV streaming: 98.50% of 6716592 block reads hit VRAM, 405.4 MiB read from RAM
strata serve: prompt 34277 tokens = 34276 reused + 1 read in 3 ms (360.0 tok/s), 1 generated in 42 ms (23.9 tok/s), drafts accepted 0 of 0, 3 checkpoints
strata serve: decode expert cache hit rate: 24.2% (97 hits / 401 lookups)
strata serve: KV streaming: 98.50% of 6722760 block reads hit VRAM, 405.7 MiB read from RAM
strata serve: prompt 34278 tokens = 34277 reused + 1 read in 3 ms (345.0 tok/s), 1 generated in 43 ms (23.0 tok/s), drafts accepted 0 of 0, 3 checkpoints
strata serve: decode expert cache hit rate: 27.2% (111 hits / 408 lookups)
strata serve: KV streaming: 98.50% of 6728928 block reads hit VRAM, 405.8 MiB read from RAM
strata serve: prompt 34279 tokens = 34278 reused + 1 read in 3 ms (359.9 tok/s), 1 generated in 42 ms (23.6 tok/s), drafts accepted 0 of 0, 3 checkpoints
strata serve: decode expert cache hit rate: 24.1% (97 hits / 402 lookups)
strata serve: KV streaming: 98.50% of 6735084 block reads hit VRAM, 406.1 MiB read from RAM
strata serve: prompt 34280 tokens = 34279 reused + 1 read in 3 ms (357.2 tok/s), 1 generated in 44 ms (22.5 tok/s), drafts accepted 0 of 0, 3 checkpoints
strata serve: decode expert cache hit rate: 21.4% (85 hits / 398 lookups)
strata serve: KV streaming: 98.50% of 6741240 block reads hit VRAM, 406.1 MiB read from RAM
strata serve: prompt 34281 tokens = 34280 reused + 1 read in 3 ms (358.2 tok/s), 1 generated in 43 ms (23.4 tok/s), drafts accepted 0 of 0, 3 checkpoints
strata serve: decode expert cache hit rate: 25.3% (102 hits / 403 lookups)
strata serve: KV streaming: 98.50% of 6747408 block reads hit VRAM, 406.4 MiB read from RAM
strata serve: prompt 34282 tokens = 34281 reused + 1 read in 3 ms (360.3 tok/s), 1 generated in 41 ms (24.2 tok/s), drafts accepted 0 of 0, 3 checkpoints
strata serve: decode expert cache hit rate: 31.7% (129 hits / 407 lookups)
strata serve: KV streaming: 98.51% of 6753576 block reads hit VRAM, 406.6 MiB read from RAM
strata serve: prompt 34283 tokens = 34282 reused + 1 read in 3 ms (360.8 tok/s), 1 generated in 44 ms (22.7 tok/s), drafts accepted 0 of 0, 3 checkpoints
strata serve: decode expert cache hit rate: 25.1% (101 hits / 403 lookups)
strata serve: KV streaming: 98.51% of 6759732 block reads hit VRAM, 406.6 MiB read from RAM
strata serve: prompt 34284 tokens = 34283 reused + 1 read in 3 ms (352.9 tok/s), 1 generated in 44 ms (22.6 tok/s), drafts accepted 0 of 0, 3 checkpoints
strata serve: decode expert cache hit rate: 25.5% (103 hits / 404 lookups)
strata serve: KV streaming: 98.51% of 6765888 block reads hit VRAM, 407.1 MiB read from RAM
strata serve: prompt 34285 tokens = 34284 reused + 1 read in 3 ms (360.5 tok/s), 1 generated in 42 ms (23.5 tok/s), drafts accepted 0 of 0, 3 checkpoints
strata serve: decode expert cache hit rate: 34.4% (142 hits / 413 lookups)
strata serve: KV streaming: 98.51% of 6772056 block reads hit VRAM, 407.3 MiB read from RAM
strata serve: prompt 34286 tokens = 34285 reused + 1 read in 3 ms (359.4 tok/s), 1 generated in 41 ms (24.4 tok/s), drafts accepted 0 of 0, 3 checkpoints
strata serve: decode expert cache hit rate: 30.6% (125 hits / 408 lookups)
strata serve: KV streaming: 98.51% of 6778224 block reads hit VRAM, 407.8 MiB read from RAM
strata serve: prompt 34287 tokens = 34286 reused + 1 read in 3 ms (357.3 tok/s), 1 generated in 41 ms (24.6 tok/s), drafts accepted 0 of 0, 3 checkpoints
strata serve: decode expert cache hit rate: 31.4% (129 hits / 411 lookups)
strata serve: KV streaming: 98.50% of 6784380 block reads hit VRAM, 408.6 MiB read from RAM
strata serve: prompt 34288 tokens = 34287 reused + 1 read in 3 ms (358.5 tok/s), 1 generated in 41 ms (24.1 tok/s), drafts accepted 0 of 0, 3 checkpoints
strata serve: decode expert cache hit rate: 32.4% (133 hits / 411 lookups)
strata serve: KV streaming: 98.50% of 6790536 block reads hit VRAM, 409.0 MiB read from RAM
strata serve: prompt 34289 tokens = 34288 reused + 1 read in 3 ms (357.3 tok/s), 1 generated in 42 ms (24.0 tok/s), drafts accepted 0 of 0, 3 checkpoints
strata serve: decode expert cache hit rate: 26.8% (108 hits / 403 lookups)
strata serve: KV streaming: 98.51% of 6796704 block reads hit VRAM, 409.3 MiB read from RAM
strata serve: prompt 34290 tokens = 34289 reused + 1 read in 3 ms (359.5 tok/s), 1 generated in 41 ms (24.1 tok/s), drafts accepted 0 of 0, 3 checkpoints
strata serve: decode expert cache hit rate: 31.9% (131 hits / 411 lookups)
strata serve: KV streaming: 98.51% of 6802872 block reads hit VRAM, 409.6 MiB read from RAM
strata serve: prompt 34291 tokens = 34290 reused + 1 read in 3 ms (357.8 tok/s), 1 generated in 46 ms (21.7 tok/s), drafts accepted 0 of 0, 3 checkpoints
strata serve: decode expert cache hit rate: 20.9% (83 hits / 398 lookups)
strata serve: KV streaming: 98.51% of 6809028 block reads hit VRAM, 410.0 MiB read from RAM
strata serve: prompt 34292 tokens = 34291 reused + 1 read in 3 ms (359.9 tok/s), 1 generated in 43 ms (23.5 tok/s), drafts accepted 0 of 0, 3 checkpoints
strata serve: decode expert cache hit rate: 22.4% (90 hits / 401 lookups)
strata serve: KV streaming: 98.51% of 6815184 block reads hit VRAM, 410.1 MiB read from RAM
strata serve: prompt 34293 tokens = 34292 reused + 1 read in 3 ms (359.8 tok/s), 1 generated in 42 ms (24.0 tok/s), drafts accepted 0 of 0, 3 checkpoints
strata serve: decode expert cache hit rate: 32.0% (131 hits / 409 lookups)
strata serve: KV streaming: 98.51% of 6821352 block reads hit VRAM, 410.3 MiB read from RAM
strata serve: prompt 34294 tokens = 34293 reused + 1 read in 3 ms (356.8 tok/s), 1 generated in 41 ms (24.4 tok/s), drafts accepted 0 of 0, 3 checkpoints
strata serve: decode expert cache hit rate: 30.6% (124 hits / 405 lookups)
strata serve: KV streaming: 98.51% of 6827520 block reads hit VRAM, 410.5 MiB read from RAM
strata serve: prompt 34295 tokens = 34294 reused + 1 read in 3 ms (358.6 tok/s), 1 generated in 40 ms (25.2 tok/s), drafts accepted 0 of 0, 3 checkpoints
strata serve: decode expert cache hit rate: 44.3% (187 hits / 422 lookups)
strata serve: KV streaming: 98.51% of 6833676 block reads hit VRAM, 410.7 MiB read from RAM
strata serve: prompt 34296 tokens = 34295 reused + 1 read in 3 ms (357.2 tok/s), 1 generated in 43 ms (23.0 tok/s), drafts accepted 0 of 0, 3 checkpoints
strata serve: decode expert cache hit rate: 28.1% (114 hits / 406 lookups)
strata serve: KV streaming: 98.51% of 6839832 block reads hit VRAM, 411.0 MiB read from RAM
strata serve: prompt 34297 tokens = 34296 reused + 1 read in 3 ms (355.1 tok/s), 1 generated in 42 ms (24.0 tok/s), drafts accepted 0 of 0, 3 checkpoints
strata serve: decode expert cache hit rate: 33.2% (136 hits / 410 lookups)
strata serve: KV streaming: 98.51% of 6846000 block reads hit VRAM, 411.1 MiB read from RAM
strata serve: prompt 34298 tokens = 34297 reused + 1 read in 3 ms (359.1 tok/s), 1 generated in 47 ms (21.2 tok/s), drafts accepted 0 of 0, 3 checkpoints
strata serve: decode expert cache hit rate: 30.6% (125 hits / 408 lookups)
strata serve: KV streaming: 98.51% of 6852168 block reads hit VRAM, 411.2 MiB read from RAM
strata serve: prompt 34299 tokens = 34298 reused + 1 read in 3 ms (359.9 tok/s), 1 generated in 43 ms (23.5 tok/s), drafts accepted 0 of 0, 3 checkpoints
strata serve: decode expert cache hit rate: 29.2% (118 hits / 404 lookups)
strata serve: KV streaming: 98.51% of 6858324 block reads hit VRAM, 411.3 MiB read from RAM
strata serve: prompt 34300 tokens = 34299 reused + 1 read in 3 ms (356.9 tok/s), 1 generated in 37 ms (26.8 tok/s), drafts accepted 0 of 0, 3 checkpoints
strata serve: decode expert cache hit rate: 42.8% (180 hits / 421 lookups)
strata serve: KV streaming: 98.51% of 6864480 block reads hit VRAM, 411.4 MiB read from RAM
strata serve: prompt 34301 tokens = 34300 reused + 1 read in 3 ms (359.4 tok/s), 1 generated in 42 ms (24.0 tok/s), drafts accepted 0 of 0, 3 checkpoints
strata serve: decode expert cache hit rate: 37.1% (153 hits / 412 lookups)
strata serve: KV streaming: 98.51% of 6870648 block reads hit VRAM, 411.5 MiB read from RAM
strata serve: prompt 34302 tokens = 34301 reused + 1 read in 3 ms (358.4 tok/s), 1 generated in 39 ms (25.5 tok/s), drafts accepted 0 of 0, 3 checkpoints
strata serve: decode expert cache hit rate: 38.4% (160 hits / 417 lookups)
strata serve: KV streaming: 98.51% of 6876816 block reads hit VRAM, 411.7 MiB read from RAM
strata serve: prompt 34303 tokens = 34302 reused + 1 read in 3 ms (360.0 tok/s), 1 generated in 39 ms (25.7 tok/s), drafts accepted 0 of 0, 3 checkpoints
strata serve: decode expert cache hit rate: 40.5% (171 hits / 422 lookups)
strata serve: KV streaming: 98.51% of 6882972 block reads hit VRAM, 411.8 MiB read from RAM
strata serve: prompt 34304 tokens = 34303 reused + 1 read in 3 ms (355.0 tok/s), 1 generated in 42 ms (23.9 tok/s), drafts accepted 0 of 0, 3 checkpoints
strata serve: decode expert cache hit rate: 32.3% (132 hits / 409 lookups)
strata serve: KV streaming: 98.52% of 6889128 block reads hit VRAM, 412.0 MiB read from RAM
strata serve: prompt 34305 tokens = 34304 reused + 1 read in 3 ms (359.7 tok/s), 1 generated in 43 ms (23.5 tok/s), drafts accepted 0 of 0, 3 checkpoints
strata serve: decode expert cache hit rate: 29.1% (118 hits / 406 lookups)
strata serve: KV streaming: 98.52% of 6895296 block reads hit VRAM, 412.1 MiB read from RAM
strata serve: prompt 34306 tokens = 34305 reused + 1 read in 3 ms (356.0 tok/s), 1 generated in 41 ms (24.1 tok/s), drafts accepted 0 of 0, 3 checkpoints
strata serve: decode expert cache hit rate: 27.4% (111 hits / 405 lookups)
strata serve: KV streaming: 98.52% of 6901464 block reads hit VRAM, 412.4 MiB read from RAM
strata serve: prompt 34307 tokens = 34306 reused + 1 read in 3 ms (359.0 tok/s), 1 generated in 44 ms (22.9 tok/s), drafts accepted 0 of 0, 3 checkpoints
strata serve: decode expert cache hit rate: 22.7% (91 hits / 401 lookups)
strata serve: KV streaming: 98.52% of 6907620 block reads hit VRAM, 412.9 MiB read from RAM
strata serve: prompt 34308 tokens = 34307 reused + 1 read in 3 ms (359.1 tok/s), 1 generated in 42 ms (23.9 tok/s), drafts accepted 0 of 0, 3 checkpoints
strata serve: decode expert cache hit rate: 27.3% (111 hits / 407 lookups)
strata serve: KV streaming: 98.52% of 6913776 block reads hit VRAM, 412.9 MiB read from RAM
strata serve: prompt 34309 tokens = 34308 reused + 1 read in 3 ms (359.5 tok/s), 1 generated in 40 ms (24.8 tok/s), drafts accepted 0 of 0, 3 checkpoints
strata serve: decode expert cache hit rate: 29.9% (122 hits / 408 lookups)
strata serve: KV streaming: 98.52% of 6919944 block reads hit VRAM, 413.2 MiB read from RAM
strata serve: prompt 34310 tokens = 34309 reused + 1 read in 3 ms (358.4 tok/s), 1 generated in 42 ms (23.7 tok/s), drafts accepted 0 of 0, 3 checkpoints
strata serve: decode expert cache hit rate: 25.2% (102 hits / 405 lookups)
strata serve: KV streaming: 98.52% of 6926112 block reads hit VRAM, 413.8 MiB read from RAM
strata serve: prompt 34311 tokens = 34310 reused + 1 read in 3 ms (361.0 tok/s), 1 generated in 42 ms (23.6 tok/s), drafts accepted 0 of 0, 3 checkpoints
strata serve: decode expert cache hit rate: 28.2% (114 hits / 404 lookups)
strata serve: KV streaming: 98.52% of 6932268 block reads hit VRAM, 414.6 MiB read from RAM
strata serve: prompt 34312 tokens = 34311 reused + 1 read in 3 ms (360.5 tok/s), 1 generated in 44 ms (22.7 tok/s), drafts accepted 0 of 0, 3 checkpoints
strata serve: decode expert cache hit rate: 24.6% (99 hits / 403 lookups)
strata serve: KV streaming: 98.52% of 6938424 block reads hit VRAM, 415.0 MiB read from RAM
strata serve: prompt 34313 tokens = 34312 reused + 1 read in 3 ms (360.6 tok/s), 1 generated in 39 ms (25.4 tok/s), drafts accepted 0 of 0, 3 checkpoints
strata serve: decode expert cache hit rate: 34.1% (142 hits / 417 lookups)
strata serve: KV streaming: 98.52% of 6944592 block reads hit VRAM, 415.2 MiB read from RAM
strata serve: prompt 34314 tokens = 34313 reused + 1 read in 3 ms (359.3 tok/s), 1 generated in 42 ms (23.8 tok/s), drafts accepted 0 of 0, 3 checkpoints
strata serve: decode expert cache hit rate: 25.7% (104 hits / 405 lookups)
strata serve: KV streaming: 98.52% of 6950760 block reads hit VRAM, 415.4 MiB read from RAM
strata serve: prompt 34315 tokens = 34314 reused + 1 read in 3 ms (359.6 tok/s), 1 generated in 41 ms (24.6 tok/s), drafts accepted 0 of 0, 3 checkpoints
strata serve: decode expert cache hit rate: 30.8% (126 hits / 409 lookups)
strata serve: KV streaming: 98.52% of 6956916 block reads hit VRAM, 415.6 MiB read from RAM
strata serve: prompt 34316 tokens = 34315 reused + 1 read in 3 ms (360.4 tok/s), 1 generated in 43 ms (23.4 tok/s), drafts accepted 0 of 0, 3 checkpoints
strata serve: decode expert cache hit rate: 27.7% (113 hits / 408 lookups)
strata serve: KV streaming: 98.52% of 6963072 block reads hit VRAM, 416.1 MiB read from RAM
strata serve: prompt 34317 tokens = 34316 reused + 1 read in 3 ms (357.4 tok/s), 1 generated in 44 ms (22.9 tok/s), drafts accepted 0 of 0, 3 checkpoints
strata serve: decode expert cache hit rate: 28.8% (117 hits / 406 lookups)
strata serve: KV streaming: 98.51% of 6969240 block reads hit VRAM, 417.1 MiB read from RAM
strata serve: prompt 34318 tokens = 34317 reused + 1 read in 3 ms (357.2 tok/s), 1 generated in 43 ms (23.4 tok/s), drafts accepted 0 of 0, 3 checkpoints
strata serve: decode expert cache hit rate: 31.5% (128 hits / 406 lookups)
strata serve: KV streaming: 98.51% of 6975408 block reads hit VRAM, 417.5 MiB read from RAM
strata serve: prompt 34319 tokens = 34318 reused + 1 read in 3 ms (357.6 tok/s), 1 generated in 41 ms (24.7 tok/s), drafts accepted 0 of 0, 3 checkpoints
strata serve: decode expert cache hit rate: 34.5% (143 hits / 415 lookups)
strata serve: KV streaming: 98.52% of 6981564 block reads hit VRAM, 417.6 MiB read from RAM
strata serve: prompt 34320 tokens = 34319 reused + 1 read in 3 ms (359.5 tok/s), 1 generated in 42 ms (23.9 tok/s), drafts accepted 0 of 0, 3 checkpoints
strata serve: decode expert cache hit rate: 25.9% (104 hits / 402 lookups)
strata serve: KV streaming: 98.52% of 6987720 block reads hit VRAM, 417.8 MiB read from RAM
strata serve: prompt 34321 tokens = 34320 reused + 1 read in 3 ms (349.0 tok/s), 1 generated in 43 ms (23.0 tok/s), drafts accepted 0 of 0, 3 checkpoints
strata serve: decode expert cache hit rate: 24.2% (97 hits / 400 lookups)
strata serve: KV streaming: 98.52% of 6993888 block reads hit VRAM, 418.2 MiB read from RAM
strata serve: prompt 34322 tokens = 34321 reused + 1 read in 3 ms (359.9 tok/s), 1 generated in 44 ms (22.7 tok/s), drafts accepted 0 of 0, 3 checkpoints
strata serve: decode expert cache hit rate: 26.7% (108 hits / 404 lookups)
strata serve: KV streaming: 98.52% of 7000056 block reads hit VRAM, 418.4 MiB read from RAM
strata serve: prompt 34323 tokens = 34322 reused + 1 read in 3 ms (345.9 tok/s), 1 generated in 44 ms (22.9 tok/s), drafts accepted 0 of 0, 3 checkpoints
strata serve: decode expert cache hit rate: 28.0% (113 hits / 404 lookups)
strata serve: KV streaming: 98.52% of 7006212 block reads hit VRAM, 418.6 MiB read from RAM
strata serve: prompt 34324 tokens = 34323 reused + 1 read in 3 ms (359.8 tok/s), 1 generated in 45 ms (22.3 tok/s), drafts accepted 0 of 0, 3 checkpoints
strata serve: decode expert cache hit rate: 21.2% (85 hits / 400 lookups)
strata serve: KV streaming: 98.52% of 7012368 block reads hit VRAM, 419.2 MiB read from RAM
strata serve: prompt 34325 tokens = 34324 reused + 1 read in 3 ms (346.9 tok/s), 1 generated in 42 ms (24.1 tok/s), drafts accepted 0 of 0, 3 checkpoints
strata serve: decode expert cache hit rate: 28.3% (115 hits / 407 lookups)
strata serve: KV streaming: 98.52% of 7018536 block reads hit VRAM, 419.8 MiB read from RAM
strata serve: prompt 34326 tokens = 34325 reused + 1 read in 3 ms (358.6 tok/s), 1 generated in 41 ms (24.5 tok/s), drafts accepted 0 of 0, 3 checkpoints
strata serve: decode expert cache hit rate: 36.3% (151 hits / 416 lookups)
strata serve: KV streaming: 98.52% of 7024704 block reads hit VRAM, 420.0 MiB read from RAM
strata serve: prompt 34327 tokens = 34326 reused + 1 read in 3 ms (359.5 tok/s), 1 generated in 42 ms (23.7 tok/s), drafts accepted 0 of 0, 3 checkpoints
strata serve: decode expert cache hit rate: 27.8% (112 hits / 403 lookups)
strata serve: KV streaming: 98.52% of 7030860 block reads hit VRAM, 420.2 MiB read from RAM
strata serve: prompt 34328 tokens = 34327 reused + 1 read in 3 ms (358.5 tok/s), 1 generated in 42 ms (24.0 tok/s), drafts accepted 0 of 0, 3 checkpoints
strata serve: decode expert cache hit rate: 28.0% (114 hits / 407 lookups)
strata serve: KV streaming: 98.52% of 7037016 block reads hit VRAM, 420.6 MiB read from RAM
strata serve: prompt 34329 tokens = 34328 reused + 1 read in 3 ms (358.6 tok/s), 1 generated in 46 ms (22.0 tok/s), drafts accepted 0 of 0, 3 checkpoints
strata serve: decode expert cache hit rate: 26.0% (105 hits / 404 lookups)
strata serve: KV streaming: 98.52% of 7043184 block reads hit VRAM, 421.0 MiB read from RAM
strata serve: prompt 34330 tokens = 34329 reused + 1 read in 3 ms (359.4 tok/s), 1 generated in 41 ms (24.6 tok/s), drafts accepted 0 of 0, 3 checkpoints
strata serve: decode expert cache hit rate: 39.2% (165 hits / 421 lookups)
strata serve: KV streaming: 98.52% of 7049352 block reads hit VRAM, 421.5 MiB read from RAM
strata serve: prompt 34331 tokens = 34330 reused + 1 read in 3 ms (360.3 tok/s), 1 generated in 44 ms (22.9 tok/s), drafts accepted 0 of 0, 3 checkpoints
strata serve: decode expert cache hit rate: 22.0% (87 hits / 396 lookups)
strata serve: KV streaming: 98.52% of 7055508 block reads hit VRAM, 422.0 MiB read from RAM
strata serve: prompt 34332 tokens = 34331 reused + 1 read in 3 ms (360.4 tok/s), 1 generated in 44 ms (22.9 tok/s), drafts accepted 0 of 0, 3 checkpoints
strata serve: decode expert cache hit rate: 26.3% (106 hits / 403 lookups)
strata serve: KV streaming: 98.51% of 7061664 block reads hit VRAM, 422.7 MiB read from RAM
strata serve: prompt 34333 tokens = 34332 reused + 1 read in 3 ms (360.8 tok/s), 1 generated in 39 ms (25.7 tok/s), drafts accepted 0 of 0, 3 checkpoints
strata serve: decode expert cache hit rate: 38.6% (159 hits / 412 lookups)
strata serve: KV streaming: 98.51% of 7067832 block reads hit VRAM, 422.9 MiB read from RAM
strata serve: prompt 34334 tokens = 34333 reused + 1 read in 3 ms (358.4 tok/s), 1 generated in 42 ms (23.8 tok/s), drafts accepted 0 of 0, 3 checkpoints
strata serve: decode expert cache hit rate: 26.4% (106 hits / 402 lookups)
strata serve: KV streaming: 98.51% of 7074000 block reads hit VRAM, 423.4 MiB read from RAM
strata serve: prompt 34335 tokens = 34334 reused + 1 read in 3 ms (359.5 tok/s), 1 generated in 40 ms (25.3 tok/s), drafts accepted 0 of 0, 3 checkpoints
strata serve: decode expert cache hit rate: 39.4% (166 hits / 421 lookups)
strata serve: KV streaming: 98.52% of 7080156 block reads hit VRAM, 423.5 MiB read from RAM
strata serve: prompt 34336 tokens = 34335 reused + 1 read in 3 ms (360.5 tok/s), 1 generated in 44 ms (22.9 tok/s), drafts accepted 0 of 0, 3 checkpoints
strata serve: decode expert cache hit rate: 21.2% (85 hits / 401 lookups)
strata serve: KV streaming: 98.52% of 7086312 block reads hit VRAM, 423.9 MiB read from RAM
strata serve: prompt 34337 tokens = 34336 reused + 1 read in 3 ms (358.8 tok/s), 1 generated in 41 ms (24.6 tok/s), drafts accepted 0 of 0, 3 checkpoints
strata serve: decode expert cache hit rate: 34.5% (143 hits / 415 lookups)
strata serve: KV streaming: 98.52% of 7092480 block reads hit VRAM, 424.1 MiB read from RAM
strata serve: prompt 34338 tokens = 34337 reused + 1 read in 3 ms (360.4 tok/s), 1 generated in 45 ms (22.2 tok/s), drafts accepted 0 of 0, 3 checkpoints
strata serve: decode expert cache hit rate: 18.1% (72 hits / 398 lookups)
strata serve: KV streaming: 98.52% of 7098648 block reads hit VRAM, 424.2 MiB read from RAM
strata serve: prompt 34339 tokens = 34338 reused + 1 read in 3 ms (360.2 tok/s), 1 generated in 39 ms (25.4 tok/s), drafts accepted 0 of 0, 3 checkpoints
strata serve: decode expert cache hit rate: 37.3% (154 hits / 413 lookups)
strata serve: KV streaming: 98.52% of 7104804 block reads hit VRAM, 424.4 MiB read from RAM
strata serve: prompt 34340 tokens = 34339 reused + 1 read in 3 ms (360.2 tok/s), 1 generated in 42 ms (23.7 tok/s), drafts accepted 0 of 0, 3 checkpoints
strata serve: decode expert cache hit rate: 24.4% (98 hits / 402 lookups)
strata serve: KV streaming: 98.52% of 7110960 block reads hit VRAM, 424.9 MiB read from RAM
strata serve: prompt 34341 tokens = 34340 reused + 1 read in 3 ms (359.9 tok/s), 1 generated in 41 ms (24.6 tok/s), drafts accepted 0 of 0, 3 checkpoints
strata serve: decode expert cache hit rate: 35.6% (147 hits / 413 lookups)
strata serve: KV streaming: 98.52% of 7117128 block reads hit VRAM, 425.0 MiB read from RAM
strata serve: prompt 34342 tokens = 34341 reused + 1 read in 3 ms (350.9 tok/s), 1 generated in 42 ms (24.0 tok/s), drafts accepted 0 of 0, 3 checkpoints
strata serve: decode expert cache hit rate: 26.1% (104 hits / 399 lookups)
strata serve: KV streaming: 98.52% of 7123296 block reads hit VRAM, 425.2 MiB read from RAM
strata serve: prompt 34343 tokens = 34342 reused + 1 read in 3 ms (358.7 tok/s), 1 generated in 43 ms (23.1 tok/s), drafts accepted 0 of 0, 3 checkpoints
strata serve: decode expert cache hit rate: 20.2% (81 hits / 400 lookups)
strata serve: KV streaming: 98.52% of 7129452 block reads hit VRAM, 425.3 MiB read from RAM
strata serve: prompt 34344 tokens = 34343 reused + 1 read in 3 ms (359.9 tok/s), 1 generated in 44 ms (22.9 tok/s), drafts accepted 0 of 0, 3 checkpoints
strata serve: decode expert cache hit rate: 25.2% (102 hits / 405 lookups)
strata serve: KV streaming: 98.52% of 7135608 block reads hit VRAM, 425.6 MiB read from RAM
strata serve: prompt 34345 tokens = 34344 reused + 1 read in 3 ms (360.4 tok/s), 1 generated in 44 ms (22.7 tok/s), drafts accepted 0 of 0, 3 checkpoints
strata serve: decode expert cache hit rate: 28.6% (117 hits / 409 lookups)
strata serve: KV streaming: 98.52% of 7141776 block reads hit VRAM, 426.3 MiB read from RAM
strata serve: prompt 34346 tokens = 34345 reused + 1 read in 3 ms (360.5 tok/s), 1 generated in 43 ms (23.4 tok/s), drafts accepted 0 of 0, 3 checkpoints
strata serve: decode expert cache hit rate: 22.4% (90 hits / 401 lookups)
strata serve: KV streaming: 98.52% of 7147944 block reads hit VRAM, 426.7 MiB read from RAM
strata serve: prompt 34347 tokens = 34346 reused + 1 read in 3 ms (360.4 tok/s), 1 generated in 42 ms (23.8 tok/s), drafts accepted 0 of 0, 3 checkpoints
strata serve: decode expert cache hit rate: 25.6% (103 hits / 402 lookups)
strata serve: KV streaming: 98.52% of 7154100 block reads hit VRAM, 426.9 MiB read from RAM
strata serve: prompt 34348 tokens = 34347 reused + 1 read in 3 ms (359.8 tok/s), 1 generated in 43 ms (23.5 tok/s), drafts accepted 0 of 0, 3 checkpoints
strata serve: decode expert cache hit rate: 25.2% (101 hits / 401 lookups)
strata serve: KV streaming: 98.52% of 7160256 block reads hit VRAM, 427.0 MiB read from RAM
strata serve: prompt 34349 tokens = 34348 reused + 1 read in 3 ms (360.6 tok/s), 1 generated in 42 ms (23.7 tok/s), drafts accepted 0 of 0, 3 checkpoints
strata serve: decode expert cache hit rate: 23.9% (97 hits / 406 lookups)
strata serve: KV streaming: 98.52% of 7166424 block reads hit VRAM, 427.2 MiB read from RAM
strata serve: prompt 34350 tokens = 34349 reused + 1 read in 3 ms (360.0 tok/s), 1 generated in 40 ms (25.1 tok/s), drafts accepted 0 of 0, 3 checkpoints
strata serve: decode expert cache hit rate: 30.6% (124 hits / 405 lookups)
strata serve: KV streaming: 98.52% of 7172592 block reads hit VRAM, 427.3 MiB read from RAM
strata serve: prompt 34351 tokens = 34350 reused + 1 read in 3 ms (356.0 tok/s), 1 generated in 41 ms (24.5 tok/s), drafts accepted 0 of 0, 3 checkpoints
strata serve: decode expert cache hit rate: 31.1% (127 hits / 408 lookups)
strata serve: KV streaming: 98.52% of 7178748 block reads hit VRAM, 427.4 MiB read from RAM
strata serve: prompt 34352 tokens = 34351 reused + 1 read in 3 ms (360.8 tok/s), 1 generated in 45 ms (22.2 tok/s), drafts accepted 0 of 0, 3 checkpoints
strata serve: decode expert cache hit rate: 21.8% (87 hits / 399 lookups)
strata serve: KV streaming: 98.52% of 7184904 block reads hit VRAM, 427.4 MiB read from RAM
strata serve: prompt 34353 tokens = 34352 reused + 1 read in 3 ms (355.5 tok/s), 1 generated in 48 ms (20.7 tok/s), drafts accepted 0 of 0, 3 checkpoints
strata serve: decode expert cache hit rate: 25.6% (103 hits / 403 lookups)
strata serve: KV streaming: 98.52% of 7191072 block reads hit VRAM, 427.6 MiB read from RAM
strata serve: prompt 34354 tokens = 34353 reused + 1 read in 3 ms (357.5 tok/s), 1 generated in 42 ms (24.0 tok/s), drafts accepted 0 of 0, 3 checkpoints
strata serve: decode expert cache hit rate: 27.2% (110 hits / 405 lookups)
strata serve: KV streaming: 98.52% of 7197240 block reads hit VRAM, 427.7 MiB read from RAM
strata serve: prompt 34355 tokens = 34354 reused + 1 read in 3 ms (360.3 tok/s), 1 generated in 43 ms (23.2 tok/s), drafts accepted 0 of 0, 3 checkpoints
strata serve: decode expert cache hit rate: 32.2% (132 hits / 410 lookups)
strata serve: KV streaming: 98.52% of 7203396 block reads hit VRAM, 428.0 MiB read from RAM
strata serve: prompt 34356 tokens = 34355 reused + 1 read in 3 ms (360.3 tok/s), 1 generated in 45 ms (22.4 tok/s), drafts accepted 0 of 0, 3 checkpoints
strata serve: decode expert cache hit rate: 23.8% (96 hits / 403 lookups)
strata serve: KV streaming: 98.52% of 7209552 block reads hit VRAM, 428.4 MiB read from RAM
strata serve: prompt 34357 tokens = 34356 reused + 1 read in 3 ms (360.8 tok/s), 1 generated in 41 ms (24.2 tok/s), drafts accepted 0 of 0, 3 checkpoints
strata serve: decode expert cache hit rate: 27.2% (110 hits / 404 lookups)
strata serve: KV streaming: 98.53% of 7215720 block reads hit VRAM, 428.6 MiB read from RAM
strata serve: prompt 34358 tokens = 34357 reused + 1 read in 3 ms (356.3 tok/s), 1 generated in 41 ms (24.1 tok/s), drafts accepted 0 of 0, 3 checkpoints
strata serve: decode expert cache hit rate: 29.8% (122 hits / 410 lookups)
strata serve: KV streaming: 98.53% of 7221888 block reads hit VRAM, 429.1 MiB read from RAM
strata serve: prompt 34359 tokens = 34358 reused + 1 read in 3 ms (357.8 tok/s), 1 generated in 43 ms (23.1 tok/s), drafts accepted 0 of 0, 3 checkpoints
strata serve: decode expert cache hit rate: 18.4% (73 hits / 397 lookups)
strata serve: KV streaming: 98.53% of 7228044 block reads hit VRAM, 429.2 MiB read from RAM
strata serve: prompt 34360 tokens = 34359 reused + 1 read in 3 ms (359.0 tok/s), 1 generated in 41 ms (24.3 tok/s), drafts accepted 0 of 0, 3 checkpoints
strata serve: decode expert cache hit rate: 30.2% (124 hits / 411 lookups)
strata serve: KV streaming: 98.53% of 7234200 block reads hit VRAM, 429.5 MiB read from RAM
strata serve: prompt 34361 tokens = 34360 reused + 1 read in 3 ms (360.1 tok/s), 1 generated in 39 ms (25.9 tok/s), drafts accepted 0 of 0, 3 checkpoints
strata serve: decode expert cache hit rate: 39.6% (165 hits / 417 lookups)
strata serve: KV streaming: 98.53% of 7240368 block reads hit VRAM, 429.7 MiB read from RAM
strata serve: prompt 34362 tokens = 34361 reused + 1 read in 3 ms (360.4 tok/s), 1 generated in 43 ms (23.0 tok/s), drafts accepted 0 of 0, 3 checkpoints
strata serve: decode expert cache hit rate: 25.7% (103 hits / 401 lookups)
strata serve: KV streaming: 98.53% of 7246536 block reads hit VRAM, 430.0 MiB read from RAM
strata serve: prompt 34363 tokens = 34362 reused + 1 read in 3 ms (360.2 tok/s), 1 generated in 42 ms (23.8 tok/s), drafts accepted 0 of 0, 3 checkpoints
strata serve: decode expert cache hit rate: 31.9% (130 hits / 408 lookups)
strata serve: KV streaming: 98.53% of 7252692 block reads hit VRAM, 430.1 MiB read from RAM
strata serve: prompt 34364 tokens = 34363 reused + 1 read in 3 ms (360.6 tok/s), 1 generated in 43 ms (23.5 tok/s), drafts accepted 0 of 0, 3 checkpoints
strata serve: decode expert cache hit rate: 25.6% (103 hits / 403 lookups)
strata serve: KV streaming: 98.53% of 7258848 block reads hit VRAM, 430.2 MiB read from RAM
strata serve: prompt 34365 tokens = 34364 reused + 1 read in 3 ms (360.6 tok/s), 1 generated in 43 ms (23.4 tok/s), drafts accepted 0 of 0, 3 checkpoints
strata serve: decode expert cache hit rate: 23.8% (96 hits / 404 lookups)
strata serve: KV streaming: 98.53% of 7265016 block reads hit VRAM, 430.3 MiB read from RAM
strata serve: prompt 34366 tokens = 34365 reused + 1 read in 3 ms (360.8 tok/s), 1 generated in 43 ms (23.0 tok/s), drafts accepted 0 of 0, 3 checkpoints
strata serve: decode expert cache hit rate: 20.1% (80 hits / 398 lookups)
strata serve: KV streaming: 98.53% of 7271184 block reads hit VRAM, 430.4 MiB read from RAM
strata serve: prompt 34367 tokens = 34366 reused + 1 read in 3 ms (359.6 tok/s), 1 generated in 44 ms (22.9 tok/s), drafts accepted 0 of 0, 3 checkpoints
strata serve: decode expert cache hit rate: 20.4% (81 hits / 398 lookups)
strata serve: KV streaming: 98.53% of 7277340 block reads hit VRAM, 430.5 MiB read from RAM
strata serve: prompt 34368 tokens = 34367 reused + 1 read in 3 ms (360.5 tok/s), 1 generated in 42 ms (23.9 tok/s), drafts accepted 0 of 0, 3 checkpoints
strata serve: decode expert cache hit rate: 27.2% (110 hits / 404 lookups)
strata serve: KV streaming: 98.53% of 7283496 block reads hit VRAM, 430.5 MiB read from RAM
strata serve: prompt 34369 tokens = 34368 reused + 1 read in 3 ms (360.2 tok/s), 1 generated in 44 ms (22.9 tok/s), drafts accepted 0 of 0, 3 checkpoints
strata serve: decode expert cache hit rate: 23.2% (93 hits / 401 lookups)
strata serve: KV streaming: 98.53% of 7289664 block reads hit VRAM, 430.5 MiB read from RAM
strata serve: prompt 34370 tokens = 34369 reused + 1 read in 3 ms (360.6 tok/s), 1 generated in 42 ms (24.1 tok/s), drafts accepted 0 of 0, 3 checkpoints
strata serve: decode expert cache hit rate: 36.2% (151 hits / 417 lookups)
strata serve: KV streaming: 98.53% of 7295832 block reads hit VRAM, 430.7 MiB read from RAM
strata serve: prompt 34371 tokens = 34370 reused + 1 read in 3 ms (360.7 tok/s), 1 generated in 42 ms (23.9 tok/s), drafts accepted 0 of 0, 3 checkpoints
strata serve: decode expert cache hit rate: 27.0% (110 hits / 407 lookups)
strata serve: KV streaming: 98.53% of 7301988 block reads hit VRAM, 431.2 MiB read from RAM
strata serve: prompt 34372 tokens = 34371 reused + 1 read in 3 ms (359.9 tok/s), 1 generated in 41 ms (24.5 tok/s), drafts accepted 0 of 0, 3 checkpoints
strata serve: decode expert cache hit rate: 35.9% (149 hits / 415 lookups)
strata serve: KV streaming: 98.53% of 7308144 block reads hit VRAM, 431.6 MiB read from RAM
strata serve: prompt 34373 tokens = 34372 reused + 1 read in 3 ms (360.0 tok/s), 1 generated in 37 ms (26.8 tok/s), drafts accepted 0 of 0, 3 checkpoints
strata serve: decode expert cache hit rate: 44.6% (189 hits / 424 lookups)
strata serve: KV streaming: 98.53% of 7314312 block reads hit VRAM, 431.8 MiB read from RAM
strata serve: prompt 34374 tokens = 34373 reused + 1 read in 3 ms (359.1 tok/s), 1 generated in 40 ms (25.1 tok/s), drafts accepted 0 of 0, 3 checkpoints
strata serve: decode expert cache hit rate: 30.2% (123 hits / 407 lookups)
strata serve: KV streaming: 98.53% of 7320480 block reads hit VRAM, 432.1 MiB read from RAM
strata serve: prompt 34375 tokens = 34374 reused + 1 read in 3 ms (357.9 tok/s), 1 generated in 43 ms (23.5 tok/s), drafts accepted 0 of 0, 3 checkpoints
strata serve: decode expert cache hit rate: 36.2% (150 hits / 414 lookups)
strata serve: KV streaming: 98.54% of 7326636 block reads hit VRAM, 432.2 MiB read from RAM
strata serve: prompt 34376 tokens = 34375 reused + 1 read in 3 ms (360.5 tok/s), 1 generated in 41 ms (24.4 tok/s), drafts accepted 0 of 0, 3 checkpoints
strata serve: decode expert cache hit rate: 30.5% (124 hits / 406 lookups)
strata serve: KV streaming: 98.54% of 7332792 block reads hit VRAM, 432.2 MiB read from RAM
strata serve: prompt 34377 tokens = 34376 reused + 1 read in 3 ms (360.1 tok/s), 1 generated in 42 ms (23.9 tok/s), drafts accepted 0 of 0, 3 checkpoints
strata serve: decode expert cache hit rate: 24.9% (100 hits / 402 lookups)
strata serve: KV streaming: 98.54% of 7338960 block reads hit VRAM, 432.5 MiB read from RAM
strata serve: prompt 34378 tokens = 34377 reused + 1 read in 3 ms (359.8 tok/s), 1 generated in 43 ms (23.3 tok/s), drafts accepted 0 of 0, 3 checkpoints
strata serve: decode expert cache hit rate: 22.1% (89 hits / 403 lookups)
strata serve: KV streaming: 98.54% of 7345128 block reads hit VRAM, 432.6 MiB read from RAM
strata serve: prompt 34379 tokens = 34378 reused + 1 read in 3 ms (360.3 tok/s), 1 generated in 43 ms (23.4 tok/s), drafts accepted 0 of 0, 3 checkpoints
strata serve: decode expert cache hit rate: 24.7% (100 hits / 405 lookups)
strata serve: KV streaming: 98.54% of 7351284 block reads hit VRAM, 432.7 MiB read from RAM
strata serve: prompt 34380 tokens = 34379 reused + 1 read in 3 ms (359.7 tok/s), 1 generated in 40 ms (24.9 tok/s), drafts accepted 0 of 0, 3 checkpoints
strata serve: decode expert cache hit rate: 30.7% (126 hits / 410 lookups)
strata serve: KV streaming: 98.54% of 7357440 block reads hit VRAM, 433.2 MiB read from RAM
strata serve: prompt 34381 tokens = 34380 reused + 1 read in 3 ms (360.7 tok/s), 1 generated in 41 ms (24.1 tok/s), drafts accepted 0 of 0, 3 checkpoints
strata serve: decode expert cache hit rate: 33.7% (139 hits / 412 lookups)
strata serve: KV streaming: 98.54% of 7363608 block reads hit VRAM, 433.4 MiB read from RAM
strata serve: prompt 34382 tokens = 34381 reused + 1 read in 3 ms (360.7 tok/s), 1 generated in 41 ms (24.3 tok/s), drafts accepted 0 of 0, 3 checkpoints
strata serve: decode expert cache hit rate: 25.7% (104 hits / 405 lookups)
strata serve: KV streaming: 98.54% of 7369776 block reads hit VRAM, 433.5 MiB read from RAM
strata serve: prompt 34383 tokens = 34382 reused + 1 read in 3 ms (360.8 tok/s), 1 generated in 44 ms (22.8 tok/s), drafts accepted 0 of 0, 3 checkpoints
strata serve: decode expert cache hit rate: 24.7% (100 hits / 405 lookups)
strata serve: KV streaming: 98.54% of 7375932 block reads hit VRAM, 433.6 MiB read from RAM
strata serve: prompt 34384 tokens = 34383 reused + 1 read in 3 ms (360.0 tok/s), 1 generated in 43 ms (23.5 tok/s), drafts accepted 0 of 0, 3 checkpoints
strata serve: decode expert cache hit rate: 24.4% (98 hits / 401 lookups)
strata serve: KV streaming: 98.54% of 7382088 block reads hit VRAM, 433.8 MiB read from RAM
strata serve: prompt 34385 tokens = 34384 reused + 1 read in 3 ms (358.4 tok/s), 1 generated in 40 ms (25.0 tok/s), drafts accepted 0 of 0, 3 checkpoints
strata serve: decode expert cache hit rate: 35.2% (146 hits / 415 lookups)
strata serve: KV streaming: 98.54% of 7388256 block reads hit VRAM, 433.9 MiB read from RAM
strata serve: prompt 34386 tokens = 34385 reused + 1 read in 3 ms (359.3 tok/s), 1 generated in 42 ms (23.8 tok/s), drafts accepted 0 of 0, 3 checkpoints
strata serve: decode expert cache hit rate: 25.4% (102 hits / 402 lookups)
strata serve: KV streaming: 98.54% of 7394424 block reads hit VRAM, 434.2 MiB read from RAM
strata serve: prompt 34387 tokens = 34386 reused + 1 read in 3 ms (359.0 tok/s), 1 generated in 41 ms (24.3 tok/s), drafts accepted 0 of 0, 3 checkpoints
strata serve: decode expert cache hit rate: 28.5% (117 hits / 410 lookups)
strata serve: KV streaming: 98.54% of 7400580 block reads hit VRAM, 434.5 MiB read from RAM
strata serve: prompt 34388 tokens = 34387 reused + 1 read in 3 ms (360.2 tok/s), 1 generated in 41 ms (24.4 tok/s), drafts accepted 0 of 0, 3 checkpoints
strata serve: decode expert cache hit rate: 37.1% (155 hits / 418 lookups)
strata serve: KV streaming: 98.54% of 7406736 block reads hit VRAM, 434.5 MiB read from RAM
strata serve: prompt 34389 tokens = 34388 reused + 1 read in 3 ms (360.2 tok/s), 1 generated in 40 ms (24.9 tok/s), drafts accepted 0 of 0, 3 checkpoints
strata serve: decode expert cache hit rate: 33.0% (135 hits / 409 lookups)
strata serve: KV streaming: 98.54% of 7412904 block reads hit VRAM, 434.8 MiB read from RAM
strata serve: prompt 34390 tokens = 34389 reused + 1 read in 3 ms (358.8 tok/s), 1 generated in 44 ms (22.9 tok/s), drafts accepted 0 of 0, 3 checkpoints
strata serve: decode expert cache hit rate: 23.5% (94 hits / 400 lookups)
strata serve: KV streaming: 98.54% of 7419072 block reads hit VRAM, 435.1 MiB read from RAM
strata serve: prompt 34391 tokens = 34390 reused + 1 read in 3 ms (358.9 tok/s), 1 generated in 40 ms (24.7 tok/s), drafts accepted 0 of 0, 3 checkpoints
strata serve: decode expert cache hit rate: 34.2% (142 hits / 415 lookups)
strata serve: KV streaming: 98.55% of 7425228 block reads hit VRAM, 435.2 MiB read from RAM
strata serve: prompt 34392 tokens = 34391 reused + 1 read in 3 ms (358.4 tok/s), 1 generated in 41 ms (24.1 tok/s), drafts accepted 0 of 0, 3 checkpoints
strata serve: decode expert cache hit rate: 35.5% (147 hits / 414 lookups)
strata serve: KV streaming: 98.55% of 7431384 block reads hit VRAM, 435.3 MiB read from RAM
strata serve: prompt 34393 tokens = 34392 reused + 1 read in 3 ms (358.5 tok/s), 1 generated in 43 ms (23.5 tok/s), drafts accepted 0 of 0, 3 checkpoints
strata serve: decode expert cache hit rate: 25.8% (104 hits / 403 lookups)
strata serve: KV streaming: 98.55% of 7437552 block reads hit VRAM, 435.4 MiB read from RAM
strata serve: prompt 34394 tokens = 34393 reused + 1 read in 3 ms (359.3 tok/s), 1 generated in 42 ms (23.9 tok/s), drafts accepted 0 of 0, 3 checkpoints
strata serve: decode expert cache hit rate: 30.1% (123 hits / 409 lookups)
strata serve: KV streaming: 98.55% of 7443720 block reads hit VRAM, 435.5 MiB read from RAM
strata serve: prompt 34395 tokens = 34394 reused + 1 read in 3 ms (359.3 tok/s), 1 generated in 44 ms (22.9 tok/s), drafts accepted 0 of 0, 3 checkpoints
strata serve: decode expert cache hit rate: 34.9% (145 hits / 415 lookups)
strata serve: KV streaming: 98.55% of 7449876 block reads hit VRAM, 435.5 MiB read from RAM
strata serve: prompt 34396 tokens = 34395 reused + 1 read in 3 ms (360.3 tok/s), 1 generated in 45 ms (22.4 tok/s), drafts accepted 0 of 0, 3 checkpoints
strata serve: decode expert cache hit rate: 28.2% (114 hits / 404 lookups)
strata serve: KV streaming: 98.55% of 7456032 block reads hit VRAM, 435.7 MiB read from RAM
strata serve: prompt 34397 tokens = 34396 reused + 1 read in 3 ms (359.6 tok/s), 1 generated in 42 ms (23.8 tok/s), drafts accepted 0 of 0, 3 checkpoints
strata serve: decode expert cache hit rate: 28.6% (116 hits / 406 lookups)
strata serve: KV streaming: 98.55% of 7462200 block reads hit VRAM, 435.8 MiB read from RAM
strata serve: prompt 34398 tokens = 34397 reused + 1 read in 3 ms (360.8 tok/s), 1 generated in 44 ms (23.0 tok/s), drafts accepted 0 of 0, 3 checkpoints
strata serve: decode expert cache hit rate: 22.5% (90 hits / 400 lookups)
strata serve: KV streaming: 98.55% of 7468368 block reads hit VRAM, 435.9 MiB read from RAM
strata serve: prompt 34399 tokens = 34398 reused + 1 read in 3 ms (359.7 tok/s), 1 generated in 40 ms (24.8 tok/s), drafts accepted 0 of 0, 3 checkpoints
strata serve: decode expert cache hit rate: 32.7% (135 hits / 413 lookups)
strata serve: KV streaming: 98.55% of 7474524 block reads hit VRAM, 435.9 MiB read from RAM
strata serve: prompt 34400 tokens = 34399 reused + 1 read in 3 ms (359.5 tok/s), 1 generated in 42 ms (23.7 tok/s), drafts accepted 0 of 0, 3 checkpoints
strata serve: decode expert cache hit rate: 28.0% (114 hits / 407 lookups)
strata serve: KV streaming: 98.55% of 7480680 block reads hit VRAM, 436.1 MiB read from RAM
strata serve: prompt 34401 tokens = 34400 reused + 1 read in 3 ms (358.8 tok/s), 1 generated in 39 ms (25.6 tok/s), drafts accepted 0 of 0, 3 checkpoints
strata serve: decode expert cache hit rate: 36.1% (149 hits / 413 lookups)
strata serve: KV streaming: 98.55% of 7486848 block reads hit VRAM, 436.2 MiB read from RAM
strata serve: prompt 34402 tokens = 34401 reused + 1 read in 3 ms (355.1 tok/s), 1 generated in 43 ms (23.4 tok/s), drafts accepted 0 of 0, 3 checkpoints
strata serve: decode expert cache hit rate: 27.3% (110 hits / 403 lookups)
strata serve: KV streaming: 98.55% of 7493016 block reads hit VRAM, 436.2 MiB read from RAM
strata serve: prompt 34403 tokens = 34402 reused + 1 read in 3 ms (360.5 tok/s), 1 generated in 39 ms (25.5 tok/s), drafts accepted 0 of 0, 3 checkpoints
strata serve: decode expert cache hit rate: 38.9% (163 hits / 419 lookups)
strata serve: KV streaming: 98.56% of 7499172 block reads hit VRAM, 436.4 MiB read from RAM
strata serve: prompt 34404 tokens = 34403 reused + 1 read in 3 ms (360.6 tok/s), 1 generated in 40 ms (24.7 tok/s), drafts accepted 0 of 0, 3 checkpoints
strata serve: decode expert cache hit rate: 32.8% (135 hits / 411 lookups)
strata serve: KV streaming: 98.56% of 7505328 block reads hit VRAM, 436.7 MiB read from RAM
strata serve: prompt 34405 tokens = 34404 reused + 1 read in 3 ms (359.3 tok/s), 1 generated in 41 ms (24.3 tok/s), drafts accepted 0 of 0, 3 checkpoints
strata serve: decode expert cache hit rate: 31.6% (130 hits / 411 lookups)
strata serve: KV streaming: 98.55% of 7511496 block reads hit VRAM, 437.3 MiB read from RAM
strata serve: prompt 34406 tokens = 34405 reused + 1 read in 3 ms (359.8 tok/s), 1 generated in 42 ms (23.7 tok/s), drafts accepted 0 of 0, 3 checkpoints
strata serve: decode expert cache hit rate: 26.2% (106 hits / 404 lookups)
strata serve: KV streaming: 98.55% of 7517664 block reads hit VRAM, 438.0 MiB read from RAM
strata serve: prompt 34407 tokens = 34406 reused + 1 read in 3 ms (359.3 tok/s), 1 generated in 42 ms (23.7 tok/s), drafts accepted 0 of 0, 3 checkpoints
strata serve: decode expert cache hit rate: 28.6% (116 hits / 406 lookups)
strata serve: KV streaming: 98.55% of 7523820 block reads hit VRAM, 438.1 MiB read from RAM
strata serve: prompt 34408 tokens = 34407 reused + 1 read in 3 ms (350.5 tok/s), 1 generated in 41 ms (24.6 tok/s), drafts accepted 0 of 0, 3 checkpoints
strata serve: decode expert cache hit rate: 29.5% (121 hits / 410 lookups)
strata serve: KV streaming: 98.56% of 7529976 block reads hit VRAM, 438.2 MiB read from RAM
strata serve: prompt 34409 tokens = 34408 reused + 1 read in 3 ms (360.6 tok/s), 1 generated in 44 ms (22.5 tok/s), drafts accepted 0 of 0, 3 checkpoints
strata serve: decode expert cache hit rate: 23.0% (92 hits / 400 lookups)
strata serve: KV streaming: 98.56% of 7536144 block reads hit VRAM, 438.4 MiB read from RAM
strata serve: prompt 34410 tokens = 34409 reused + 1 read in 3 ms (360.0 tok/s), 1 generated in 44 ms (22.6 tok/s), drafts accepted 0 of 0, 3 checkpoints
strata serve: decode expert cache hit rate: 23.2% (93 hits / 401 lookups)
strata serve: KV streaming: 98.56% of 7542312 block reads hit VRAM, 438.5 MiB read from RAM
strata serve: prompt 34411 tokens = 34410 reused + 1 read in 3 ms (360.5 tok/s), 1 generated in 42 ms (23.6 tok/s), drafts accepted 0 of 0, 3 checkpoints
strata serve: decode expert cache hit rate: 26.6% (107 hits / 403 lookups)
strata serve: KV streaming: 98.56% of 7548468 block reads hit VRAM, 438.6 MiB read from RAM
strata serve: prompt 34412 tokens = 34411 reused + 1 read in 3 ms (360.2 tok/s), 1 generated in 41 ms (24.1 tok/s), drafts accepted 0 of 0, 3 checkpoints
strata serve: decode expert cache hit rate: 26.2% (106 hits / 404 lookups)
strata serve: KV streaming: 98.56% of 7554624 block reads hit VRAM, 438.8 MiB read from RAM
strata serve: prompt 34413 tokens = 34412 reused + 1 read in 3 ms (360.1 tok/s), 1 generated in 41 ms (24.2 tok/s), drafts accepted 0 of 0, 3 checkpoints
strata serve: decode expert cache hit rate: 22.2% (89 hits / 400 lookups)
strata serve: KV streaming: 98.56% of 7560792 block reads hit VRAM, 439.2 MiB read from RAM
strata serve: prompt 34414 tokens = 34413 reused + 1 read in 3 ms (359.5 tok/s), 1 generated in 41 ms (24.3 tok/s), drafts accepted 0 of 0, 3 checkpoints
strata serve: decode expert cache hit rate: 25.4% (102 hits / 401 lookups)
strata serve: KV streaming: 98.56% of 7566960 block reads hit VRAM, 439.4 MiB read from RAM
strata serve: prompt 34415 tokens = 34414 reused + 1 read in 3 ms (360.1 tok/s), 1 generated in 39 ms (25.5 tok/s), drafts accepted 0 of 0, 3 checkpoints
strata serve: decode expert cache hit rate: 33.7% (140 hits / 415 lookups)
strata serve: KV streaming: 98.56% of 7573116 block reads hit VRAM, 440.0 MiB read from RAM
strata serve: prompt 34416 tokens = 34415 reused + 1 read in 3 ms (353.6 tok/s), 1 generated in 41 ms (24.5 tok/s), drafts accepted 0 of 0, 3 checkpoints
strata serve: decode expert cache hit rate: 27.5% (112 hits / 407 lookups)
strata serve: KV streaming: 98.56% of 7579272 block reads hit VRAM, 440.2 MiB read from RAM
strata serve: prompt 34417 tokens = 34416 reused + 1 read in 3 ms (358.4 tok/s), 1 generated in 42 ms (24.0 tok/s), drafts accepted 0 of 0, 3 checkpoints
strata serve: decode expert cache hit rate: 31.6% (130 hits / 411 lookups)
strata serve: KV streaming: 98.56% of 7585440 block reads hit VRAM, 440.4 MiB read from RAM
strata serve: prompt 34418 tokens = 34417 reused + 1 read in 3 ms (359.7 tok/s), 1 generated in 40 ms (24.9 tok/s), drafts accepted 0 of 0, 3 checkpoints
strata serve: decode expert cache hit rate: 26.2% (106 hits / 405 lookups)
strata serve: KV streaming: 98.56% of 7591608 block reads hit VRAM, 440.6 MiB read from RAM
strata serve: prompt 34419 tokens = 34418 reused + 1 read in 3 ms (359.7 tok/s), 1 generated in 40 ms (25.1 tok/s), drafts accepted 0 of 0, 3 checkpoints
strata serve: decode expert cache hit rate: 30.8% (126 hits / 409 lookups)
strata serve: KV streaming: 98.56% of 7597764 block reads hit VRAM, 440.8 MiB read from RAM
strata serve: prompt 34420 tokens = 34419 reused + 1 read in 3 ms (360.4 tok/s), 1 generated in 43 ms (23.4 tok/s), drafts accepted 0 of 0, 3 checkpoints
strata serve: decode expert cache hit rate: 30.6% (125 hits / 409 lookups)
strata serve: KV streaming: 98.56% of 7603920 block reads hit VRAM, 441.3 MiB read from RAM
strata serve: prompt 34421 tokens = 34420 reused + 1 read in 3 ms (360.5 tok/s), 1 generated in 39 ms (25.9 tok/s), drafts accepted 0 of 0, 3 checkpoints
strata serve: decode expert cache hit rate: 41.0% (172 hits / 420 lookups)
strata serve: KV streaming: 98.56% of 7610088 block reads hit VRAM, 441.4 MiB read from RAM
strata serve: prompt 34422 tokens = 34421 reused + 1 read in 3 ms (359.4 tok/s), 1 generated in 40 ms (24.9 tok/s), drafts accepted 0 of 0, 3 checkpoints
strata serve: decode expert cache hit rate: 31.2% (127 hits / 407 lookups)
strata serve: KV streaming: 98.56% of 7616256 block reads hit VRAM, 441.8 MiB read from RAM
strata serve: prompt 34423 tokens = 34422 reused + 1 read in 3 ms (360.2 tok/s), 1 generated in 43 ms (23.2 tok/s), drafts accepted 0 of 0, 3 checkpoints
strata serve: decode expert cache hit rate: 22.4% (89 hits / 398 lookups)
strata serve: KV streaming: 98.56% of 7622412 block reads hit VRAM, 442.0 MiB read from RAM
strata serve: prompt 34424 tokens = 34423 reused + 1 read in 3 ms (360.1 tok/s), 1 generated in 41 ms (24.6 tok/s), drafts accepted 0 of 0, 3 checkpoints
strata serve: decode expert cache hit rate: 27.9% (113 hits / 405 lookups)
strata serve: KV streaming: 98.56% of 7628568 block reads hit VRAM, 442.1 MiB read from RAM
strata serve: prompt 34425 tokens = 34424 reused + 1 read in 3 ms (360.2 tok/s), 1 generated in 43 ms (23.5 tok/s), drafts accepted 0 of 0, 3 checkpoints
strata serve: decode expert cache hit rate: 34.7% (143 hits / 412 lookups)
strata serve: KV streaming: 98.56% of 7634736 block reads hit VRAM, 442.4 MiB read from RAM
strata serve: prompt 34426 tokens = 34425 reused + 1 read in 3 ms (360.5 tok/s), 1 generated in 43 ms (23.1 tok/s), drafts accepted 0 of 0, 3 checkpoints
strata serve: decode expert cache hit rate: 28.8% (117 hits / 406 lookups)
strata serve: KV streaming: 98.56% of 7640904 block reads hit VRAM, 442.9 MiB read from RAM
strata serve: prompt 34427 tokens = 34426 reused + 1 read in 3 ms (360.3 tok/s), 1 generated in 41 ms (24.6 tok/s), drafts accepted 0 of 0, 3 checkpoints
strata serve: decode expert cache hit rate: 29.8% (121 hits / 406 lookups)
strata serve: KV streaming: 98.56% of 7647060 block reads hit VRAM, 443.3 MiB read from RAM
strata serve: prompt 34428 tokens = 34427 reused + 1 read in 3 ms (358.9 tok/s), 1 generated in 42 ms (23.7 tok/s), drafts accepted 0 of 0, 3 checkpoints
strata serve: decode expert cache hit rate: 27.5% (111 hits / 404 lookups)
strata serve: KV streaming: 98.56% of 7653216 block reads hit VRAM, 443.5 MiB read from RAM
strata serve: prompt 34429 tokens = 34428 reused + 1 read in 3 ms (359.8 tok/s), 1 generated in 43 ms (23.0 tok/s), drafts accepted 0 of 0, 3 checkpoints
strata serve: decode expert cache hit rate: 22.3% (89 hits / 399 lookups)
strata serve: KV streaming: 98.56% of 7659384 block reads hit VRAM, 443.6 MiB read from RAM
strata serve: prompt 34430 tokens = 34429 reused + 1 read in 3 ms (360.0 tok/s), 1 generated in 40 ms (25.3 tok/s), drafts accepted 0 of 0, 3 checkpoints
strata serve: decode expert cache hit rate: 33.7% (139 hits / 413 lookups)
strata serve: KV streaming: 98.56% of 7665552 block reads hit VRAM, 443.7 MiB read from RAM
strata serve: prompt 34431 tokens = 34430 reused + 1 read in 3 ms (353.0 tok/s), 1 generated in 42 ms (23.9 tok/s), drafts accepted 0 of 0, 3 checkpoints
strata serve: decode expert cache hit rate: 28.1% (114 hits / 405 lookups)
strata serve: KV streaming: 98.56% of 7671708 block reads hit VRAM, 443.8 MiB read from RAM
strata serve: prompt 34432 tokens = 34431 reused + 1 read in 3 ms (360.6 tok/s), 1 generated in 47 ms (21.2 tok/s), drafts accepted 0 of 0, 3 checkpoints
strata serve: decode expert cache hit rate: 25.9% (105 hits / 405 lookups)
strata serve: KV streaming: 98.56% of 7677864 block reads hit VRAM, 443.9 MiB read from RAM
strata serve: prompt 34433 tokens = 34432 reused + 1 read in 3 ms (360.8 tok/s), 1 generated in 44 ms (22.9 tok/s), drafts accepted 0 of 0, 3 checkpoints
strata serve: decode expert cache hit rate: 25.7% (104 hits / 404 lookups)
strata serve: KV streaming: 98.56% of 7684032 block reads hit VRAM, 444.2 MiB read from RAM
strata serve: prompt 34434 tokens = 34433 reused + 1 read in 3 ms (360.3 tok/s), 1 generated in 39 ms (25.5 tok/s), drafts accepted 0 of 0, 3 checkpoints
strata serve: decode expert cache hit rate: 40.5% (170 hits / 420 lookups)
strata serve: KV streaming: 98.57% of 7690200 block reads hit VRAM, 444.5 MiB read from RAM
strata serve: prompt 34435 tokens = 34434 reused + 1 read in 3 ms (359.7 tok/s), 1 generated in 42 ms (23.7 tok/s), drafts accepted 0 of 0, 3 checkpoints
strata serve: decode expert cache hit rate: 31.0% (127 hits / 410 lookups)
strata serve: KV streaming: 98.57% of 7696356 block reads hit VRAM, 444.8 MiB read from RAM
strata serve: prompt 34436 tokens = 34435 reused + 1 read in 3 ms (358.8 tok/s), 1 generated in 39 ms (25.4 tok/s), drafts accepted 0 of 0, 3 checkpoints
strata serve: decode expert cache hit rate: 33.8% (140 hits / 414 lookups)
strata serve: KV streaming: 98.56% of 7702512 block reads hit VRAM, 445.4 MiB read from RAM
strata serve: prompt 34437 tokens = 34436 reused + 1 read in 3 ms (359.3 tok/s), 1 generated in 42 ms (23.7 tok/s), drafts accepted 0 of 0, 3 checkpoints
strata serve: decode expert cache hit rate: 29.6% (120 hits / 406 lookups)
strata serve: KV streaming: 98.56% of 7708680 block reads hit VRAM, 445.9 MiB read from RAM
strata serve: prompt 34438 tokens = 34437 reused + 1 read in 3 ms (345.8 tok/s), 1 generated in 39 ms (25.6 tok/s), drafts accepted 0 of 0, 3 checkpoints
strata serve: decode expert cache hit rate: 39.5% (164 hits / 415 lookups)
strata serve: KV streaming: 98.56% of 7714848 block reads hit VRAM, 446.2 MiB read from RAM
strata serve: prompt 34439 tokens = 34438 reused + 1 read in 3 ms (361.0 tok/s), 1 generated in 42 ms (23.7 tok/s), drafts accepted 0 of 0, 3 checkpoints
strata serve: decode expert cache hit rate: 25.7% (104 hits / 405 lookups)
strata serve: KV streaming: 98.56% of 7721004 block reads hit VRAM, 446.5 MiB read from RAM
strata serve: prompt 34440 tokens = 34439 reused + 1 read in 3 ms (360.6 tok/s), 1 generated in 44 ms (22.8 tok/s), drafts accepted 0 of 0, 3 checkpoints
strata serve: decode expert cache hit rate: 21.6% (86 hits / 399 lookups)
strata serve: KV streaming: 98.57% of 7727160 block reads hit VRAM, 446.6 MiB read from RAM
strata serve: prompt 34441 tokens = 34440 reused + 1 read in 3 ms (359.2 tok/s), 1 generated in 44 ms (22.8 tok/s), drafts accepted 0 of 0, 3 checkpoints
strata serve: decode expert cache hit rate: 22.0% (88 hits / 400 lookups)
strata serve: KV streaming: 98.57% of 7733328 block reads hit VRAM, 446.8 MiB read from RAM
strata serve: prompt 34442 tokens = 34441 reused + 1 read in 3 ms (359.3 tok/s), 1 generated in 41 ms (24.6 tok/s), drafts accepted 0 of 0, 3 checkpoints
strata serve: decode expert cache hit rate: 34.5% (142 hits / 412 lookups)
strata serve: KV streaming: 98.57% of 7739496 block reads hit VRAM, 446.9 MiB read from RAM
strata serve: prompt 34443 tokens = 34442 reused + 1 read in 3 ms (359.0 tok/s), 1 generated in 44 ms (23.0 tok/s), drafts accepted 0 of 0, 3 checkpoints
strata serve: decode expert cache hit rate: 21.6% (87 hits / 402 lookups)
strata serve: KV streaming: 98.57% of 7745652 block reads hit VRAM, 447.0 MiB read from RAM
strata serve: prompt 34444 tokens = 34443 reused + 1 read in 3 ms (360.2 tok/s), 1 generated in 43 ms (23.1 tok/s), drafts accepted 0 of 0, 3 checkpoints
strata serve: decode expert cache hit rate: 24.4% (98 hits / 402 lookups)
strata serve: KV streaming: 98.57% of 7751808 block reads hit VRAM, 447.2 MiB read from RAM
strata serve: prompt 34445 tokens = 34444 reused + 1 read in 3 ms (360.3 tok/s), 1 generated in 43 ms (23.0 tok/s), drafts accepted 0 of 0, 3 checkpoints
strata serve: decode expert cache hit rate: 24.4% (98 hits / 401 lookups)
strata serve: KV streaming: 98.57% of 7757976 block reads hit VRAM, 447.3 MiB read from RAM
strata serve: prompt 34446 tokens = 34445 reused + 1 read in 3 ms (360.3 tok/s), 1 generated in 44 ms (22.5 tok/s), drafts accepted 0 of 0, 3 checkpoints
strata serve: decode expert cache hit rate: 23.1% (93 hits / 403 lookups)
strata serve: KV streaming: 98.57% of 7764144 block reads hit VRAM, 447.5 MiB read from RAM
strata serve: prompt 34447 tokens = 34446 reused + 1 read in 3 ms (360.3 tok/s), 1 generated in 42 ms (24.1 tok/s), drafts accepted 0 of 0, 3 checkpoints
strata serve: decode expert cache hit rate: 27.2% (110 hits / 404 lookups)
strata serve: KV streaming: 98.57% of 7770300 block reads hit VRAM, 447.9 MiB read from RAM
strata serve: prompt 34448 tokens = 34447 reused + 1 read in 3 ms (360.1 tok/s), 1 generated in 41 ms (24.5 tok/s), drafts accepted 0 of 0, 3 checkpoints
strata serve: decode expert cache hit rate: 28.5% (115 hits / 403 lookups)
strata serve: KV streaming: 98.57% of 7776456 block reads hit VRAM, 448.5 MiB read from RAM
strata serve: prompt 34449 tokens = 34448 reused + 1 read in 3 ms (360.2 tok/s), 1 generated in 41 ms (24.1 tok/s), drafts accepted 0 of 0, 3 checkpoints
strata serve: decode expert cache hit rate: 26.3% (107 hits / 407 lookups)
strata serve: KV streaming: 98.57% of 7782624 block reads hit VRAM, 448.8 MiB read from RAM
strata serve: prompt 34450 tokens = 34449 reused + 1 read in 3 ms (359.6 tok/s), 1 generated in 43 ms (23.5 tok/s), drafts accepted 0 of 0, 3 checkpoints
strata serve: decode expert cache hit rate: 26.0% (105 hits / 404 lookups)
strata serve: KV streaming: 98.57% of 7788792 block reads hit VRAM, 449.6 MiB read from RAM
strata serve: prompt 34451 tokens = 34450 reused + 1 read in 3 ms (360.0 tok/s), 1 generated in 44 ms (22.8 tok/s), drafts accepted 0 of 0, 3 checkpoints
strata serve: decode expert cache hit rate: 25.4% (103 hits / 406 lookups)
strata serve: KV streaming: 98.57% of 7794948 block reads hit VRAM, 449.7 MiB read from RAM
strata serve: prompt 34452 tokens = 34451 reused + 1 read in 3 ms (354.1 tok/s), 1 generated in 41 ms (24.2 tok/s), drafts accepted 0 of 0, 3 checkpoints
strata serve: decode expert cache hit rate: 27.1% (110 hits / 406 lookups)
strata serve: KV streaming: 98.57% of 7801104 block reads hit VRAM, 450.1 MiB read from RAM
strata serve: prompt 34453 tokens = 34452 reused + 1 read in 3 ms (360.4 tok/s), 1 generated in 44 ms (22.7 tok/s), drafts accepted 0 of 0, 3 checkpoints
strata serve: decode expert cache hit rate: 22.5% (90 hits / 400 lookups)
strata serve: KV streaming: 98.57% of 7807272 block reads hit VRAM, 450.7 MiB read from RAM
strata serve: prompt 34454 tokens = 34453 reused + 1 read in 3 ms (360.2 tok/s), 1 generated in 39 ms (25.8 tok/s), drafts accepted 0 of 0, 3 checkpoints
strata serve: decode expert cache hit rate: 40.7% (170 hits / 418 lookups)
strata serve: KV streaming: 98.57% of 7813440 block reads hit VRAM, 451.0 MiB read from RAM
strata serve: prompt 34455 tokens = 34454 reused + 1 read in 3 ms (360.7 tok/s), 1 generated in 45 ms (22.4 tok/s), drafts accepted 0 of 0, 3 checkpoints
strata serve: decode expert cache hit rate: 26.2% (106 hits / 405 lookups)
strata serve: KV streaming: 98.57% of 7819596 block reads hit VRAM, 451.4 MiB read from RAM
strata serve: prompt 34456 tokens = 34455 reused + 1 read in 3 ms (358.8 tok/s), 1 generated in 42 ms (24.1 tok/s), drafts accepted 0 of 0, 3 checkpoints
strata serve: decode expert cache hit rate: 31.2% (128 hits / 410 lookups)
strata serve: KV streaming: 98.57% of 7825752 block reads hit VRAM, 451.8 MiB read from RAM
strata serve: prompt 34457 tokens = 34456 reused + 1 read in 3 ms (360.3 tok/s), 1 generated in 39 ms (25.4 tok/s), drafts accepted 0 of 0, 3 checkpoints
strata serve: decode expert cache hit rate: 41.0% (173 hits / 422 lookups)
strata serve: KV streaming: 98.57% of 7831920 block reads hit VRAM, 452.0 MiB read from RAM
strata serve: prompt 34458 tokens = 34457 reused + 1 read in 3 ms (359.6 tok/s), 1 generated in 42 ms (24.0 tok/s), drafts accepted 0 of 0, 3 checkpoints
strata serve: decode expert cache hit rate: 20.5% (82 hits / 400 lookups)
strata serve: KV streaming: 98.57% of 7838088 block reads hit VRAM, 452.3 MiB read from RAM
strata serve: prompt 34459 tokens = 34458 reused + 1 read in 3 ms (358.7 tok/s), 1 generated in 43 ms (23.2 tok/s), drafts accepted 0 of 0, 3 checkpoints
strata serve: decode expert cache hit rate: 21.1% (84 hits / 398 lookups)
strata serve: KV streaming: 98.57% of 7844244 block reads hit VRAM, 452.4 MiB read from RAM
strata serve: prompt 34460 tokens = 34459 reused + 1 read in 3 ms (360.3 tok/s), 1 generated in 44 ms (22.7 tok/s), drafts accepted 0 of 0, 3 checkpoints
strata serve: decode expert cache hit rate: 24.5% (99 hits / 404 lookups)
strata serve: KV streaming: 98.57% of 7850400 block reads hit VRAM, 452.7 MiB read from RAM
strata serve: prompt 34461 tokens = 34460 reused + 1 read in 3 ms (359.4 tok/s), 1 generated in 45 ms (22.3 tok/s), drafts accepted 0 of 0, 3 checkpoints
strata serve: decode expert cache hit rate: 25.7% (105 hits / 408 lookups)
strata serve: KV streaming: 98.57% of 7856568 block reads hit VRAM, 453.0 MiB read from RAM
strata serve: prompt 34462 tokens = 34461 reused + 1 read in 3 ms (360.6 tok/s), 1 generated in 39 ms (25.9 tok/s), drafts accepted 0 of 0, 3 checkpoints
strata serve: decode expert cache hit rate: 38.8% (161 hits / 415 lookups)
strata serve: KV streaming: 98.57% of 7862736 block reads hit VRAM, 453.4 MiB read from RAM
strata serve: prompt 34463 tokens = 34462 reused + 1 read in 3 ms (359.2 tok/s), 1 generated in 42 ms (23.7 tok/s), drafts accepted 0 of 0, 3 checkpoints
strata serve: decode expert cache hit rate: 24.7% (99 hits / 401 lookups)
strata serve: KV streaming: 98.57% of 7868892 block reads hit VRAM, 453.8 MiB read from RAM
strata serve: prompt 34464 tokens = 34463 reused + 1 read in 3 ms (357.7 tok/s), 1 generated in 41 ms (24.6 tok/s), drafts accepted 0 of 0, 3 checkpoints
strata serve: decode expert cache hit rate: 29.8% (121 hits / 406 lookups)
strata serve: KV streaming: 98.57% of 7875048 block reads hit VRAM, 454.1 MiB read from RAM
strata serve: prompt 34465 tokens = 34464 reused + 1 read in 3 ms (360.2 tok/s), 1 generated in 41 ms (24.6 tok/s), drafts accepted 0 of 0, 3 checkpoints
strata serve: decode expert cache hit rate: 32.5% (133 hits / 409 lookups)
strata serve: KV streaming: 98.57% of 7881216 block reads hit VRAM, 454.9 MiB read from RAM
strata serve: prompt 34466 tokens = 34465 reused + 1 read in 3 ms (360.4 tok/s), 1 generated in 49 ms (20.3 tok/s), drafts accepted 0 of 0, 3 checkpoints
strata serve: decode expert cache hit rate: 26.4% (106 hits / 401 lookups)
strata serve: KV streaming: 98.57% of 7887384 block reads hit VRAM, 455.2 MiB read from RAM
strata serve: prompt 34467 tokens = 34466 reused + 1 read in 3 ms (359.1 tok/s), 1 generated in 40 ms (25.1 tok/s), drafts accepted 0 of 0, 3 checkpoints
strata serve: decode expert cache hit rate: 34.1% (141 hits / 413 lookups)
strata serve: KV streaming: 98.57% of 7893540 block reads hit VRAM, 455.4 MiB read from RAM
strata serve: prompt 34468 tokens = 34467 reused + 1 read in 3 ms (357.5 tok/s), 1 generated in 42 ms (24.0 tok/s), drafts accepted 0 of 0, 3 checkpoints
strata serve: decode expert cache hit rate: 26.6% (108 hits / 406 lookups)
strata serve: KV streaming: 98.57% of 7899696 block reads hit VRAM, 455.8 MiB read from RAM
strata serve: prompt 34469 tokens = 34468 reused + 1 read in 3 ms (360.3 tok/s), 1 generated in 44 ms (22.8 tok/s), drafts accepted 0 of 0, 3 checkpoints
strata serve: decode expert cache hit rate: 25.2% (102 hits / 404 lookups)
strata serve: KV streaming: 98.57% of 7905864 block reads hit VRAM, 455.9 MiB read from RAM
strata serve: prompt 34470 tokens = 34469 reused + 1 read in 3 ms (360.8 tok/s), 1 generated in 43 ms (23.4 tok/s), drafts accepted 0 of 0, 3 checkpoints
strata serve: decode expert cache hit rate: 22.4% (90 hits / 402 lookups)
strata serve: KV streaming: 98.57% of 7912032 block reads hit VRAM, 456.3 MiB read from RAM
strata serve: prompt 34471 tokens = 34470 reused + 1 read in 3 ms (360.6 tok/s), 1 generated in 42 ms (23.6 tok/s), drafts accepted 0 of 0, 3 checkpoints
strata serve: decode expert cache hit rate: 24.6% (99 hits / 402 lookups)
strata serve: KV streaming: 98.57% of 7918188 block reads hit VRAM, 456.4 MiB read from RAM
strata serve: prompt 34472 tokens = 34471 reused + 1 read in 3 ms (358.2 tok/s), 1 generated in 42 ms (23.7 tok/s), drafts accepted 0 of 0, 3 checkpoints
strata serve: decode expert cache hit rate: 26.0% (105 hits / 404 lookups)
strata serve: KV streaming: 98.57% of 7924344 block reads hit VRAM, 456.9 MiB read from RAM
strata serve: prompt 34473 tokens = 34472 reused + 1 read in 3 ms (360.7 tok/s), 1 generated in 42 ms (24.0 tok/s), drafts accepted 0 of 0, 3 checkpoints
strata serve: decode expert cache hit rate: 28.6% (116 hits / 405 lookups)
strata serve: KV streaming: 98.57% of 7930512 block reads hit VRAM, 457.2 MiB read from RAM
strata serve: prompt 34474 tokens = 34473 reused + 1 read in 3 ms (359.7 tok/s), 1 generated in 43 ms (23.5 tok/s), drafts accepted 0 of 0, 3 checkpoints
strata serve: decode expert cache hit rate: 23.7% (95 hits / 401 lookups)
strata serve: KV streaming: 98.57% of 7936680 block reads hit VRAM, 457.3 MiB read from RAM
strata serve: prompt 34475 tokens = 34474 reused + 1 read in 3 ms (359.4 tok/s), 1 generated in 43 ms (23.5 tok/s), drafts accepted 0 of 0, 3 checkpoints
strata serve: decode expert cache hit rate: 25.4% (102 hits / 402 lookups)
strata serve: KV streaming: 98.57% of 7942836 block reads hit VRAM, 457.8 MiB read from RAM
strata serve: prompt 34476 tokens = 34475 reused + 1 read in 3 ms (360.6 tok/s), 1 generated in 44 ms (22.5 tok/s), drafts accepted 0 of 0, 3 checkpoints
strata serve: decode expert cache hit rate: 25.9% (105 hits / 406 lookups)
strata serve: KV streaming: 98.57% of 7948992 block reads hit VRAM, 458.1 MiB read from RAM
strata serve: prompt 34477 tokens = 34476 reused + 1 read in 3 ms (341.4 tok/s), 1 generated in 45 ms (22.4 tok/s), drafts accepted 0 of 0, 3 checkpoints
strata serve: decode expert cache hit rate: 25.4% (102 hits / 402 lookups)
strata serve: KV streaming: 98.57% of 7955160 block reads hit VRAM, 458.4 MiB read from RAM
strata serve: prompt 34478 tokens = 34477 reused + 1 read in 3 ms (360.4 tok/s), 1 generated in 40 ms (25.3 tok/s), drafts accepted 0 of 0, 3 checkpoints
strata serve: decode expert cache hit rate: 32.8% (135 hits / 412 lookups)
strata serve: KV streaming: 98.57% of 7961328 block reads hit VRAM, 458.6 MiB read from RAM
strata serve: prompt 34479 tokens = 34478 reused + 1 read in 3 ms (359.3 tok/s), 1 generated in 41 ms (24.7 tok/s), drafts accepted 0 of 0, 3 checkpoints
strata serve: decode expert cache hit rate: 30.6% (125 hits / 409 lookups)
strata serve: KV streaming: 98.57% of 7967484 block reads hit VRAM, 458.9 MiB read from RAM
strata serve: prompt 34480 tokens = 34479 reused + 1 read in 3 ms (360.3 tok/s), 1 generated in 43 ms (23.2 tok/s), drafts accepted 0 of 0, 3 checkpoints
strata serve: decode expert cache hit rate: 28.7% (117 hits / 407 lookups)
strata serve: KV streaming: 98.57% of 7973640 block reads hit VRAM, 459.2 MiB read from RAM
strata serve: prompt 34481 tokens = 34480 reused + 1 read in 3 ms (359.6 tok/s), 1 generated in 41 ms (24.1 tok/s), drafts accepted 0 of 0, 3 checkpoints
strata serve: decode expert cache hit rate: 33.5% (138 hits / 412 lookups)
strata serve: KV streaming: 98.57% of 7979808 block reads hit VRAM, 459.3 MiB read from RAM
strata serve: prompt 34482 tokens = 34481 reused + 1 read in 3 ms (358.2 tok/s), 1 generated in 48 ms (20.9 tok/s), drafts accepted 0 of 0, 3 checkpoints
strata serve: decode expert cache hit rate: 22.4% (90 hits / 402 lookups)
strata serve: KV streaming: 98.57% of 7985976 block reads hit VRAM, 460.3 MiB read from RAM
strata serve: prompt 34483 tokens = 34482 reused + 1 read in 3 ms (356.4 tok/s), 1 generated in 46 ms (21.9 tok/s), drafts accepted 0 of 0, 3 checkpoints
strata serve: decode expert cache hit rate: 21.3% (85 hits / 399 lookups)
strata serve: KV streaming: 98.57% of 7992132 block reads hit VRAM, 460.5 MiB read from RAM
strata serve: prompt 34484 tokens = 34483 reused + 1 read in 3 ms (356.5 tok/s), 1 generated in 42 ms (23.9 tok/s), drafts accepted 0 of 0, 3 checkpoints
strata serve: decode expert cache hit rate: 31.4% (127 hits / 405 lookups)
strata serve: KV streaming: 98.57% of 7998288 block reads hit VRAM, 460.9 MiB read from RAM
strata serve: prompt 34485 tokens = 34484 reused + 1 read in 3 ms (358.8 tok/s), 1 generated in 45 ms (22.4 tok/s), drafts accepted 0 of 0, 3 checkpoints
strata serve: decode expert cache hit rate: 28.2% (113 hits / 401 lookups)
strata serve: KV streaming: 98.57% of 8004456 block reads hit VRAM, 461.6 MiB read from RAM
strata serve: prompt 34486 tokens = 34485 reused + 1 read in 3 ms (358.2 tok/s), 1 generated in 36 ms (27.6 tok/s), drafts accepted 0 of 0, 3 checkpoints
strata serve: decode expert cache hit rate: 48.0% (205 hits / 427 lookups)
strata serve: KV streaming: 98.57% of 8010624 block reads hit VRAM, 462.2 MiB read from RAM
strata serve: prompt 34487 tokens = 34486 reused + 1 read in 3 ms (355.5 tok/s), 1 generated in 43 ms (23.4 tok/s), drafts accepted 0 of 0, 3 checkpoints
strata serve: decode expert cache hit rate: 30.0% (122 hits / 406 lookups)
strata serve: KV streaming: 98.57% of 8016780 block reads hit VRAM, 462.4 MiB read from RAM
strata serve: prompt 34488 tokens = 34487 reused + 1 read in 3 ms (356.1 tok/s), 1 generated in 44 ms (22.7 tok/s), drafts accepted 0 of 0, 3 checkpoints
strata serve: decode expert cache hit rate: 28.3% (115 hits / 407 lookups)
strata serve: KV streaming: 98.57% of 8022936 block reads hit VRAM, 462.5 MiB read from RAM
strata serve: prompt 34489 tokens = 34488 reused + 1 read in 3 ms (358.9 tok/s), 1 generated in 46 ms (22.0 tok/s), drafts accepted 0 of 0, 3 checkpoints
strata serve: decode expert cache hit rate: 29.1% (118 hits / 406 lookups)
strata serve: KV streaming: 98.57% of 8029104 block reads hit VRAM, 462.9 MiB read from RAM
strata serve: prompt 34490 tokens = 34489 reused + 1 read in 3 ms (359.0 tok/s), 1 generated in 42 ms (23.5 tok/s), drafts accepted 0 of 0, 3 checkpoints
strata serve: decode expert cache hit rate: 32.6% (133 hits / 408 lookups)
strata serve: KV streaming: 98.57% of 8035272 block reads hit VRAM, 463.0 MiB read from RAM
strata serve: prompt 34491 tokens = 34490 reused + 1 read in 3 ms (359.3 tok/s), 1 generated in 42 ms (23.9 tok/s), drafts accepted 0 of 0, 3 checkpoints
strata serve: decode expert cache hit rate: 33.2% (137 hits / 413 lookups)
strata serve: KV streaming: 98.57% of 8041428 block reads hit VRAM, 463.1 MiB read from RAM
strata serve: prompt 34492 tokens = 34491 reused + 1 read in 3 ms (351.8 tok/s), 1 generated in 43 ms (23.1 tok/s), drafts accepted 0 of 0, 3 checkpoints
strata serve: decode expert cache hit rate: 33.7% (139 hits / 413 lookups)
strata serve: KV streaming: 98.57% of 8047584 block reads hit VRAM, 463.4 MiB read from RAM
strata serve: prompt 34493 tokens = 34492 reused + 1 read in 3 ms (357.6 tok/s), 1 generated in 44 ms (22.9 tok/s), drafts accepted 0 of 0, 3 checkpoints
strata serve: decode expert cache hit rate: 35.6% (148 hits / 416 lookups)
strata serve: KV streaming: 98.57% of 8053752 block reads hit VRAM, 463.6 MiB read from RAM
strata serve: prompt 34494 tokens = 34493 reused + 1 read in 3 ms (357.8 tok/s), 1 generated in 40 ms (24.7 tok/s), drafts accepted 0 of 0, 3 checkpoints
strata serve: decode expert cache hit rate: 40.2% (169 hits / 420 lookups)
strata serve: KV streaming: 98.57% of 8059920 block reads hit VRAM, 463.7 MiB read from RAM
strata serve: prompt 34495 tokens = 34494 reused + 1 read in 3 ms (359.1 tok/s), 1 generated in 40 ms (24.8 tok/s), drafts accepted 0 of 0, 3 checkpoints
strata serve: decode expert cache hit rate: 31.1% (128 hits / 411 lookups)
strata serve: KV streaming: 98.57% of 8066076 block reads hit VRAM, 463.9 MiB read from RAM
strata serve: prompt 34496 tokens = 34495 reused + 1 read in 3 ms (360.0 tok/s), 1 generated in 41 ms (24.3 tok/s), drafts accepted 0 of 0, 3 checkpoints
strata serve: decode expert cache hit rate: 30.0% (122 hits / 407 lookups)
strata serve: KV streaming: 98.57% of 8072232 block reads hit VRAM, 464.1 MiB read from RAM
strata serve: prompt 34497 tokens = 34496 reused + 1 read in 3 ms (360.4 tok/s), 1 generated in 42 ms (24.1 tok/s), drafts accepted 0 of 0, 3 checkpoints
strata serve: decode expert cache hit rate: 26.2% (106 hits / 405 lookups)
strata serve: KV streaming: 98.57% of 8078400 block reads hit VRAM, 464.5 MiB read from RAM
strata serve: prompt 34498 tokens = 34497 reused + 1 read in 3 ms (360.1 tok/s), 1 generated in 43 ms (23.2 tok/s), drafts accepted 0 of 0, 3 checkpoints
strata serve: decode expert cache hit rate: 23.2% (93 hits / 400 lookups)
strata serve: KV streaming: 98.57% of 8084568 block reads hit VRAM, 464.7 MiB read from RAM
strata serve: prompt 34499 tokens = 34498 reused + 1 read in 3 ms (359.1 tok/s), 1 generated in 42 ms (24.0 tok/s), drafts accepted 0 of 0, 3 checkpoints
strata serve: decode expert cache hit rate: 25.3% (102 hits / 403 lookups)
strata serve: KV streaming: 98.57% of 8090724 block reads hit VRAM, 464.9 MiB read from RAM
strata serve: prompt 34500 tokens = 34499 reused + 1 read in 3 ms (359.5 tok/s), 1 generated in 42 ms (23.6 tok/s), drafts accepted 0 of 0, 3 checkpoints
strata serve: decode expert cache hit rate: 22.9% (92 hits / 401 lookups)
strata serve: KV streaming: 98.57% of 8096880 block reads hit VRAM, 465.2 MiB read from RAM
strata serve: prompt 34501 tokens = 34500 reused + 1 read in 3 ms (359.1 tok/s), 1 generated in 42 ms (24.0 tok/s), drafts accepted 0 of 0, 3 checkpoints
strata serve: decode expert cache hit rate: 26.9% (108 hits / 401 lookups)
strata serve: KV streaming: 98.57% of 8103048 block reads hit VRAM, 465.5 MiB read from RAM
strata serve: prompt 34502 tokens = 34501 reused + 1 read in 3 ms (350.9 tok/s), 1 generated in 40 ms (24.8 tok/s), drafts accepted 0 of 0, 3 checkpoints
strata serve: decode expert cache hit rate: 30.1% (123 hits / 409 lookups)
strata serve: KV streaming: 98.57% of 8109216 block reads hit VRAM, 465.8 MiB read from RAM
strata serve: prompt 34503 tokens = 34502 reused + 1 read in 3 ms (360.4 tok/s), 1 generated in 44 ms (22.6 tok/s), drafts accepted 0 of 0, 3 checkpoints
strata serve: decode expert cache hit rate: 24.9% (100 hits / 402 lookups)
strata serve: KV streaming: 98.57% of 8115372 block reads hit VRAM, 465.9 MiB read from RAM
strata serve: prompt 34504 tokens = 34503 reused + 1 read in 3 ms (360.5 tok/s), 1 generated in 42 ms (23.6 tok/s), drafts accepted 0 of 0, 3 checkpoints
strata serve: decode expert cache hit rate: 27.1% (111 hits / 409 lookups)
strata serve: KV streaming: 98.58% of 8121528 block reads hit VRAM, 466.0 MiB read from RAM
strata serve: prompt 34505 tokens = 34504 reused + 1 read in 3 ms (360.7 tok/s), 1 generated in 42 ms (23.9 tok/s), drafts accepted 0 of 0, 3 checkpoints
strata serve: decode expert cache hit rate: 27.0% (109 hits / 404 lookups)
strata serve: KV streaming: 98.58% of 8127696 block reads hit VRAM, 466.1 MiB read from RAM
strata serve: prompt 34506 tokens = 34505 reused + 1 read in 3 ms (359.8 tok/s), 1 generated in 40 ms (24.8 tok/s), drafts accepted 0 of 0, 3 checkpoints
strata serve: decode expert cache hit rate: 31.9% (130 hits / 408 lookups)
strata serve: KV streaming: 98.58% of 8133864 block reads hit VRAM, 466.2 MiB read from RAM
strata serve: prompt 34507 tokens = 34506 reused + 1 read in 3 ms (360.0 tok/s), 1 generated in 41 ms (24.1 tok/s), drafts accepted 0 of 0, 3 checkpoints
strata serve: decode expert cache hit rate: 28.0% (114 hits / 407 lookups)
strata serve: KV streaming: 98.58% of 8140020 block reads hit VRAM, 466.5 MiB read from RAM
strata serve: prompt 34508 tokens = 34507 reused + 1 read in 3 ms (359.5 tok/s), 1 generated in 40 ms (24.7 tok/s), drafts accepted 0 of 0, 3 checkpoints
strata serve: decode expert cache hit rate: 26.6% (107 hits / 402 lookups)
strata serve: KV streaming: 98.58% of 8146176 block reads hit VRAM, 466.8 MiB read from RAM
strata serve: prompt 34509 tokens = 34508 reused + 1 read in 3 ms (358.4 tok/s), 1 generated in 42 ms (23.8 tok/s), drafts accepted 0 of 0, 3 checkpoints
strata serve: decode expert cache hit rate: 30.2% (123 hits / 407 lookups)
strata serve: KV streaming: 98.58% of 8152344 block reads hit VRAM, 466.9 MiB read from RAM
strata serve: prompt 34510 tokens = 34509 reused + 1 read in 3 ms (360.3 tok/s), 1 generated in 38 ms (26.0 tok/s), drafts accepted 0 of 0, 3 checkpoints
strata serve: decode expert cache hit rate: 37.0% (153 hits / 414 lookups)
strata serve: KV streaming: 98.58% of 8158512 block reads hit VRAM, 466.9 MiB read from RAM
strata serve: prompt 34511 tokens = 34510 reused + 1 read in 3 ms (359.7 tok/s), 1 generated in 41 ms (24.3 tok/s), drafts accepted 0 of 0, 3 checkpoints
strata serve: decode expert cache hit rate: 27.5% (111 hits / 404 lookups)
strata serve: KV streaming: 98.58% of 8164668 block reads hit VRAM, 467.0 MiB read from RAM
strata serve: prompt 34512 tokens = 34511 reused + 1 read in 3 ms (360.2 tok/s), 1 generated in 42 ms (23.6 tok/s), drafts accepted 0 of 0, 3 checkpoints
strata serve: decode expert cache hit rate: 23.1% (92 hits / 398 lookups)
strata serve: KV streaming: 98.58% of 8170824 block reads hit VRAM, 467.2 MiB read from RAM
strata serve: prompt 34513 tokens = 34512 reused + 1 read in 3 ms (357.6 tok/s), 1 generated in 42 ms (24.0 tok/s), drafts accepted 0 of 0, 3 checkpoints
strata serve: decode expert cache hit rate: 25.7% (104 hits / 404 lookups)
strata serve: KV streaming: 98.58% of 8176992 block reads hit VRAM, 467.3 MiB read from RAM
strata serve: prompt 34514 tokens = 34513 reused + 1 read in 3 ms (354.7 tok/s), 1 generated in 43 ms (23.2 tok/s), drafts accepted 0 of 0, 3 checkpoints
strata serve: decode expert cache hit rate: 26.7% (108 hits / 405 lookups)
strata serve: KV streaming: 98.58% of 8183160 block reads hit VRAM, 467.4 MiB read from RAM
strata serve: prompt 34515 tokens = 34514 reused + 1 read in 3 ms (360.2 tok/s), 1 generated in 47 ms (21.2 tok/s), drafts accepted 0 of 0, 3 checkpoints
strata serve: decode expert cache hit rate: 20.1% (80 hits / 398 lookups)
strata serve: KV streaming: 98.58% of 8189316 block reads hit VRAM, 467.7 MiB read from RAM
strata serve: prompt 34516 tokens = 34515 reused + 1 read in 3 ms (360.7 tok/s), 1 generated in 48 ms (20.9 tok/s), drafts accepted 0 of 0, 3 checkpoints
strata serve: decode expert cache hit rate: 27.2% (111 hits / 408 lookups)
strata serve: KV streaming: 98.58% of 8195472 block reads hit VRAM, 468.0 MiB read from RAM
strata serve: prompt 34517 tokens = 34516 reused + 1 read in 3 ms (360.5 tok/s), 1 generated in 42 ms (23.9 tok/s), drafts accepted 0 of 0, 3 checkpoints
strata serve: decode expert cache hit rate: 33.7% (138 hits / 410 lookups)
strata serve: KV streaming: 98.58% of 8201640 block reads hit VRAM, 468.3 MiB read from RAM
strata serve: prompt 34518 tokens = 34517 reused + 1 read in 3 ms (356.4 tok/s), 1 generated in 44 ms (22.8 tok/s), drafts accepted 0 of 0, 3 checkpoints
strata serve: decode expert cache hit rate: 25.3% (102 hits / 403 lookups)
strata serve: KV streaming: 98.58% of 8207808 block reads hit VRAM, 468.5 MiB read from RAM
strata serve: prompt 34519 tokens = 34518 reused + 1 read in 3 ms (357.6 tok/s), 1 generated in 44 ms (22.6 tok/s), drafts accepted 0 of 0, 3 checkpoints
strata serve: decode expert cache hit rate: 28.1% (114 hits / 405 lookups)
strata serve: KV streaming: 98.58% of 8213964 block reads hit VRAM, 468.7 MiB read from RAM
strata serve: prompt 34520 tokens = 34519 reused + 1 read in 3 ms (352.7 tok/s), 1 generated in 44 ms (22.9 tok/s), drafts accepted 0 of 0, 3 checkpoints
strata serve: decode expert cache hit rate: 23.6% (95 hits / 402 lookups)
strata serve: KV streaming: 98.58% of 8220120 block reads hit VRAM, 468.8 MiB read from RAM
strata serve: prompt 34521 tokens = 34520 reused + 1 read in 3 ms (359.1 tok/s), 1 generated in 43 ms (23.3 tok/s), drafts accepted 0 of 0, 3 checkpoints
strata serve: decode expert cache hit rate: 29.7% (122 hits / 411 lookups)
strata serve: KV streaming: 98.58% of 8226288 block reads hit VRAM, 469.2 MiB read from RAM
strata serve: prompt 34522 tokens = 34521 reused + 1 read in 3 ms (359.0 tok/s), 1 generated in 43 ms (23.5 tok/s), drafts accepted 0 of 0, 3 checkpoints
strata serve: decode expert cache hit rate: 21.6% (86 hits / 398 lookups)
strata serve: KV streaming: 98.58% of 8232456 block reads hit VRAM, 469.5 MiB read from RAM
strata serve: prompt 34523 tokens = 34522 reused + 1 read in 3 ms (359.6 tok/s), 1 generated in 42 ms (23.8 tok/s), drafts accepted 0 of 0, 3 checkpoints
strata serve: decode expert cache hit rate: 23.6% (95 hits / 402 lookups)
strata serve: KV streaming: 98.58% of 8238612 block reads hit VRAM, 469.9 MiB read from RAM
strata serve: prompt 34524 tokens = 34523 reused + 1 read in 3 ms (353.3 tok/s), 1 generated in 39 ms (25.9 tok/s), drafts accepted 0 of 0, 3 checkpoints
strata serve: decode expert cache hit rate: 45.5% (193 hits / 424 lookups)
strata serve: KV streaming: 98.58% of 8244768 block reads hit VRAM, 470.1 MiB read from RAM
strata serve: prompt 34525 tokens = 34524 reused + 1 read in 3 ms (360.6 tok/s), 1 generated in 44 ms (22.6 tok/s), drafts accepted 0 of 0, 3 checkpoints
strata serve: decode expert cache hit rate: 25.6% (103 hits / 402 lookups)
strata serve: KV streaming: 98.58% of 8250936 block reads hit VRAM, 470.5 MiB read from RAM
strata serve: prompt 34526 tokens = 34525 reused + 1 read in 3 ms (360.4 tok/s), 1 generated in 40 ms (25.1 tok/s), drafts accepted 0 of 0, 3 checkpoints
strata serve: decode expert cache hit rate: 35.2% (147 hits / 418 lookups)
strata serve: KV streaming: 98.58% of 8257104 block reads hit VRAM, 471.1 MiB read from RAM
strata serve: prompt 34527 tokens = 34526 reused + 1 read in 3 ms (360.2 tok/s), 1 generated in 46 ms (21.8 tok/s), drafts accepted 0 of 0, 3 checkpoints
strata serve: decode expert cache hit rate: 21.5% (86 hits / 400 lookups)
strata serve: KV streaming: 98.58% of 8263260 block reads hit VRAM, 471.4 MiB read from RAM
strata serve: prompt 34528 tokens = 34527 reused + 1 read in 3 ms (359.3 tok/s), 1 generated in 39 ms (25.5 tok/s), drafts accepted 0 of 0, 3 checkpoints
strata serve: decode expert cache hit rate: 39.1% (164 hits / 419 lookups)
strata serve: KV streaming: 98.58% of 8269416 block reads hit VRAM, 471.7 MiB read from RAM
strata serve: prompt 34529 tokens = 34528 reused + 1 read in 3 ms (352.6 tok/s), 1 generated in 45 ms (22.3 tok/s), drafts accepted 0 of 0, 3 checkpoints
strata serve: decode expert cache hit rate: 18.4% (73 hits / 397 lookups)
strata serve: KV streaming: 98.58% of 8275584 block reads hit VRAM, 471.8 MiB read from RAM
strata serve: prompt 34530 tokens = 34529 reused + 1 read in 3 ms (359.7 tok/s), 1 generated in 44 ms (22.9 tok/s), drafts accepted 0 of 0, 3 checkpoints
strata serve: decode expert cache hit rate: 30.2% (122 hits / 404 lookups)
strata serve: KV streaming: 98.59% of 8281752 block reads hit VRAM, 472.0 MiB read from RAM
strata serve: prompt 34531 tokens = 34530 reused + 1 read in 3 ms (355.3 tok/s), 1 generated in 43 ms (23.5 tok/s), drafts accepted 0 of 0, 3 checkpoints
strata serve: decode expert cache hit rate: 24.7% (99 hits / 401 lookups)
strata serve: KV streaming: 98.58% of 8287908 block reads hit VRAM, 472.5 MiB read from RAM
strata serve: prompt 34532 tokens = 34531 reused + 1 read in 3 ms (357.8 tok/s), 1 generated in 41 ms (24.1 tok/s), drafts accepted 0 of 0, 3 checkpoints
strata serve: decode expert cache hit rate: 28.2% (114 hits / 404 lookups)
strata serve: KV streaming: 98.59% of 8294064 block reads hit VRAM, 472.7 MiB read from RAM
strata serve: prompt 34533 tokens = 34532 reused + 1 read in 3 ms (359.5 tok/s), 1 generated in 43 ms (23.1 tok/s), drafts accepted 0 of 0, 3 checkpoints
strata serve: decode expert cache hit rate: 26.8% (108 hits / 403 lookups)
strata serve: KV streaming: 98.59% of 8300232 block reads hit VRAM, 472.9 MiB read from RAM
strata serve: prompt 34534 tokens = 34533 reused + 1 read in 3 ms (360.3 tok/s), 1 generated in 45 ms (22.5 tok/s), drafts accepted 0 of 0, 3 checkpoints
strata serve: decode expert cache hit rate: 20.6% (82 hits / 399 lookups)
strata serve: KV streaming: 98.59% of 8306400 block reads hit VRAM, 472.9 MiB read from RAM
strata serve: prompt 34535 tokens = 34534 reused + 1 read in 3 ms (360.0 tok/s), 1 generated in 42 ms (24.0 tok/s), drafts accepted 0 of 0, 3 checkpoints
strata serve: decode expert cache hit rate: 27.4% (112 hits / 409 lookups)
strata serve: KV streaming: 98.59% of 8312556 block reads hit VRAM, 473.0 MiB read from RAM
strata serve: prompt 34536 tokens = 34535 reused + 1 read in 3 ms (358.5 tok/s), 1 generated in 42 ms (23.8 tok/s), drafts accepted 0 of 0, 3 checkpoints
strata serve: decode expert cache hit rate: 27.7% (112 hits / 405 lookups)
strata serve: KV streaming: 98.59% of 8318712 block reads hit VRAM, 473.1 MiB read from RAM
strata serve: prompt 34537 tokens = 34536 reused + 1 read in 3 ms (360.0 tok/s), 1 generated in 42 ms (23.8 tok/s), drafts accepted 0 of 0, 3 checkpoints
strata serve: decode expert cache hit rate: 24.3% (98 hits / 404 lookups)
strata serve: KV streaming: 98.59% of 8324880 block reads hit VRAM, 473.4 MiB read from RAM
strata serve: prompt 34538 tokens = 34537 reused + 1 read in 3 ms (359.1 tok/s), 1 generated in 43 ms (23.3 tok/s), drafts accepted 0 of 0, 3 checkpoints
strata serve: decode expert cache hit rate: 25.1% (101 hits / 403 lookups)
strata serve: KV streaming: 98.59% of 8331048 block reads hit VRAM, 473.5 MiB read from RAM
strata serve: prompt 34539 tokens = 34538 reused + 1 read in 3 ms (354.0 tok/s), 1 generated in 41 ms (24.4 tok/s), drafts accepted 0 of 0, 3 checkpoints
strata serve: decode expert cache hit rate: 27.7% (112 hits / 405 lookups)
strata serve: KV streaming: 98.59% of 8337204 block reads hit VRAM, 473.5 MiB read from RAM
strata serve: prompt 34540 tokens = 34539 reused + 1 read in 3 ms (359.9 tok/s), 1 generated in 43 ms (23.4 tok/s), drafts accepted 0 of 0, 3 checkpoints
strata serve: decode expert cache hit rate: 25.9% (105 hits / 405 lookups)
strata serve: KV streaming: 98.59% of 8343360 block reads hit VRAM, 473.5 MiB read from RAM
strata serve: prompt 34541 tokens = 34540 reused + 1 read in 3 ms (360.7 tok/s), 1 generated in 42 ms (23.8 tok/s), drafts accepted 0 of 0, 3 checkpoints
strata serve: decode expert cache hit rate: 29.6% (121 hits / 409 lookups)
strata serve: KV streaming: 98.59% of 8349528 block reads hit VRAM, 473.7 MiB read from RAM
strata serve: prompt 34542 tokens = 34541 reused + 1 read in 3 ms (360.0 tok/s), 1 generated in 39 ms (25.3 tok/s), drafts accepted 0 of 0, 3 checkpoints
strata serve: decode expert cache hit rate: 33.4% (137 hits / 410 lookups)
strata serve: KV streaming: 98.59% of 8355696 block reads hit VRAM, 473.7 MiB read from RAM
strata serve: prompt 34543 tokens = 34542 reused + 1 read in 3 ms (360.1 tok/s), 1 generated in 42 ms (23.9 tok/s), drafts accepted 0 of 0, 3 checkpoints
strata serve: decode expert cache hit rate: 22.2% (89 hits / 400 lookups)
strata serve: KV streaming: 98.59% of 8361852 block reads hit VRAM, 473.8 MiB read from RAM
strata serve: prompt 34544 tokens = 34543 reused + 1 read in 3 ms (358.8 tok/s), 1 generated in 42 ms (24.0 tok/s), drafts accepted 0 of 0, 3 checkpoints
strata serve: decode expert cache hit rate: 25.4% (102 hits / 402 lookups)
strata serve: KV streaming: 98.59% of 8368008 block reads hit VRAM, 473.9 MiB read from RAM
strata serve: prompt 34545 tokens = 34544 reused + 1 read in 3 ms (357.0 tok/s), 1 generated in 42 ms (23.9 tok/s), drafts accepted 0 of 0, 3 checkpoints
strata serve: decode expert cache hit rate: 25.2% (101 hits / 401 lookups)
strata serve: KV streaming: 98.60% of 8374176 block reads hit VRAM, 473.9 MiB read from RAM
strata serve: prompt 34546 tokens = 34545 reused + 1 read in 3 ms (359.5 tok/s), 1 generated in 43 ms (23.2 tok/s), drafts accepted 0 of 0, 3 checkpoints
strata serve: decode expert cache hit rate: 32.6% (134 hits / 411 lookups)
strata serve: KV streaming: 98.60% of 8380344 block reads hit VRAM, 474.2 MiB read from RAM
strata serve: prompt 34547 tokens = 34546 reused + 1 read in 3 ms (360.6 tok/s), 1 generated in 43 ms (23.3 tok/s), drafts accepted 0 of 0, 3 checkpoints
strata serve: decode expert cache hit rate: 25.6% (103 hits / 402 lookups)
strata serve: KV streaming: 98.60% of 8386500 block reads hit VRAM, 474.6 MiB read from RAM
strata serve: prompt 34548 tokens = 34547 reused + 1 read in 3 ms (357.7 tok/s), 1 generated in 43 ms (23.3 tok/s), drafts accepted 0 of 0, 3 checkpoints
strata serve: decode expert cache hit rate: 30.0% (122 hits / 406 lookups)
strata serve: KV streaming: 98.60% of 8392656 block reads hit VRAM, 474.7 MiB read from RAM
strata serve: prompt 34549 tokens = 34548 reused + 1 read in 3 ms (358.7 tok/s), 1 generated in 43 ms (23.0 tok/s), drafts accepted 0 of 0, 3 checkpoints
strata serve: decode expert cache hit rate: 30.6% (126 hits / 412 lookups)
strata serve: KV streaming: 98.60% of 8398824 block reads hit VRAM, 474.9 MiB read from RAM
strata serve: prompt 34550 tokens = 34549 reused + 1 read in 3 ms (358.8 tok/s), 1 generated in 46 ms (22.0 tok/s), drafts accepted 0 of 0, 3 checkpoints
strata serve: decode expert cache hit rate: 17.4% (69 hits / 396 lookups)
strata serve: KV streaming: 98.60% of 8404992 block reads hit VRAM, 475.0 MiB read from RAM
strata serve: prompt 34551 tokens = 34550 reused + 1 read in 3 ms (358.2 tok/s), 1 generated in 46 ms (21.8 tok/s), drafts accepted 0 of 0, 3 checkpoints
strata serve: decode expert cache hit rate: 30.1% (123 hits / 409 lookups)
strata serve: KV streaming: 98.60% of 8411148 block reads hit VRAM, 475.2 MiB read from RAM
strata serve: prompt 34552 tokens = 34551 reused + 1 read in 3 ms (357.9 tok/s), 1 generated in 40 ms (25.1 tok/s), drafts accepted 0 of 0, 3 checkpoints
strata serve: decode expert cache hit rate: 41.6% (176 hits / 423 lookups)
strata serve: KV streaming: 98.60% of 8417304 block reads hit VRAM, 475.4 MiB read from RAM
strata serve: prompt 34553 tokens = 34552 reused + 1 read in 3 ms (359.3 tok/s), 1 generated in 46 ms (21.9 tok/s), drafts accepted 0 of 0, 3 checkpoints
strata serve: decode expert cache hit rate: 24.4% (98 hits / 401 lookups)
strata serve: KV streaming: 98.60% of 8423472 block reads hit VRAM, 475.8 MiB read from RAM
strata serve: prompt 34554 tokens = 34553 reused + 1 read in 3 ms (354.1 tok/s), 1 generated in 43 ms (23.4 tok/s), drafts accepted 0 of 0, 3 checkpoints
strata serve: decode expert cache hit rate: 28.0% (114 hits / 407 lookups)
strata serve: KV streaming: 98.60% of 8429640 block reads hit VRAM, 475.9 MiB read from RAM
strata serve: prompt 34555 tokens = 34554 reused + 1 read in 3 ms (359.4 tok/s), 1 generated in 46 ms (21.9 tok/s), drafts accepted 0 of 0, 3 checkpoints
strata serve: decode expert cache hit rate: 25.0% (101 hits / 404 lookups)
strata serve: KV streaming: 98.60% of 8435796 block reads hit VRAM, 476.1 MiB read from RAM
strata serve: prompt 34556 tokens = 34555 reused + 1 read in 3 ms (358.7 tok/s), 1 generated in 47 ms (21.4 tok/s), drafts accepted 0 of 0, 3 checkpoints
strata serve: decode expert cache hit rate: 24.7% (99 hits / 401 lookups)
strata serve: KV streaming: 98.60% of 8441952 block reads hit VRAM, 476.1 MiB read from RAM
strata serve: prompt 34557 tokens = 34556 reused + 1 read in 3 ms (355.3 tok/s), 1 generated in 47 ms (21.4 tok/s), drafts accepted 0 of 0, 3 checkpoints
strata serve: decode expert cache hit rate: 19.6% (78 hits / 398 lookups)
strata serve: KV streaming: 98.60% of 8448120 block reads hit VRAM, 476.2 MiB read from RAM
strata serve: prompt 34558 tokens = 34557 reused + 1 read in 3 ms (359.2 tok/s), 1 generated in 49 ms (20.5 tok/s), drafts accepted 0 of 0, 3 checkpoints
strata serve: decode expert cache hit rate: 18.3% (73 hits / 399 lookups)
strata serve: KV streaming: 98.60% of 8454288 block reads hit VRAM, 476.3 MiB read from RAM
strata serve: prompt 34559 tokens = 34558 reused + 1 read in 3 ms (359.1 tok/s), 1 generated in 52 ms (19.2 tok/s), drafts accepted 0 of 0, 3 checkpoints
strata serve: decode expert cache hit rate: 26.0% (105 hits / 404 lookups)
strata serve: KV streaming: 98.60% of 8460444 block reads hit VRAM, 476.4 MiB read from RAM
strata serve: prompt 34560 tokens = 34559 reused + 1 read in 3 ms (359.2 tok/s), 1 generated in 44 ms (22.8 tok/s), drafts accepted 0 of 0, 3 checkpoints
strata serve: decode expert cache hit rate: 24.8% (100 hits / 404 lookups)
strata serve: KV streaming: 98.60% of 8466600 block reads hit VRAM, 476.4 MiB read from RAM
strata serve: prompt 34561 tokens = 34560 reused + 1 read in 3 ms (359.2 tok/s), 1 generated in 42 ms (23.7 tok/s), drafts accepted 0 of 0, 3 checkpoints
strata serve: decode expert cache hit rate: 36.7% (152 hits / 414 lookups)
strata serve: KV streaming: 98.60% of 8472768 block reads hit VRAM, 476.7 MiB read from RAM
strata serve: prompt 34562 tokens = 34561 reused + 1 read in 3 ms (359.7 tok/s), 1 generated in 45 ms (22.4 tok/s), drafts accepted 0 of 0, 3 checkpoints
strata serve: decode expert cache hit rate: 27.4% (111 hits / 405 lookups)
strata serve: KV streaming: 98.60% of 8478936 block reads hit VRAM, 476.9 MiB read from RAM
strata serve: prompt 34563 tokens = 34562 reused + 1 read in 3 ms (359.8 tok/s), 1 generated in 44 ms (22.8 tok/s), drafts accepted 0 of 0, 3 checkpoints
strata serve: decode expert cache hit rate: 34.8% (143 hits / 411 lookups)
strata serve: KV streaming: 98.60% of 8485092 block reads hit VRAM, 477.4 MiB read from RAM
strata serve: prompt 34564 tokens = 34563 reused + 1 read in 3 ms (359.6 tok/s), 1 generated in 42 ms (23.8 tok/s), drafts accepted 0 of 0, 3 checkpoints
strata serve: decode expert cache hit rate: 38.8% (162 hits / 418 lookups)
strata serve: KV streaming: 98.60% of 8491248 block reads hit VRAM, 477.5 MiB read from RAM
strata serve: prompt 34565 tokens = 34564 reused + 1 read in 3 ms (359.8 tok/s), 1 generated in 44 ms (22.5 tok/s), drafts accepted 0 of 0, 3 checkpoints
strata serve: decode expert cache hit rate: 29.0% (117 hits / 404 lookups)
strata serve: KV streaming: 98.60% of 8497416 block reads hit VRAM, 477.8 MiB read from RAM
strata serve: prompt 34566 tokens = 34565 reused + 1 read in 3 ms (352.4 tok/s), 1 generated in 41 ms (24.3 tok/s), drafts accepted 0 of 0, 3 checkpoints
strata serve: decode expert cache hit rate: 35.4% (146 hits / 413 lookups)
strata serve: KV streaming: 98.60% of 8503584 block reads hit VRAM, 477.9 MiB read from RAM
strata serve: prompt 34567 tokens = 34566 reused + 1 read in 3 ms (359.0 tok/s), 1 generated in 44 ms (23.0 tok/s), drafts accepted 0 of 0, 3 checkpoints
strata serve: decode expert cache hit rate: 30.6% (125 hits / 408 lookups)
strata serve: KV streaming: 98.61% of 8509740 block reads hit VRAM, 478.0 MiB read from RAM
strata serve: prompt 34568 tokens = 34567 reused + 1 read in 3 ms (358.7 tok/s), 1 generated in 44 ms (22.6 tok/s), drafts accepted 0 of 0, 3 checkpoints
strata serve: decode expert cache hit rate: 28.1% (114 hits / 405 lookups)
strata serve: KV streaming: 98.61% of 8515896 block reads hit VRAM, 478.2 MiB read from RAM
strata serve: prompt 34569 tokens = 34568 reused + 1 read in 3 ms (357.9 tok/s), 1 generated in 45 ms (22.2 tok/s), drafts accepted 0 of 0, 3 checkpoints
strata serve: decode expert cache hit rate: 20.7% (83 hits / 401 lookups)
strata serve: KV streaming: 98.61% of 8522064 block reads hit VRAM, 478.4 MiB read from RAM
strata serve: prompt 34570 tokens = 34569 reused + 1 read in 3 ms (357.8 tok/s), 1 generated in 43 ms (23.2 tok/s), drafts accepted 0 of 0, 3 checkpoints
strata serve: decode expert cache hit rate: 24.3% (98 hits / 404 lookups)
strata serve: KV streaming: 98.61% of 8528232 block reads hit VRAM, 478.5 MiB read from RAM
strata serve: prompt 34571 tokens = 34570 reused + 1 read in 3 ms (359.2 tok/s), 1 generated in 44 ms (23.0 tok/s), drafts accepted 0 of 0, 3 checkpoints
strata serve: decode expert cache hit rate: 29.2% (119 hits / 407 lookups)
strata serve: KV streaming: 98.61% of 8534388 block reads hit VRAM, 478.6 MiB read from RAM
strata serve: prompt 34572 tokens = 34571 reused + 1 read in 3 ms (356.8 tok/s), 1 generated in 42 ms (23.8 tok/s), drafts accepted 0 of 0, 3 checkpoints
strata serve: decode expert cache hit rate: 34.9% (145 hits / 415 lookups)
strata serve: KV streaming: 98.61% of 8540544 block reads hit VRAM, 479.0 MiB read from RAM
strata serve: prompt 34573 tokens = 34572 reused + 1 read in 3 ms (359.8 tok/s), 1 generated in 45 ms (22.3 tok/s), drafts accepted 0 of 0, 3 checkpoints
strata serve: decode expert cache hit rate: 24.4% (98 hits / 402 lookups)
strata serve: KV streaming: 98.61% of 8546712 block reads hit VRAM, 479.1 MiB read from RAM
strata serve: prompt 34574 tokens = 34573 reused + 1 read in 3 ms (351.1 tok/s), 1 generated in 42 ms (23.9 tok/s), drafts accepted 0 of 0, 3 checkpoints
strata serve: decode expert cache hit rate: 25.7% (104 hits / 405 lookups)
strata serve: KV streaming: 98.61% of 8552880 block reads hit VRAM, 479.3 MiB read from RAM
strata serve: prompt 34575 tokens = 34574 reused + 1 read in 3 ms (359.2 tok/s), 1 generated in 43 ms (23.5 tok/s), drafts accepted 0 of 0, 3 checkpoints
strata serve: decode expert cache hit rate: 26.8% (108 hits / 403 lookups)
strata serve: KV streaming: 98.61% of 8559036 block reads hit VRAM, 479.5 MiB read from RAM
strata serve: prompt 34576 tokens = 34575 reused + 1 read in 3 ms (360.0 tok/s), 1 generated in 43 ms (23.0 tok/s), drafts accepted 0 of 0, 3 checkpoints
strata serve: decode expert cache hit rate: 33.3% (137 hits / 412 lookups)
strata serve: KV streaming: 98.61% of 8565192 block reads hit VRAM, 479.6 MiB read from RAM
strata serve: prompt 34577 tokens = 34576 reused + 1 read in 3 ms (360.7 tok/s), 1 generated in 43 ms (23.1 tok/s), drafts accepted 0 of 0, 3 checkpoints
strata serve: decode expert cache hit rate: 25.9% (105 hits / 405 lookups)
strata serve: KV streaming: 98.61% of 8571360 block reads hit VRAM, 479.8 MiB read from RAM
strata serve: prompt 34578 tokens = 34577 reused + 1 read in 3 ms (360.3 tok/s), 1 generated in 41 ms (24.4 tok/s), drafts accepted 0 of 0, 3 checkpoints
strata serve: decode expert cache hit rate: 30.0% (123 hits / 410 lookups)
strata serve: KV streaming: 98.61% of 8577528 block reads hit VRAM, 480.2 MiB read from RAM
strata serve: prompt 34579 tokens = 34578 reused + 1 read in 3 ms (360.2 tok/s), 1 generated in 39 ms (25.5 tok/s), drafts accepted 0 of 0, 3 checkpoints
strata serve: decode expert cache hit rate: 44.1% (187 hits / 424 lookups)
strata serve: KV streaming: 98.61% of 8583684 block reads hit VRAM, 480.4 MiB read from RAM
strata serve: prompt 34580 tokens = 34579 reused + 1 read in 3 ms (358.6 tok/s), 1 generated in 41 ms (24.6 tok/s), drafts accepted 0 of 0, 3 checkpoints
strata serve: decode expert cache hit rate: 32.5% (134 hits / 412 lookups)
strata serve: KV streaming: 98.61% of 8589840 block reads hit VRAM, 480.6 MiB read from RAM
strata serve: prompt 34581 tokens = 34580 reused + 1 read in 3 ms (358.5 tok/s), 1 generated in 44 ms (22.9 tok/s), drafts accepted 0 of 0, 3 checkpoints
strata serve: decode expert cache hit rate: 24.6% (99 hits / 402 lookups)
strata serve: KV streaming: 98.61% of 8596008 block reads hit VRAM, 480.8 MiB read from RAM
strata serve: prompt 34582 tokens = 34581 reused + 1 read in 3 ms (357.6 tok/s), 1 generated in 43 ms (23.2 tok/s), drafts accepted 0 of 0, 3 checkpoints
strata serve: decode expert cache hit rate: 34.8% (145 hits / 417 lookups)
strata serve: KV streaming: 98.61% of 8602176 block reads hit VRAM, 481.1 MiB read from RAM
strata serve: prompt 34583 tokens = 34582 reused + 1 read in 3 ms (357.9 tok/s), 1 generated in 39 ms (25.5 tok/s), drafts accepted 0 of 0, 3 checkpoints
strata serve: decode expert cache hit rate: 44.3% (188 hits / 424 lookups)
strata serve: KV streaming: 98.61% of 8608332 block reads hit VRAM, 481.1 MiB read from RAM
strata serve: prompt 34584 tokens = 34583 reused + 1 read in 3 ms (358.3 tok/s), 1 generated in 44 ms (22.9 tok/s), drafts accepted 0 of 0, 3 checkpoints
strata serve: decode expert cache hit rate: 25.2% (101 hits / 401 lookups)
strata serve: KV streaming: 98.61% of 8614488 block reads hit VRAM, 481.4 MiB read from RAM
strata serve: prompt 34585 tokens = 34584 reused + 1 read in 3 ms (357.9 tok/s), 1 generated in 41 ms (24.6 tok/s), drafts accepted 0 of 0, 3 checkpoints
strata serve: decode expert cache hit rate: 30.4% (124 hits / 408 lookups)
strata serve: KV streaming: 98.61% of 8620656 block reads hit VRAM, 481.6 MiB read from RAM
strata serve: prompt 34586 tokens = 34585 reused + 1 read in 3 ms (359.1 tok/s), 1 generated in 41 ms (24.4 tok/s), drafts accepted 0 of 0, 3 checkpoints
strata serve: decode expert cache hit rate: 34.4% (142 hits / 413 lookups)
strata serve: KV streaming: 98.61% of 8626824 block reads hit VRAM, 481.7 MiB read from RAM
strata serve: prompt 34587 tokens = 34586 reused + 1 read in 3 ms (346.6 tok/s), 1 generated in 42 ms (24.0 tok/s), drafts accepted 0 of 0, 3 checkpoints
strata serve: decode expert cache hit rate: 28.0% (113 hits / 404 lookups)
strata serve: KV streaming: 98.61% of 8632980 block reads hit VRAM, 482.1 MiB read from RAM
strata serve: prompt 34588 tokens = 34587 reused + 1 read in 3 ms (358.9 tok/s), 1 generated in 43 ms (23.4 tok/s), drafts accepted 0 of 0, 3 checkpoints
strata serve: decode expert cache hit rate: 29.2% (118 hits / 404 lookups)
strata serve: KV streaming: 98.61% of 8639136 block reads hit VRAM, 482.4 MiB read from RAM
strata serve: prompt 34589 tokens = 34588 reused + 1 read in 3 ms (360.3 tok/s), 1 generated in 43 ms (23.3 tok/s), drafts accepted 0 of 0, 3 checkpoints
strata serve: decode expert cache hit rate: 22.2% (89 hits / 401 lookups)
strata serve: KV streaming: 98.61% of 8645304 block reads hit VRAM, 482.7 MiB read from RAM
strata serve: prompt 34590 tokens = 34589 reused + 1 read in 3 ms (360.2 tok/s), 1 generated in 37 ms (26.8 tok/s), drafts accepted 0 of 0, 3 checkpoints
strata serve: decode expert cache hit rate: 42.2% (179 hits / 424 lookups)
strata serve: KV streaming: 98.61% of 8651472 block reads hit VRAM, 483.0 MiB read from RAM
strata serve: prompt 34591 tokens = 34590 reused + 1 read in 3 ms (359.5 tok/s), 1 generated in 41 ms (24.1 tok/s), drafts accepted 0 of 0, 3 checkpoints
strata serve: decode expert cache hit rate: 26.8% (109 hits / 406 lookups)
strata serve: KV streaming: 98.61% of 8657628 block reads hit VRAM, 483.1 MiB read from RAM
strata serve: prompt 34592 tokens = 34591 reused + 1 read in 3 ms (360.0 tok/s), 1 generated in 39 ms (25.4 tok/s), drafts accepted 0 of 0, 3 checkpoints
strata serve: decode expert cache hit rate: 35.6% (147 hits / 413 lookups)
strata serve: KV streaming: 98.62% of 8663784 block reads hit VRAM, 483.2 MiB read from RAM
strata serve: prompt 34593 tokens = 34592 reused + 1 read in 3 ms (360.6 tok/s), 1 generated in 44 ms (23.0 tok/s), drafts accepted 0 of 0, 3 checkpoints
strata serve: decode expert cache hit rate: 26.0% (105 hits / 404 lookups)
strata serve: KV streaming: 98.62% of 8669952 block reads hit VRAM, 483.4 MiB read from RAM
strata serve: prompt 34594 tokens = 34593 reused + 1 read in 3 ms (359.5 tok/s), 1 generated in 40 ms (25.1 tok/s), drafts accepted 0 of 0, 3 checkpoints
strata serve: decode expert cache hit rate: 39.7% (167 hits / 421 lookups)
strata serve: KV streaming: 98.62% of 8676120 block reads hit VRAM, 483.7 MiB read from RAM
strata serve: prompt 34595 tokens = 34594 reused + 1 read in 3 ms (357.0 tok/s), 1 generated in 40 ms (25.2 tok/s), drafts accepted 0 of 0, 3 checkpoints
strata serve: decode expert cache hit rate: 33.9% (140 hits / 413 lookups)
strata serve: KV streaming: 98.62% of 8682276 block reads hit VRAM, 484.2 MiB read from RAM
strata serve: prompt 34596 tokens = 34595 reused + 1 read in 3 ms (359.1 tok/s), 1 generated in 43 ms (23.4 tok/s), drafts accepted 0 of 0, 3 checkpoints
strata serve: decode expert cache hit rate: 32.1% (131 hits / 408 lookups)
strata serve: KV streaming: 98.61% of 8688432 block reads hit VRAM, 484.9 MiB read from RAM
strata serve: prompt 34597 tokens = 34596 reused + 1 read in 3 ms (358.9 tok/s), 1 generated in 42 ms (23.7 tok/s), drafts accepted 0 of 0, 3 checkpoints
strata serve: decode expert cache hit rate: 24.6% (99 hits / 402 lookups)
strata serve: KV streaming: 98.61% of 8694600 block reads hit VRAM, 485.4 MiB read from RAM
strata serve: prompt 34598 tokens = 34597 reused + 1 read in 3 ms (353.8 tok/s), 1 generated in 41 ms (24.2 tok/s), drafts accepted 0 of 0, 3 checkpoints
strata serve: decode expert cache hit rate: 29.3% (119 hits / 406 lookups)
strata serve: KV streaming: 98.61% of 8700768 block reads hit VRAM, 485.7 MiB read from RAM
strata serve: prompt 34599 tokens = 34598 reused + 1 read in 3 ms (354.5 tok/s), 1 generated in 40 ms (25.2 tok/s), drafts accepted 0 of 0, 3 checkpoints
strata serve: decode expert cache hit rate: 37.5% (158 hits / 421 lookups)
strata serve: KV streaming: 98.61% of 8706924 block reads hit VRAM, 485.9 MiB read from RAM
strata serve: prompt 34600 tokens = 34599 reused + 1 read in 3 ms (360.7 tok/s), 1 generated in 45 ms (22.1 tok/s), drafts accepted 0 of 0, 3 checkpoints
strata serve: decode expert cache hit rate: 25.1% (101 hits / 403 lookups)
strata serve: KV streaming: 98.61% of 8713080 block reads hit VRAM, 486.3 MiB read from RAM
strata serve: prompt 34601 tokens = 34600 reused + 1 read in 3 ms (360.4 tok/s), 1 generated in 45 ms (22.1 tok/s), drafts accepted 0 of 0, 3 checkpoints
strata serve: decode expert cache hit rate: 22.2% (89 hits / 401 lookups)
strata serve: KV streaming: 98.61% of 8719248 block reads hit VRAM, 486.6 MiB read from RAM
strata serve: prompt 34602 tokens = 34601 reused + 1 read in 3 ms (360.5 tok/s), 1 generated in 40 ms (25.0 tok/s), drafts accepted 0 of 0, 3 checkpoints
strata serve: decode expert cache hit rate: 28.0% (114 hits / 407 lookups)
strata serve: KV streaming: 98.61% of 8725416 block reads hit VRAM, 486.8 MiB read from RAM
strata serve: prompt 34603 tokens = 34602 reused + 1 read in 3 ms (359.7 tok/s), 1 generated in 42 ms (24.0 tok/s), drafts accepted 0 of 0, 3 checkpoints
strata serve: decode expert cache hit rate: 27.4% (111 hits / 405 lookups)
strata serve: KV streaming: 98.62% of 8731572 block reads hit VRAM, 487.1 MiB read from RAM
strata serve: prompt 34604 tokens = 34603 reused + 1 read in 3 ms (360.0 tok/s), 1 generated in 43 ms (23.5 tok/s), drafts accepted 0 of 0, 3 checkpoints
strata serve: decode expert cache hit rate: 23.3% (93 hits / 399 lookups)
strata serve: KV streaming: 98.61% of 8737728 block reads hit VRAM, 487.7 MiB read from RAM
strata serve: prompt 34605 tokens = 34604 reused + 1 read in 3 ms (360.1 tok/s), 1 generated in 41 ms (24.3 tok/s), drafts accepted 0 of 0, 3 checkpoints
strata serve: decode expert cache hit rate: 24.8% (100 hits / 403 lookups)
strata serve: KV streaming: 98.61% of 8743896 block reads hit VRAM, 488.2 MiB read from RAM
strata serve: prompt 34606 tokens = 34605 reused + 1 read in 3 ms (359.7 tok/s), 1 generated in 39 ms (25.6 tok/s), drafts accepted 0 of 0, 3 checkpoints
strata serve: decode expert cache hit rate: 34.5% (144 hits / 417 lookups)
strata serve: KV streaming: 98.61% of 8750064 block reads hit VRAM, 488.7 MiB read from RAM
strata serve: prompt 34607 tokens = 34606 reused + 1 read in 3 ms (360.8 tok/s), 1 generated in 44 ms (22.8 tok/s), drafts accepted 0 of 0, 3 checkpoints
strata serve: decode expert cache hit rate: 24.1% (96 hits / 399 lookups)
strata serve: KV streaming: 98.61% of 8756220 block reads hit VRAM, 488.9 MiB read from RAM
strata serve: prompt 34608 tokens = 34607 reused + 1 read in 3 ms (360.5 tok/s), 1 generated in 41 ms (24.7 tok/s), drafts accepted 0 of 0, 3 checkpoints
strata serve: decode expert cache hit rate: 28.3% (115 hits / 407 lookups)
strata serve: KV streaming: 98.61% of 8762376 block reads hit VRAM, 489.0 MiB read from RAM
strata serve: prompt 34609 tokens = 34608 reused + 1 read in 3 ms (357.8 tok/s), 1 generated in 45 ms (22.0 tok/s), drafts accepted 0 of 0, 3 checkpoints
strata serve: decode expert cache hit rate: 25.4% (102 hits / 402 lookups)
strata serve: KV streaming: 98.61% of 8768544 block reads hit VRAM, 489.4 MiB read from RAM
strata serve: prompt 34610 tokens = 34609 reused + 1 read in 3 ms (359.8 tok/s), 1 generated in 43 ms (23.4 tok/s), drafts accepted 0 of 0, 3 checkpoints
strata serve: decode expert cache hit rate: 28.2% (114 hits / 404 lookups)
strata serve: KV streaming: 98.61% of 8774712 block reads hit VRAM, 489.8 MiB read from RAM
strata serve: prompt 34611 tokens = 34610 reused + 1 read in 3 ms (359.7 tok/s), 1 generated in 41 ms (24.2 tok/s), drafts accepted 0 of 0, 3 checkpoints
strata serve: decode expert cache hit rate: 29.2% (119 hits / 408 lookups)
strata serve: KV streaming: 98.61% of 8780868 block reads hit VRAM, 490.3 MiB read from RAM
strata serve: prompt 34612 tokens = 34611 reused + 1 read in 3 ms (360.0 tok/s), 1 generated in 40 ms (25.1 tok/s), drafts accepted 0 of 0, 3 checkpoints
strata serve: decode expert cache hit rate: 39.7% (166 hits / 418 lookups)
strata serve: KV streaming: 98.61% of 8787024 block reads hit VRAM, 490.5 MiB read from RAM
strata serve: prompt 34613 tokens = 34612 reused + 1 read in 3 ms (360.6 tok/s), 1 generated in 42 ms (24.1 tok/s), drafts accepted 0 of 0, 3 checkpoints
strata serve: decode expert cache hit rate: 30.2% (123 hits / 407 lookups)
strata serve: KV streaming: 98.61% of 8793192 block reads hit VRAM, 491.0 MiB read from RAM
strata serve: prompt 34614 tokens = 34613 reused + 1 read in 3 ms (359.9 tok/s), 1 generated in 43 ms (23.2 tok/s), drafts accepted 0 of 0, 3 checkpoints
strata serve: decode expert cache hit rate: 23.0% (92 hits / 400 lookups)
strata serve: KV streaming: 98.61% of 8799360 block reads hit VRAM, 491.4 MiB read from RAM
strata serve: prompt 34615 tokens = 34614 reused + 1 read in 3 ms (360.5 tok/s), 1 generated in 42 ms (23.6 tok/s), drafts accepted 0 of 0, 3 checkpoints
strata serve: decode expert cache hit rate: 27.8% (113 hits / 407 lookups)
strata serve: KV streaming: 98.61% of 8805516 block reads hit VRAM, 491.6 MiB read from RAM
strata serve: prompt 34616 tokens = 34615 reused + 1 read in 3 ms (359.1 tok/s), 1 generated in 40 ms (24.7 tok/s), drafts accepted 0 of 0, 3 checkpoints
strata serve: decode expert cache hit rate: 33.6% (138 hits / 411 lookups)
strata serve: KV streaming: 98.61% of 8811672 block reads hit VRAM, 492.0 MiB read from RAM
strata serve: prompt 34617 tokens = 34616 reused + 1 read in 3 ms (360.3 tok/s), 1 generated in 43 ms (23.2 tok/s), drafts accepted 0 of 0, 3 checkpoints
strata serve: decode expert cache hit rate: 29.9% (121 hits / 405 lookups)
strata serve: KV streaming: 98.61% of 8817840 block reads hit VRAM, 492.6 MiB read from RAM
strata serve: prompt 34618 tokens = 34617 reused + 1 read in 3 ms (358.8 tok/s), 1 generated in 42 ms (23.9 tok/s), drafts accepted 0 of 0, 3 checkpoints
strata serve: decode expert cache hit rate: 26.2% (106 hits / 404 lookups)
strata serve: KV streaming: 98.61% of 8824008 block reads hit VRAM, 493.0 MiB read from RAM
strata serve: prompt 34619 tokens = 34618 reused + 1 read in 3 ms (357.7 tok/s), 1 generated in 42 ms (23.8 tok/s), drafts accepted 0 of 0, 3 checkpoints
strata serve: decode expert cache hit rate: 26.5% (108 hits / 407 lookups)
strata serve: KV streaming: 98.61% of 8830164 block reads hit VRAM, 493.3 MiB read from RAM
strata serve: prompt 34620 tokens = 34619 reused + 1 read in 3 ms (360.7 tok/s), 1 generated in 46 ms (21.7 tok/s), drafts accepted 0 of 0, 3 checkpoints
strata serve: decode expert cache hit rate: 19.8% (79 hits / 398 lookups)
strata serve: KV streaming: 98.61% of 8836320 block reads hit VRAM, 493.4 MiB read from RAM
strata serve: prompt 34621 tokens = 34620 reused + 1 read in 3 ms (360.3 tok/s), 1 generated in 38 ms (26.0 tok/s), drafts accepted 0 of 0, 3 checkpoints
strata serve: decode expert cache hit rate: 41.9% (176 hits / 420 lookups)
strata serve: KV streaming: 98.61% of 8842488 block reads hit VRAM, 493.7 MiB read from RAM
strata serve: prompt 34622 tokens = 34621 reused + 1 read in 3 ms (359.4 tok/s), 1 generated in 42 ms (23.8 tok/s), drafts accepted 0 of 0, 3 checkpoints
strata serve: decode expert cache hit rate: 27.8% (112 hits / 403 lookups)
strata serve: KV streaming: 98.61% of 8848656 block reads hit VRAM, 493.8 MiB read from RAM
strata serve: prompt 34623 tokens = 34622 reused + 1 read in 3 ms (357.6 tok/s), 1 generated in 45 ms (22.4 tok/s), drafts accepted 0 of 0, 3 checkpoints
strata serve: decode expert cache hit rate: 23.9% (96 hits / 401 lookups)
strata serve: KV streaming: 98.61% of 8854812 block reads hit VRAM, 494.2 MiB read from RAM
strata serve: prompt 34624 tokens = 34623 reused + 1 read in 3 ms (357.6 tok/s), 1 generated in 44 ms (22.7 tok/s), drafts accepted 0 of 0, 3 checkpoints
strata serve: decode expert cache hit rate: 24.3% (98 hits / 403 lookups)
strata serve: KV streaming: 98.61% of 8860968 block reads hit VRAM, 494.5 MiB read from RAM
strata serve: prompt 34625 tokens = 34624 reused + 1 read in 3 ms (357.6 tok/s), 1 generated in 42 ms (23.9 tok/s), drafts accepted 0 of 0, 3 checkpoints
strata serve: decode expert cache hit rate: 31.6% (130 hits / 411 lookups)
strata serve: KV streaming: 98.61% of 8867136 block reads hit VRAM, 495.1 MiB read from RAM
strata serve: prompt 34626 tokens = 34625 reused + 1 read in 3 ms (357.3 tok/s), 1 generated in 41 ms (24.1 tok/s), drafts accepted 0 of 0, 3 checkpoints
strata serve: decode expert cache hit rate: 34.0% (139 hits / 409 lookups)
strata serve: KV streaming: 98.61% of 8873304 block reads hit VRAM, 495.6 MiB read from RAM
strata serve: prompt 34627 tokens = 34626 reused + 1 read in 3 ms (358.6 tok/s), 1 generated in 40 ms (24.9 tok/s), drafts accepted 0 of 0, 3 checkpoints
strata serve: decode expert cache hit rate: 36.0% (150 hits / 417 lookups)
strata serve: KV streaming: 98.61% of 8879460 block reads hit VRAM, 496.3 MiB read from RAM
strata serve: prompt 34628 tokens = 34627 reused + 1 read in 3 ms (358.4 tok/s), 1 generated in 74 ms (13.5 tok/s), drafts accepted 0 of 0, 3 checkpoints
strata serve: decode expert cache hit rate: 26.9% (108 hits / 402 lookups)
strata serve: KV streaming: 98.61% of 8885616 block reads hit VRAM, 496.9 MiB read from RAM
strata serve: prompt 34629 tokens = 34628 reused + 1 read in 3 ms (358.9 tok/s), 1 generated in 39 ms (25.7 tok/s), drafts accepted 0 of 0, 3 checkpoints
strata serve: decode expert cache hit rate: 42.9% (180 hits / 420 lookups)
strata serve: KV streaming: 98.61% of 8891784 block reads hit VRAM, 497.3 MiB read from RAM
strata serve: prompt 34630 tokens = 34629 reused + 1 read in 3 ms (357.5 tok/s), 1 generated in 43 ms (23.2 tok/s), drafts accepted 0 of 0, 3 checkpoints
strata serve: decode expert cache hit rate: 24.9% (100 hits / 402 lookups)
strata serve: KV streaming: 98.61% of 8897952 block reads hit VRAM, 497.9 MiB read from RAM
strata serve: prompt 34631 tokens = 34630 reused + 1 read in 3 ms (357.6 tok/s), 1 generated in 44 ms (22.7 tok/s), drafts accepted 0 of 0, 3 checkpoints
strata serve: decode expert cache hit rate: 21.1% (84 hits / 399 lookups)
strata serve: KV streaming: 98.61% of 8904108 block reads hit VRAM, 498.4 MiB read from RAM
strata serve: prompt 34632 tokens = 34631 reused + 1 read in 3 ms (359.4 tok/s), 1 generated in 42 ms (23.7 tok/s), drafts accepted 0 of 0, 3 checkpoints
strata serve: decode expert cache hit rate: 23.3% (94 hits / 404 lookups)
strata serve: KV streaming: 98.61% of 8910264 block reads hit VRAM, 498.7 MiB read from RAM
strata serve: prompt 34633 tokens = 34632 reused + 1 read in 3 ms (359.5 tok/s), 1 generated in 42 ms (24.0 tok/s), drafts accepted 0 of 0, 3 checkpoints
strata serve: decode expert cache hit rate: 27.7% (112 hits / 404 lookups)
strata serve: KV streaming: 98.61% of 8916432 block reads hit VRAM, 498.8 MiB read from RAM
strata serve: prompt 34634 tokens = 34633 reused + 1 read in 3 ms (359.9 tok/s), 1 generated in 43 ms (23.4 tok/s), drafts accepted 0 of 0, 3 checkpoints
strata serve: decode expert cache hit rate: 22.1% (89 hits / 402 lookups)
strata serve: KV streaming: 98.61% of 8922600 block reads hit VRAM, 499.4 MiB read from RAM
strata serve: prompt 34635 tokens = 34634 reused + 1 read in 3 ms (360.9 tok/s), 1 generated in 44 ms (22.8 tok/s), drafts accepted 0 of 0, 3 checkpoints
strata serve: decode expert cache hit rate: 24.1% (97 hits / 402 lookups)
strata serve: KV streaming: 98.61% of 8928756 block reads hit VRAM, 500.1 MiB read from RAM
strata serve: prompt 34636 tokens = 34635 reused + 1 read in 3 ms (360.5 tok/s), 1 generated in 42 ms (23.6 tok/s), drafts accepted 0 of 0, 3 checkpoints
strata serve: decode expert cache hit rate: 26.1% (105 hits / 402 lookups)
strata serve: KV streaming: 98.61% of 8934912 block reads hit VRAM, 500.2 MiB read from RAM
strata serve: prompt 34637 tokens = 34636 reused + 1 read in 3 ms (360.1 tok/s), 1 generated in 42 ms (23.8 tok/s), drafts accepted 0 of 0, 3 checkpoints
strata serve: decode expert cache hit rate: 23.5% (94 hits / 400 lookups)
strata serve: KV streaming: 98.61% of 8941080 block reads hit VRAM, 500.9 MiB read from RAM
strata serve: prompt 34638 tokens = 34637 reused + 1 read in 3 ms (359.5 tok/s), 1 generated in 41 ms (24.2 tok/s), drafts accepted 0 of 0, 3 checkpoints
strata serve: decode expert cache hit rate: 28.1% (114 hits / 406 lookups)
strata serve: KV streaming: 98.61% of 8947248 block reads hit VRAM, 501.3 MiB read from RAM
strata serve: prompt 34639 tokens = 34638 reused + 1 read in 3 ms (358.5 tok/s), 1 generated in 42 ms (24.1 tok/s), drafts accepted 0 of 0, 3 checkpoints
strata serve: decode expert cache hit rate: 30.1% (122 hits / 405 lookups)
strata serve: KV streaming: 98.61% of 8953404 block reads hit VRAM, 501.6 MiB read from RAM
strata serve: prompt 34640 tokens = 34639 reused + 1 read in 3 ms (359.7 tok/s), 1 generated in 41 ms (24.1 tok/s), drafts accepted 0 of 0, 3 checkpoints
strata serve: decode expert cache hit rate: 26.2% (106 hits / 405 lookups)
strata serve: KV streaming: 98.61% of 8959560 block reads hit VRAM, 502.1 MiB read from RAM
strata serve: prompt 34641 tokens = 34640 reused + 1 read in 3 ms (358.7 tok/s), 1 generated in 42 ms (23.8 tok/s), drafts accepted 0 of 0, 3 checkpoints
strata serve: decode expert cache hit rate: 30.8% (125 hits / 406 lookups)
strata serve: KV streaming: 98.61% of 8965728 block reads hit VRAM, 502.6 MiB read from RAM
strata serve: prompt 34642 tokens = 34641 reused + 1 read in 3 ms (360.4 tok/s), 1 generated in 43 ms (23.1 tok/s), drafts accepted 0 of 0, 3 checkpoints
strata serve: decode expert cache hit rate: 28.0% (114 hits / 407 lookups)
strata serve: KV streaming: 98.61% of 8971896 block reads hit VRAM, 502.8 MiB read from RAM
strata serve: prompt 34643 tokens = 34642 reused + 1 read in 3 ms (360.3 tok/s), 1 generated in 42 ms (23.7 tok/s), drafts accepted 0 of 0, 3 checkpoints
strata serve: decode expert cache hit rate: 28.5% (115 hits / 403 lookups)
strata serve: KV streaming: 98.61% of 8978052 block reads hit VRAM, 503.0 MiB read from RAM
strata serve: prompt 34644 tokens = 34643 reused + 1 read in 3 ms (360.5 tok/s), 1 generated in 43 ms (23.3 tok/s), drafts accepted 0 of 0, 3 checkpoints
strata serve: decode expert cache hit rate: 20.9% (83 hits / 397 lookups)
strata serve: KV streaming: 98.61% of 8984208 block reads hit VRAM, 503.5 MiB read from RAM
strata serve: prompt 34645 tokens = 34644 reused + 1 read in 3 ms (359.3 tok/s), 1 generated in 39 ms (25.6 tok/s), drafts accepted 0 of 0, 3 checkpoints
strata serve: decode expert cache hit rate: 39.4% (165 hits / 419 lookups)
strata serve: KV streaming: 98.61% of 8990376 block reads hit VRAM, 503.7 MiB read from RAM
strata serve: prompt 34646 tokens = 34645 reused + 1 read in 3 ms (360.2 tok/s), 1 generated in 41 ms (24.1 tok/s), drafts accepted 0 of 0, 3 checkpoints
strata serve: decode expert cache hit rate: 27.2% (110 hits / 405 lookups)
strata serve: KV streaming: 98.61% of 8996544 block reads hit VRAM, 503.8 MiB read from RAM
strata serve: prompt 34647 tokens = 34646 reused + 1 read in 3 ms (359.8 tok/s), 1 generated in 43 ms (23.1 tok/s), drafts accepted 0 of 0, 3 checkpoints
strata serve: decode expert cache hit rate: 29.1% (119 hits / 409 lookups)
strata serve: KV streaming: 98.61% of 9002700 block reads hit VRAM, 504.1 MiB read from RAM
strata serve: prompt 34648 tokens = 34647 reused + 1 read in 3 ms (360.2 tok/s), 1 generated in 44 ms (22.9 tok/s), drafts accepted 0 of 0, 3 checkpoints
strata serve: decode expert cache hit rate: 29.7% (121 hits / 407 lookups)
strata serve: KV streaming: 98.61% of 9008856 block reads hit VRAM, 504.2 MiB read from RAM
strata serve: prompt 34649 tokens = 34648 reused + 1 read in 3 ms (361.2 tok/s), 1 generated in 46 ms (21.5 tok/s), drafts accepted 0 of 0, 3 checkpoints
strata serve: decode expert cache hit rate: 19.3% (77 hits / 398 lookups)
strata serve: KV streaming: 98.61% of 9015024 block reads hit VRAM, 504.5 MiB read from RAM
strata serve: prompt 34650 tokens = 34649 reused + 1 read in 3 ms (360.5 tok/s), 1 generated in 46 ms (21.5 tok/s), drafts accepted 0 of 0, 3 checkpoints
strata serve: decode expert cache hit rate: 21.3% (85 hits / 399 lookups)
strata serve: KV streaming: 98.61% of 9021192 block reads hit VRAM, 504.6 MiB read from RAM
strata serve: prompt 34651 tokens = 34650 reused + 1 read in 3 ms (360.2 tok/s), 1 generated in 44 ms (22.5 tok/s), drafts accepted 0 of 0, 3 checkpoints
strata serve: decode expert cache hit rate: 23.5% (95 hits / 404 lookups)
strata serve: KV streaming: 98.61% of 9027348 block reads hit VRAM, 504.7 MiB read from RAM
strata serve: prompt 34652 tokens = 34651 reused + 1 read in 3 ms (359.9 tok/s), 1 generated in 41 ms (24.2 tok/s), drafts accepted 0 of 0, 3 checkpoints
strata serve: decode expert cache hit rate: 27.1% (110 hits / 406 lookups)
strata serve: KV streaming: 98.61% of 9033504 block reads hit VRAM, 504.9 MiB read from RAM
strata serve: prompt 34653 tokens = 34652 reused + 1 read in 3 ms (359.7 tok/s), 1 generated in 39 ms (25.8 tok/s), drafts accepted 0 of 0, 3 checkpoints
strata serve: decode expert cache hit rate: 38.5% (160 hits / 416 lookups)
strata serve: KV streaming: 98.61% of 9039672 block reads hit VRAM, 505.3 MiB read from RAM
strata serve: prompt 34654 tokens = 34653 reused + 1 read in 3 ms (357.8 tok/s), 1 generated in 46 ms (21.9 tok/s), drafts accepted 0 of 0, 3 checkpoints
strata serve: decode expert cache hit rate: 24.8% (99 hits / 400 lookups)
strata serve: KV streaming: 98.61% of 9045840 block reads hit VRAM, 505.5 MiB read from RAM
strata serve: prompt 34655 tokens = 34654 reused + 1 read in 3 ms (359.0 tok/s), 1 generated in 40 ms (24.8 tok/s), drafts accepted 0 of 0, 3 checkpoints
strata serve: decode expert cache hit rate: 29.3% (118 hits / 403 lookups)
strata serve: KV streaming: 98.61% of 9051996 block reads hit VRAM, 505.6 MiB read from RAM
strata serve: prompt 34656 tokens = 34655 reused + 1 read in 3 ms (360.0 tok/s), 1 generated in 41 ms (24.6 tok/s), drafts accepted 0 of 0, 3 checkpoints
strata serve: decode expert cache hit rate: 32.5% (133 hits / 409 lookups)
strata serve: KV streaming: 98.61% of 9058152 block reads hit VRAM, 506.5 MiB read from RAM
strata serve: prompt 34657 tokens = 34656 reused + 1 read in 3 ms (360.3 tok/s), 1 generated in 45 ms (22.3 tok/s), drafts accepted 0 of 0, 3 checkpoints
strata serve: decode expert cache hit rate: 22.8% (91 hits / 400 lookups)
strata serve: KV streaming: 98.61% of 9064320 block reads hit VRAM, 507.1 MiB read from RAM
strata serve: prompt 34658 tokens = 34657 reused + 1 read in 3 ms (360.4 tok/s), 1 generated in 42 ms (23.7 tok/s), drafts accepted 0 of 0, 3 checkpoints
strata serve: decode expert cache hit rate: 32.7% (132 hits / 404 lookups)
strata serve: KV streaming: 98.61% of 9070488 block reads hit VRAM, 507.3 MiB read from RAM
strata serve: prompt 34659 tokens = 34658 reused + 1 read in 3 ms (360.7 tok/s), 1 generated in 42 ms (23.8 tok/s), drafts accepted 0 of 0, 3 checkpoints
strata serve: decode expert cache hit rate: 28.1% (114 hits / 405 lookups)
strata serve: KV streaming: 98.61% of 9076644 block reads hit VRAM, 507.4 MiB read from RAM
strata serve: prompt 34660 tokens = 34659 reused + 1 read in 3 ms (359.0 tok/s), 1 generated in 42 ms (23.9 tok/s), drafts accepted 0 of 0, 3 checkpoints
strata serve: decode expert cache hit rate: 27.5% (112 hits / 408 lookups)
strata serve: KV streaming: 98.61% of 9082800 block reads hit VRAM, 507.5 MiB read from RAM
strata serve: prompt 34661 tokens = 34660 reused + 1 read in 3 ms (359.5 tok/s), 1 generated in 43 ms (23.3 tok/s), drafts accepted 0 of 0, 3 checkpoints
strata serve: decode expert cache hit rate: 24.2% (97 hits / 400 lookups)
strata serve: KV streaming: 98.61% of 9088968 block reads hit VRAM, 507.7 MiB read from RAM
strata serve: prompt 34662 tokens = 34661 reused + 1 read in 3 ms (354.9 tok/s), 1 generated in 42 ms (23.6 tok/s), drafts accepted 0 of 0, 3 checkpoints
strata serve: decode expert cache hit rate: 23.5% (94 hits / 400 lookups)
strata serve: KV streaming: 98.61% of 9095136 block reads hit VRAM, 507.8 MiB read from RAM
strata serve: prompt 34663 tokens = 34662 reused + 1 read in 3 ms (356.9 tok/s), 1 generated in 43 ms (23.5 tok/s), drafts accepted 0 of 0, 3 checkpoints
strata serve: decode expert cache hit rate: 26.0% (105 hits / 404 lookups)
strata serve: KV streaming: 98.61% of 9101292 block reads hit VRAM, 507.9 MiB read from RAM
strata serve: prompt 34664 tokens = 34663 reused + 1 read in 3 ms (360.8 tok/s), 1 generated in 45 ms (22.1 tok/s), drafts accepted 0 of 0, 3 checkpoints
strata serve: decode expert cache hit rate: 27.8% (113 hits / 407 lookups)
strata serve: KV streaming: 98.62% of 9107448 block reads hit VRAM, 507.9 MiB read from RAM
strata serve: prompt 34665 tokens = 34664 reused + 1 read in 3 ms (356.4 tok/s), 1 generated in 47 ms (21.3 tok/s), drafts accepted 0 of 0, 3 checkpoints
strata serve: decode expert cache hit rate: 24.1% (97 hits / 402 lookups)
strata serve: KV streaming: 98.62% of 9113616 block reads hit VRAM, 508.0 MiB read from RAM
strata serve: prompt 34666 tokens = 34665 reused + 1 read in 3 ms (360.2 tok/s), 1 generated in 43 ms (23.2 tok/s), drafts accepted 0 of 0, 3 checkpoints
strata serve: decode expert cache hit rate: 25.7% (104 hits / 404 lookups)
strata serve: KV streaming: 98.62% of 9119784 block reads hit VRAM, 508.4 MiB read from RAM
strata serve: prompt 34667 tokens = 34666 reused + 1 read in 3 ms (360.6 tok/s), 1 generated in 46 ms (21.8 tok/s), drafts accepted 0 of 0, 3 checkpoints
strata serve: decode expert cache hit rate: 31.2% (127 hits / 407 lookups)
strata serve: KV streaming: 98.62% of 9125940 block reads hit VRAM, 508.8 MiB read from RAM
strata serve: prompt 34668 tokens = 34667 reused + 1 read in 3 ms (357.9 tok/s), 1 generated in 41 ms (24.2 tok/s), drafts accepted 0 of 0, 3 checkpoints
strata serve: decode expert cache hit rate: 28.8% (116 hits / 403 lookups)
strata serve: KV streaming: 98.62% of 9132096 block reads hit VRAM, 509.1 MiB read from RAM
strata serve: prompt 34669 tokens = 34668 reused + 1 read in 3 ms (335.8 tok/s), 1 generated in 42 ms (23.9 tok/s), drafts accepted 0 of 0, 3 checkpoints
strata serve: decode expert cache hit rate: 30.0% (123 hits / 410 lookups)
strata serve: KV streaming: 98.62% of 9138264 block reads hit VRAM, 509.6 MiB read from RAM
strata serve: prompt 34670 tokens = 34669 reused + 1 read in 3 ms (359.7 tok/s), 1 generated in 43 ms (23.5 tok/s), drafts accepted 0 of 0, 3 checkpoints
strata serve: decode expert cache hit rate: 22.8% (91 hits / 400 lookups)
strata serve: KV streaming: 98.62% of 9144432 block reads hit VRAM, 509.9 MiB read from RAM
strata serve: prompt 34671 tokens = 34670 reused + 1 read in 3 ms (354.1 tok/s), 1 generated in 42 ms (23.9 tok/s), drafts accepted 0 of 0, 3 checkpoints
strata serve: decode expert cache hit rate: 27.7% (112 hits / 404 lookups)
strata serve: KV streaming: 98.62% of 9150588 block reads hit VRAM, 510.2 MiB read from RAM
strata serve: prompt 34672 tokens = 34671 reused + 1 read in 3 ms (359.9 tok/s), 1 generated in 41 ms (24.3 tok/s), drafts accepted 0 of 0, 3 checkpoints
strata serve: decode expert cache hit rate: 31.9% (131 hits / 411 lookups)
strata serve: KV streaming: 98.62% of 9156744 block reads hit VRAM, 510.3 MiB read from RAM
strata serve: prompt 34673 tokens = 34672 reused + 1 read in 3 ms (360.1 tok/s), 1 generated in 43 ms (23.2 tok/s), drafts accepted 0 of 0, 3 checkpoints
strata serve: decode expert cache hit rate: 22.5% (90 hits / 400 lookups)
strata serve: KV streaming: 98.62% of 9162912 block reads hit VRAM, 510.8 MiB read from RAM
strata serve: prompt 34674 tokens = 34673 reused + 1 read in 3 ms (360.5 tok/s), 1 generated in 43 ms (23.1 tok/s), drafts accepted 0 of 0, 3 checkpoints
strata serve: decode expert cache hit rate: 22.8% (91 hits / 400 lookups)
strata serve: KV streaming: 98.62% of 9169080 block reads hit VRAM, 511.1 MiB read from RAM
strata serve: prompt 34675 tokens = 34674 reused + 1 read in 3 ms (356.4 tok/s), 1 generated in 43 ms (23.0 tok/s), drafts accepted 0 of 0, 3 checkpoints
strata serve: decode expert cache hit rate: 28.8% (117 hits / 406 lookups)
strata serve: KV streaming: 98.62% of 9175236 block reads hit VRAM, 511.4 MiB read from RAM
strata serve: prompt 34676 tokens = 34675 reused + 1 read in 3 ms (360.7 tok/s), 1 generated in 41 ms (24.5 tok/s), drafts accepted 0 of 0, 3 checkpoints
strata serve: decode expert cache hit rate: 28.6% (116 hits / 406 lookups)
strata serve: KV streaming: 98.62% of 9181392 block reads hit VRAM, 511.7 MiB read from RAM
strata serve: prompt 34677 tokens = 34676 reused + 1 read in 3 ms (359.8 tok/s), 1 generated in 39 ms (25.6 tok/s), drafts accepted 0 of 0, 3 checkpoints
strata serve: decode expert cache hit rate: 40.1% (168 hits / 419 lookups)
strata serve: KV streaming: 98.62% of 9187560 block reads hit VRAM, 512.1 MiB read from RAM
strata serve: prompt 34678 tokens = 34677 reused + 1 read in 3 ms (359.0 tok/s), 1 generated in 40 ms (25.3 tok/s), drafts accepted 0 of 0, 3 checkpoints
strata serve: decode expert cache hit rate: 33.7% (139 hits / 412 lookups)
strata serve: KV streaming: 98.62% of 9193728 block reads hit VRAM, 512.4 MiB read from RAM
strata serve: prompt 34679 tokens = 34678 reused + 1 read in 3 ms (360.1 tok/s), 1 generated in 40 ms (25.1 tok/s), drafts accepted 0 of 0, 3 checkpoints
strata serve: decode expert cache hit rate: 32.8% (134 hits / 408 lookups)
strata serve: KV streaming: 98.62% of 9199884 block reads hit VRAM, 512.6 MiB read from RAM
strata serve: prompt 34680 tokens = 34679 reused + 1 read in 3 ms (354.6 tok/s), 1 generated in 41 ms (24.6 tok/s), drafts accepted 0 of 0, 3 checkpoints
strata serve: decode expert cache hit rate: 29.6% (120 hits / 406 lookups)
strata serve: KV streaming: 98.62% of 9206040 block reads hit VRAM, 512.8 MiB read from RAM
strata serve: prompt 34681 tokens = 34680 reused + 1 read in 3 ms (360.9 tok/s), 1 generated in 44 ms (22.9 tok/s), drafts accepted 0 of 0, 3 checkpoints
strata serve: decode expert cache hit rate: 27.7% (112 hits / 404 lookups)
strata serve: KV streaming: 98.62% of 9212208 block reads hit VRAM, 513.1 MiB read from RAM
strata serve: prompt 34682 tokens = 34681 reused + 1 read in 3 ms (359.9 tok/s), 1 generated in 38 ms (26.0 tok/s), drafts accepted 0 of 0, 3 checkpoints
strata serve: decode expert cache hit rate: 36.6% (152 hits / 415 lookups)
strata serve: KV streaming: 98.62% of 9218376 block reads hit VRAM, 513.3 MiB read from RAM
strata serve: prompt 34683 tokens = 34682 reused + 1 read in 3 ms (359.2 tok/s), 1 generated in 40 ms (24.7 tok/s), drafts accepted 0 of 0, 3 checkpoints
strata serve: decode expert cache hit rate: 32.5% (134 hits / 412 lookups)
strata serve: KV streaming: 98.62% of 9224532 block reads hit VRAM, 513.5 MiB read from RAM
strata serve: prompt 34684 tokens = 34683 reused + 1 read in 3 ms (359.8 tok/s), 1 generated in 40 ms (24.7 tok/s), drafts accepted 0 of 0, 3 checkpoints
strata serve: decode expert cache hit rate: 34.7% (144 hits / 415 lookups)
strata serve: KV streaming: 98.62% of 9230688 block reads hit VRAM, 513.7 MiB read from RAM
strata serve: prompt 34685 tokens = 34684 reused + 1 read in 3 ms (360.0 tok/s), 1 generated in 39 ms (25.7 tok/s), drafts accepted 0 of 0, 3 checkpoints
strata serve: decode expert cache hit rate: 39.6% (167 hits / 422 lookups)
strata serve: KV streaming: 98.62% of 9236856 block reads hit VRAM, 513.9 MiB read from RAM
strata serve: prompt 34686 tokens = 34685 reused + 1 read in 3 ms (360.6 tok/s), 1 generated in 44 ms (23.0 tok/s), drafts accepted 0 of 0, 3 checkpoints
strata serve: decode expert cache hit rate: 28.6% (116 hits / 406 lookups)
strata serve: KV streaming: 98.62% of 9243024 block reads hit VRAM, 514.2 MiB read from RAM
strata serve: prompt 34687 tokens = 34686 reused + 1 read in 3 ms (360.8 tok/s), 1 generated in 41 ms (24.5 tok/s), drafts accepted 0 of 0, 3 checkpoints
strata serve: decode expert cache hit rate: 28.1% (114 hits / 406 lookups)
strata serve: KV streaming: 98.62% of 9249180 block reads hit VRAM, 514.4 MiB read from RAM
strata serve: prompt 34688 tokens = 34687 reused + 1 read in 3 ms (360.5 tok/s), 1 generated in 42 ms (24.1 tok/s), drafts accepted 0 of 0, 3 checkpoints
strata serve: decode expert cache hit rate: 26.1% (105 hits / 403 lookups)
strata serve: KV streaming: 98.62% of 9255336 block reads hit VRAM, 514.6 MiB read from RAM
strata serve: prompt 34689 tokens = 34688 reused + 1 read in 3 ms (356.2 tok/s), 1 generated in 45 ms (22.4 tok/s), drafts accepted 0 of 0, 3 checkpoints
strata serve: decode expert cache hit rate: 22.6% (91 hits / 402 lookups)
strata serve: KV streaming: 98.62% of 9261504 block reads hit VRAM, 515.1 MiB read from RAM
strata serve: prompt 34690 tokens = 34689 reused + 1 read in 3 ms (358.5 tok/s), 1 generated in 44 ms (22.7 tok/s), drafts accepted 0 of 0, 3 checkpoints
strata serve: decode expert cache hit rate: 23.3% (94 hits / 403 lookups)
strata serve: KV streaming: 98.62% of 9267672 block reads hit VRAM, 515.2 MiB read from RAM
strata serve: prompt 34691 tokens = 34690 reused + 1 read in 3 ms (359.4 tok/s), 1 generated in 43 ms (23.3 tok/s), drafts accepted 0 of 0, 3 checkpoints
strata serve: decode expert cache hit rate: 21.7% (87 hits / 401 lookups)
strata serve: KV streaming: 98.62% of 9273828 block reads hit VRAM, 515.4 MiB read from RAM
strata serve: prompt 34692 tokens = 34691 reused + 1 read in 3 ms (359.3 tok/s), 1 generated in 39 ms (25.5 tok/s), drafts accepted 0 of 0, 3 checkpoints
strata serve: decode expert cache hit rate: 27.7% (111 hits / 401 lookups)
strata serve: KV streaming: 98.62% of 9279984 block reads hit VRAM, 515.6 MiB read from RAM
strata serve: prompt 34693 tokens = 34692 reused + 1 read in 3 ms (360.3 tok/s), 1 generated in 41 ms (24.3 tok/s), drafts accepted 0 of 0, 3 checkpoints
strata serve: decode expert cache hit rate: 28.3% (115 hits / 406 lookups)
strata serve: KV streaming: 98.62% of 9286152 block reads hit VRAM, 515.8 MiB read from RAM
strata serve: prompt 34694 tokens = 34693 reused + 1 read in 3 ms (360.5 tok/s), 1 generated in 43 ms (23.2 tok/s), drafts accepted 0 of 0, 3 checkpoints
strata serve: decode expert cache hit rate: 26.7% (108 hits / 404 lookups)
strata serve: KV streaming: 98.62% of 9292320 block reads hit VRAM, 515.9 MiB read from RAM
strata serve: prompt 34695 tokens = 34694 reused + 1 read in 3 ms (360.7 tok/s), 1 generated in 42 ms (23.6 tok/s), drafts accepted 0 of 0, 3 checkpoints
strata serve: decode expert cache hit rate: 28.8% (117 hits / 406 lookups)
strata serve: KV streaming: 98.62% of 9298476 block reads hit VRAM, 515.9 MiB read from RAM
strata serve: prompt 34696 tokens = 34695 reused + 1 read in 3 ms (360.2 tok/s), 1 generated in 44 ms (22.7 tok/s), drafts accepted 0 of 0, 3 checkpoints
strata serve: decode expert cache hit rate: 26.1% (106 hits / 406 lookups)
strata serve: KV streaming: 98.62% of 9304632 block reads hit VRAM, 516.0 MiB read from RAM
strata serve: prompt 34697 tokens = 34696 reused + 1 read in 3 ms (359.3 tok/s), 1 generated in 42 ms (24.0 tok/s), drafts accepted 0 of 0, 3 checkpoints
strata serve: decode expert cache hit rate: 28.3% (115 hits / 407 lookups)
strata serve: KV streaming: 98.62% of 9310800 block reads hit VRAM, 516.2 MiB read from RAM
strata serve: prompt 34698 tokens = 34697 reused + 1 read in 3 ms (359.4 tok/s), 1 generated in 41 ms (24.2 tok/s), drafts accepted 0 of 0, 3 checkpoints
strata serve: decode expert cache hit rate: 29.0% (118 hits / 407 lookups)
strata serve: KV streaming: 98.62% of 9316968 block reads hit VRAM, 516.4 MiB read from RAM
strata serve: prompt 34699 tokens = 34698 reused + 1 read in 3 ms (359.7 tok/s), 1 generated in 39 ms (25.7 tok/s), drafts accepted 0 of 0, 3 checkpoints
strata serve: decode expert cache hit rate: 32.9% (135 hits / 410 lookups)
strata serve: KV streaming: 98.63% of 9323124 block reads hit VRAM, 516.4 MiB read from RAM
strata serve: prompt 34700 tokens = 34699 reused + 1 read in 3 ms (358.5 tok/s), 1 generated in 40 ms (24.9 tok/s), drafts accepted 0 of 0, 3 checkpoints
strata serve: decode expert cache hit rate: 32.6% (134 hits / 411 lookups)
strata serve: KV streaming: 98.63% of 9329280 block reads hit VRAM, 516.5 MiB read from RAM
strata serve: prompt 34701 tokens = 34700 reused + 1 read in 3 ms (360.2 tok/s), 1 generated in 40 ms (24.9 tok/s), drafts accepted 0 of 0, 3 checkpoints
strata serve: decode expert cache hit rate: 39.3% (164 hits / 417 lookups)
strata serve: KV streaming: 98.63% of 9335448 block reads hit VRAM, 516.5 MiB read from RAM
strata serve: prompt 34702 tokens = 34701 reused + 1 read in 3 ms (359.4 tok/s), 1 generated in 42 ms (23.6 tok/s), drafts accepted 0 of 0, 3 checkpoints
strata serve: decode expert cache hit rate: 27.2% (109 hits / 401 lookups)
strata serve: KV streaming: 98.63% of 9341616 block reads hit VRAM, 516.6 MiB read from RAM
strata serve: prompt 34703 tokens = 34702 reused + 1 read in 3 ms (358.3 tok/s), 1 generated in 43 ms (23.3 tok/s), drafts accepted 0 of 0, 3 checkpoints
strata serve: decode expert cache hit rate: 23.9% (96 hits / 401 lookups)
strata serve: KV streaming: 98.63% of 9347772 block reads hit VRAM, 516.7 MiB read from RAM
strata serve: prompt 34704 tokens = 34703 reused + 1 read in 3 ms (358.6 tok/s), 1 generated in 46 ms (21.9 tok/s), drafts accepted 0 of 0, 3 checkpoints
strata serve: decode expert cache hit rate: 25.7% (104 hits / 405 lookups)
strata serve: KV streaming: 98.63% of 9353928 block reads hit VRAM, 516.8 MiB read from RAM
strata serve: prompt 34705 tokens = 34704 reused + 1 read in 3 ms (354.6 tok/s), 1 generated in 46 ms (21.6 tok/s), drafts accepted 0 of 0, 3 checkpoints
strata serve: decode expert cache hit rate: 24.9% (101 hits / 405 lookups)
strata serve: KV streaming: 98.63% of 9360096 block reads hit VRAM, 516.9 MiB read from RAM
strata serve: prompt 34706 tokens = 34705 reused + 1 read in 3 ms (358.3 tok/s), 1 generated in 43 ms (23.1 tok/s), drafts accepted 0 of 0, 3 checkpoints
strata serve: decode expert cache hit rate: 22.6% (90 hits / 399 lookups)
strata serve: KV streaming: 98.63% of 9366264 block reads hit VRAM, 517.2 MiB read from RAM
strata serve: prompt 34707 tokens = 34706 reused + 1 read in 3 ms (360.6 tok/s), 1 generated in 42 ms (23.8 tok/s), drafts accepted 0 of 0, 3 checkpoints
strata serve: decode expert cache hit rate: 26.9% (109 hits / 405 lookups)
strata serve: KV streaming: 98.63% of 9372420 block reads hit VRAM, 517.4 MiB read from RAM
strata serve: prompt 34708 tokens = 34707 reused + 1 read in 3 ms (357.8 tok/s), 1 generated in 41 ms (24.6 tok/s), drafts accepted 0 of 0, 3 checkpoints
strata serve: decode expert cache hit rate: 35.5% (147 hits / 414 lookups)
strata serve: KV streaming: 98.63% of 9378576 block reads hit VRAM, 517.5 MiB read from RAM
strata serve: prompt 34709 tokens = 34708 reused + 1 read in 3 ms (360.4 tok/s), 1 generated in 44 ms (22.9 tok/s), drafts accepted 0 of 0, 3 checkpoints
strata serve: decode expert cache hit rate: 28.3% (114 hits / 403 lookups)
strata serve: KV streaming: 98.63% of 9384744 block reads hit VRAM, 517.6 MiB read from RAM
strata serve: prompt 34710 tokens = 34709 reused + 1 read in 3 ms (360.3 tok/s), 1 generated in 43 ms (23.5 tok/s), drafts accepted 0 of 0, 3 checkpoints
strata serve: decode expert cache hit rate: 25.6% (103 hits / 403 lookups)
strata serve: KV streaming: 98.63% of 9390912 block reads hit VRAM, 517.7 MiB read from RAM
strata serve: prompt 34711 tokens = 34710 reused + 1 read in 3 ms (357.2 tok/s), 1 generated in 48 ms (20.9 tok/s), drafts accepted 0 of 0, 3 checkpoints
strata serve: decode expert cache hit rate: 25.6% (104 hits / 406 lookups)
strata serve: KV streaming: 98.63% of 9397068 block reads hit VRAM, 517.8 MiB read from RAM
strata serve: prompt 34712 tokens = 34711 reused + 1 read in 3 ms (360.1 tok/s), 1 generated in 43 ms (23.0 tok/s), drafts accepted 0 of 0, 3 checkpoints
strata serve: decode expert cache hit rate: 28.7% (116 hits / 404 lookups)
strata serve: KV streaming: 98.63% of 9403224 block reads hit VRAM, 517.9 MiB read from RAM
strata serve: prompt 34713 tokens = 34712 reused + 1 read in 3 ms (357.4 tok/s), 1 generated in 47 ms (21.4 tok/s), drafts accepted 0 of 0, 3 checkpoints
strata serve: decode expert cache hit rate: 22.1% (88 hits / 398 lookups)
strata serve: KV streaming: 98.63% of 9409392 block reads hit VRAM, 518.0 MiB read from RAM
strata serve: prompt 34714 tokens = 34713 reused + 1 read in 3 ms (350.9 tok/s), 1 generated in 49 ms (20.4 tok/s), drafts accepted 0 of 0, 3 checkpoints
strata serve: decode expert cache hit rate: 27.0% (109 hits / 404 lookups)
strata serve: KV streaming: 98.63% of 9415560 block reads hit VRAM, 518.1 MiB read from RAM
strata serve: prompt 34715 tokens = 34714 reused + 1 read in 3 ms (356.6 tok/s), 1 generated in 46 ms (21.6 tok/s), drafts accepted 0 of 0, 3 checkpoints
strata serve: decode expert cache hit rate: 31.1% (127 hits / 408 lookups)
strata serve: KV streaming: 98.63% of 9421716 block reads hit VRAM, 518.2 MiB read from RAM
strata serve: prompt 34716 tokens = 34715 reused + 1 read in 3 ms (359.5 tok/s), 1 generated in 45 ms (22.3 tok/s), drafts accepted 0 of 0, 3 checkpoints
strata serve: decode expert cache hit rate: 27.5% (111 hits / 403 lookups)
strata serve: KV streaming: 98.64% of 9427872 block reads hit VRAM, 518.2 MiB read from RAM
strata serve: prompt 34717 tokens = 34716 reused + 1 read in 3 ms (357.2 tok/s), 1 generated in 49 ms (20.6 tok/s), drafts accepted 0 of 0, 3 checkpoints
strata serve: decode expert cache hit rate: 31.8% (131 hits / 412 lookups)
strata serve: KV streaming: 98.64% of 9434040 block reads hit VRAM, 518.4 MiB read from RAM
strata serve: prompt 34718 tokens = 34717 reused + 1 read in 3 ms (356.5 tok/s), 1 generated in 45 ms (22.0 tok/s), drafts accepted 0 of 0, 3 checkpoints
strata serve: decode expert cache hit rate: 22.1% (89 hits / 402 lookups)
strata serve: KV streaming: 98.64% of 9440208 block reads hit VRAM, 518.5 MiB read from RAM
strata serve: prompt 34719 tokens = 34718 reused + 1 read in 3 ms (359.2 tok/s), 1 generated in 44 ms (22.9 tok/s), drafts accepted 0 of 0, 3 checkpoints
strata serve: decode expert cache hit rate: 23.2% (93 hits / 400 lookups)
strata serve: KV streaming: 98.64% of 9446364 block reads hit VRAM, 518.6 MiB read from RAM
strata serve: prompt 34720 tokens = 34719 reused + 1 read in 3 ms (356.2 tok/s), 1 generated in 46 ms (21.8 tok/s), drafts accepted 0 of 0, 3 checkpoints
strata serve: decode expert cache hit rate: 20.8% (83 hits / 400 lookups)
strata serve: KV streaming: 98.64% of 9452520 block reads hit VRAM, 518.6 MiB read from RAM
strata serve: prompt 34721 tokens = 34720 reused + 1 read in 3 ms (359.3 tok/s), 1 generated in 42 ms (24.0 tok/s), drafts accepted 0 of 0, 3 checkpoints
strata serve: decode expert cache hit rate: 30.7% (125 hits / 407 lookups)
strata serve: KV streaming: 98.64% of 9458688 block reads hit VRAM, 518.7 MiB read from RAM
strata serve: prompt 34722 tokens = 34721 reused + 1 read in 3 ms (355.7 tok/s), 1 generated in 44 ms (22.9 tok/s), drafts accepted 0 of 0, 3 checkpoints
strata serve: decode expert cache hit rate: 26.1% (105 hits / 403 lookups)
strata serve: KV streaming: 98.64% of 9464856 block reads hit VRAM, 518.8 MiB read from RAM
strata serve: prompt 34723 tokens = 34722 reused + 1 read in 3 ms (356.9 tok/s), 1 generated in 42 ms (23.8 tok/s), drafts accepted 0 of 0, 3 checkpoints
strata serve: decode expert cache hit rate: 25.9% (104 hits / 402 lookups)
strata serve: KV streaming: 98.64% of 9471012 block reads hit VRAM, 518.9 MiB read from RAM
strata serve: prompt 34724 tokens = 34723 reused + 1 read in 3 ms (359.0 tok/s), 1 generated in 42 ms (24.0 tok/s), drafts accepted 0 of 0, 3 checkpoints
strata serve: decode expert cache hit rate: 28.5% (116 hits / 407 lookups)
strata serve: KV streaming: 98.64% of 9477168 block reads hit VRAM, 519.0 MiB read from RAM
strata serve: prompt 34725 tokens = 34724 reused + 1 read in 3 ms (357.7 tok/s), 1 generated in 45 ms (22.1 tok/s), drafts accepted 0 of 0, 3 checkpoints
strata serve: decode expert cache hit rate: 19.5% (78 hits / 399 lookups)
strata serve: KV streaming: 98.64% of 9483336 block reads hit VRAM, 519.1 MiB read from RAM
strata serve: prompt 34726 tokens = 34725 reused + 1 read in 3 ms (358.1 tok/s), 1 generated in 42 ms (23.7 tok/s), drafts accepted 0 of 0, 3 checkpoints
strata serve: decode expert cache hit rate: 27.0% (110 hits / 407 lookups)
strata serve: KV streaming: 98.64% of 9489504 block reads hit VRAM, 519.3 MiB read from RAM
strata serve: prompt 34727 tokens = 34726 reused + 1 read in 3 ms (359.0 tok/s), 1 generated in 41 ms (24.1 tok/s), drafts accepted 0 of 0, 3 checkpoints
strata serve: decode expert cache hit rate: 28.4% (116 hits / 408 lookups)
strata serve: KV streaming: 98.64% of 9495660 block reads hit VRAM, 519.5 MiB read from RAM
strata serve: prompt 34728 tokens = 34727 reused + 1 read in 3 ms (359.7 tok/s), 1 generated in 44 ms (22.7 tok/s), drafts accepted 0 of 0, 3 checkpoints
strata serve: decode expert cache hit rate: 21.4% (86 hits / 402 lookups)
strata serve: KV streaming: 98.64% of 9501816 block reads hit VRAM, 520.3 MiB read from RAM
strata serve: prompt 34729 tokens = 34728 reused + 1 read in 3 ms (360.8 tok/s), 1 generated in 43 ms (23.2 tok/s), drafts accepted 0 of 0, 3 checkpoints
strata serve: decode expert cache hit rate: 26.8% (108 hits / 403 lookups)
strata serve: KV streaming: 98.64% of 9507984 block reads hit VRAM, 520.7 MiB read from RAM
strata serve: prompt 34730 tokens = 34729 reused + 1 read in 3 ms (359.2 tok/s), 1 generated in 48 ms (21.0 tok/s), drafts accepted 0 of 0, 3 checkpoints
strata serve: decode expert cache hit rate: 22.6% (90 hits / 398 lookups)
strata serve: KV streaming: 98.64% of 9514152 block reads hit VRAM, 520.8 MiB read from RAM
strata serve: prompt 34731 tokens = 34730 reused + 1 read in 3 ms (356.7 tok/s), 1 generated in 43 ms (23.1 tok/s), drafts accepted 0 of 0, 3 checkpoints
strata serve: decode expert cache hit rate: 28.4% (116 hits / 408 lookups)
strata serve: KV streaming: 98.64% of 9520308 block reads hit VRAM, 521.1 MiB read from RAM
strata serve: prompt 34732 tokens = 34731 reused + 1 read in 3 ms (360.1 tok/s), 1 generated in 45 ms (22.3 tok/s), drafts accepted 0 of 0, 3 checkpoints
strata serve: decode expert cache hit rate: 27.7% (112 hits / 405 lookups)
strata serve: KV streaming: 98.64% of 9526464 block reads hit VRAM, 521.2 MiB read from RAM
strata serve: prompt 34733 tokens = 34732 reused + 1 read in 3 ms (350.8 tok/s), 1 generated in 43 ms (23.4 tok/s), drafts accepted 0 of 0, 3 checkpoints
strata serve: decode expert cache hit rate: 35.6% (147 hits / 413 lookups)
strata serve: KV streaming: 98.64% of 9532632 block reads hit VRAM, 521.4 MiB read from RAM
strata serve: prompt 34734 tokens = 34733 reused + 1 read in 3 ms (354.4 tok/s), 1 generated in 129 ms (7.8 tok/s), drafts accepted 0 of 0, 3 checkpoints
strata serve: decode expert cache hit rate: 22.4% (90 hits / 401 lookups)
strata serve: KV streaming: 98.64% of 9538800 block reads hit VRAM, 521.6 MiB read from RAM
strata serve: prompt 34735 tokens = 34734 reused + 1 read in 3 ms (345.5 tok/s), 1 generated in 46 ms (21.6 tok/s), drafts accepted 0 of 0, 3 checkpoints
strata serve: decode expert cache hit rate: 25.2% (102 hits / 404 lookups)
strata serve: KV streaming: 98.64% of 9544956 block reads hit VRAM, 521.8 MiB read from RAM
strata serve: prompt 34736 tokens = 34735 reused + 1 read in 3 ms (354.6 tok/s), 1 generated in 50 ms (20.1 tok/s), drafts accepted 0 of 0, 3 checkpoints
strata serve: decode expert cache hit rate: 24.1% (97 hits / 403 lookups)
strata serve: KV streaming: 98.64% of 9551112 block reads hit VRAM, 521.9 MiB read from RAM
strata serve: prompt 34737 tokens = 34736 reused + 1 read in 3 ms (309.6 tok/s), 1 generated in 72 ms (14.0 tok/s), drafts accepted 0 of 0, 3 checkpoints
strata serve: decode expert cache hit rate: 34.5% (142 hits / 412 lookups)
strata serve: KV streaming: 98.64% of 9557280 block reads hit VRAM, 522.2 MiB read from RAM
strata serve: prompt 34738 tokens = 34737 reused + 1 read in 3 ms (347.8 tok/s), 1 generated in 54 ms (18.6 tok/s), drafts accepted 0 of 0, 3 checkpoints
strata serve: decode expert cache hit rate: 26.6% (108 hits / 406 lookups)
strata serve: KV streaming: 98.64% of 9563448 block reads hit VRAM, 522.6 MiB read from RAM
strata serve: prompt 34739 tokens = 34738 reused + 1 read in 3 ms (354.7 tok/s), 1 generated in 53 ms (18.8 tok/s), drafts accepted 0 of 0, 3 checkpoints
strata serve: decode expert cache hit rate: 29.4% (120 hits / 408 lookups)
strata serve: KV streaming: 98.64% of 9569604 block reads hit VRAM, 523.0 MiB read from RAM
strata serve: prompt 34740 tokens = 34739 reused + 1 read in 3 ms (356.6 tok/s), 1 generated in 49 ms (20.5 tok/s), drafts accepted 0 of 0, 3 checkpoints
strata serve: decode expert cache hit rate: 32.4% (134 hits / 413 lookups)
strata serve: KV streaming: 98.64% of 9575760 block reads hit VRAM, 523.5 MiB read from RAM
strata serve: prompt 34741 tokens = 34740 reused + 1 read in 3 ms (356.3 tok/s), 1 generated in 49 ms (20.2 tok/s), drafts accepted 0 of 0, 3 checkpoints
strata serve: decode expert cache hit rate: 18.6% (74 hits / 397 lookups)
strata serve: KV streaming: 98.64% of 9581928 block reads hit VRAM, 523.8 MiB read from RAM
strata serve: prompt 34742 tokens = 34741 reused + 1 read in 3 ms (356.6 tok/s), 1 generated in 47 ms (21.4 tok/s), drafts accepted 0 of 0, 3 checkpoints
strata serve: decode expert cache hit rate: 27.6% (112 hits / 406 lookups)
strata serve: KV streaming: 98.64% of 9588096 block reads hit VRAM, 524.2 MiB read from RAM
strata serve: prompt 34743 tokens = 34742 reused + 1 read in 3 ms (358.3 tok/s), 1 generated in 44 ms (22.6 tok/s), drafts accepted 0 of 0, 3 checkpoints
strata serve: decode expert cache hit rate: 38.4% (159 hits / 414 lookups)
strata serve: KV streaming: 98.64% of 9594252 block reads hit VRAM, 524.3 MiB read from RAM
strata serve: prompt 34744 tokens = 34743 reused + 1 read in 3 ms (356.6 tok/s), 1 generated in 48 ms (20.8 tok/s), drafts accepted 0 of 0, 3 checkpoints
strata serve: decode expert cache hit rate: 27.0% (109 hits / 404 lookups)
strata serve: KV streaming: 98.64% of 9600408 block reads hit VRAM, 524.7 MiB read from RAM
strata serve: prompt 34745 tokens = 34744 reused + 1 read in 3 ms (358.4 tok/s), 1 generated in 47 ms (21.3 tok/s), drafts accepted 0 of 0, 3 checkpoints
strata serve: decode expert cache hit rate: 27.8% (113 hits / 407 lookups)
strata serve: KV streaming: 98.64% of 9606576 block reads hit VRAM, 524.9 MiB read from RAM
strata serve: prompt 34746 tokens = 34745 reused + 1 read in 3 ms (358.1 tok/s), 1 generated in 46 ms (21.8 tok/s), drafts accepted 0 of 0, 3 checkpoints
strata serve: decode expert cache hit rate: 26.2% (105 hits / 401 lookups)
strata serve: KV streaming: 98.64% of 9612744 block reads hit VRAM, 525.5 MiB read from RAM
strata serve: prompt 34747 tokens = 34746 reused + 1 read in 3 ms (356.8 tok/s), 1 generated in 49 ms (20.5 tok/s), drafts accepted 0 of 0, 3 checkpoints
strata serve: decode expert cache hit rate: 22.2% (89 hits / 400 lookups)
strata serve: KV streaming: 98.64% of 9618900 block reads hit VRAM, 525.6 MiB read from RAM
strata serve: prompt 34748 tokens = 34747 reused + 1 read in 3 ms (357.9 tok/s), 1 generated in 49 ms (20.4 tok/s), drafts accepted 0 of 0, 3 checkpoints
strata serve: decode expert cache hit rate: 21.0% (83 hits / 396 lookups)
strata serve: KV streaming: 98.64% of 9625056 block reads hit VRAM, 525.8 MiB read from RAM
strata serve: prompt 34749 tokens = 34748 reused + 1 read in 3 ms (359.9 tok/s), 1 generated in 50 ms (19.9 tok/s), drafts accepted 0 of 0, 3 checkpoints
strata serve: decode expert cache hit rate: 19.4% (77 hits / 397 lookups)
strata serve: KV streaming: 98.64% of 9631224 block reads hit VRAM, 526.0 MiB read from RAM
strata serve: prompt 34750 tokens = 34749 reused + 1 read in 3 ms (359.9 tok/s), 1 generated in 46 ms (21.9 tok/s), drafts accepted 0 of 0, 3 checkpoints
strata serve: decode expert cache hit rate: 24.0% (97 hits / 404 lookups)
strata serve: KV streaming: 98.64% of 9637392 block reads hit VRAM, 526.4 MiB read from RAM
strata serve: prompt 34751 tokens = 34750 reused + 1 read in 3 ms (360.6 tok/s), 1 generated in 44 ms (22.6 tok/s), drafts accepted 0 of 0, 3 checkpoints
strata serve: decode expert cache hit rate: 24.9% (101 hits / 405 lookups)
strata serve: KV streaming: 98.64% of 9643548 block reads hit VRAM, 526.4 MiB read from RAM
strata serve: prompt 34752 tokens = 34751 reused + 1 read in 3 ms (360.6 tok/s), 1 generated in 42 ms (23.9 tok/s), drafts accepted 0 of 0, 3 checkpoints
strata serve: decode expert cache hit rate: 35.3% (147 hits / 416 lookups)
strata serve: KV streaming: 98.64% of 9649704 block reads hit VRAM, 526.8 MiB read from RAM
strata serve: prompt 34753 tokens = 34752 reused + 1 read in 3 ms (359.8 tok/s), 1 generated in 42 ms (23.9 tok/s), drafts accepted 0 of 0, 3 checkpoints
strata serve: decode expert cache hit rate: 29.2% (119 hits / 408 lookups)
strata serve: KV streaming: 98.64% of 9655872 block reads hit VRAM, 527.4 MiB read from RAM
strata serve: prompt 34754 tokens = 34753 reused + 1 read in 3 ms (360.0 tok/s), 1 generated in 40 ms (25.1 tok/s), drafts accepted 0 of 0, 3 checkpoints
strata serve: decode expert cache hit rate: 35.4% (146 hits / 413 lookups)
strata serve: KV streaming: 98.64% of 9662040 block reads hit VRAM, 527.8 MiB read from RAM
strata serve: prompt 34755 tokens = 34754 reused + 1 read in 3 ms (359.9 tok/s), 1 generated in 39 ms (25.4 tok/s), drafts accepted 0 of 0, 3 checkpoints
strata serve: decode expert cache hit rate: 38.5% (159 hits / 413 lookups)
strata serve: KV streaming: 98.64% of 9668196 block reads hit VRAM, 528.0 MiB read from RAM
strata serve: prompt 34756 tokens = 34755 reused + 1 read in 3 ms (360.0 tok/s), 1 generated in 42 ms (23.9 tok/s), drafts accepted 0 of 0, 3 checkpoints
strata serve: decode expert cache hit rate: 29.7% (121 hits / 408 lookups)
strata serve: KV streaming: 98.64% of 9674352 block reads hit VRAM, 528.6 MiB read from RAM
strata serve: prompt 34757 tokens = 34756 reused + 1 read in 3 ms (355.6 tok/s), 1 generated in 39 ms (25.5 tok/s), drafts accepted 0 of 0, 3 checkpoints
strata serve: decode expert cache hit rate: 35.4% (147 hits / 415 lookups)
strata serve: KV streaming: 98.64% of 9680520 block reads hit VRAM, 528.9 MiB read from RAM
strata serve: prompt 34758 tokens = 34757 reused + 1 read in 3 ms (360.8 tok/s), 1 generated in 43 ms (23.3 tok/s), drafts accepted 0 of 0, 3 checkpoints
strata serve: decode expert cache hit rate: 27.6% (112 hits / 406 lookups)
strata serve: KV streaming: 98.64% of 9686688 block reads hit VRAM, 529.3 MiB read from RAM
strata serve: prompt 34759 tokens = 34758 reused + 1 read in 3 ms (360.5 tok/s), 1 generated in 47 ms (21.4 tok/s), drafts accepted 0 of 0, 3 checkpoints
strata serve: decode expert cache hit rate: 24.0% (96 hits / 400 lookups)
strata serve: KV streaming: 98.64% of 9692844 block reads hit VRAM, 529.6 MiB read from RAM
strata serve: prompt 34760 tokens = 34759 reused + 1 read in 3 ms (360.5 tok/s), 1 generated in 43 ms (23.5 tok/s), drafts accepted 0 of 0, 3 checkpoints
strata serve: decode expert cache hit rate: 22.7% (91 hits / 401 lookups)
strata serve: KV streaming: 98.64% of 9699000 block reads hit VRAM, 529.9 MiB read from RAM
strata serve: prompt 34761 tokens = 34760 reused + 1 read in 3 ms (360.5 tok/s), 1 generated in 42 ms (23.9 tok/s), drafts accepted 0 of 0, 3 checkpoints
strata serve: decode expert cache hit rate: 25.7% (104 hits / 405 lookups)
strata serve: KV streaming: 98.64% of 9705168 block reads hit VRAM, 530.4 MiB read from RAM
strata serve: prompt 34762 tokens = 34761 reused + 1 read in 3 ms (359.7 tok/s), 1 generated in 43 ms (23.4 tok/s), drafts accepted 0 of 0, 3 checkpoints
strata serve: decode expert cache hit rate: 29.3% (120 hits / 409 lookups)
strata serve: KV streaming: 98.64% of 9711336 block reads hit VRAM, 531.3 MiB read from RAM
strata serve: prompt 34763 tokens = 34762 reused + 1 read in 3 ms (358.7 tok/s), 1 generated in 41 ms (24.5 tok/s), drafts accepted 0 of 0, 3 checkpoints
strata serve: decode expert cache hit rate: 32.6% (134 hits / 411 lookups)
strata serve: KV streaming: 98.64% of 9717492 block reads hit VRAM, 531.8 MiB read from RAM
strata serve: prompt 34764 tokens = 34763 reused + 1 read in 3 ms (360.6 tok/s), 1 generated in 41 ms (24.3 tok/s), drafts accepted 0 of 0, 3 checkpoints
strata serve: decode expert cache hit rate: 23.6% (95 hits / 402 lookups)
strata serve: KV streaming: 98.64% of 9723648 block reads hit VRAM, 531.9 MiB read from RAM
strata serve: prompt 34765 tokens = 34764 reused + 1 read in 3 ms (358.8 tok/s), 1 generated in 42 ms (23.5 tok/s), drafts accepted 0 of 0, 3 checkpoints
strata serve: decode expert cache hit rate: 25.5% (103 hits / 404 lookups)
strata serve: KV streaming: 98.64% of 9729816 block reads hit VRAM, 532.3 MiB read from RAM
strata serve: prompt 34766 tokens = 34765 reused + 1 read in 3 ms (360.6 tok/s), 1 generated in 42 ms (23.6 tok/s), drafts accepted 0 of 0, 3 checkpoints
strata serve: decode expert cache hit rate: 26.3% (106 hits / 403 lookups)
strata serve: KV streaming: 98.64% of 9735984 block reads hit VRAM, 532.7 MiB read from RAM
strata serve: prompt 34767 tokens = 34766 reused + 1 read in 3 ms (360.5 tok/s), 1 generated in 40 ms (24.8 tok/s), drafts accepted 0 of 0, 3 checkpoints
strata serve: decode expert cache hit rate: 33.1% (137 hits / 414 lookups)
strata serve: KV streaming: 98.64% of 9742140 block reads hit VRAM, 533.0 MiB read from RAM
strata serve: prompt 34768 tokens = 34767 reused + 1 read in 3 ms (359.7 tok/s), 1 generated in 40 ms (24.7 tok/s), drafts accepted 0 of 0, 3 checkpoints
strata serve: decode expert cache hit rate: 28.4% (115 hits / 405 lookups)
strata serve: KV streaming: 98.64% of 9748296 block reads hit VRAM, 533.5 MiB read from RAM
strata serve: prompt 34769 tokens = 34768 reused + 1 read in 3 ms (360.0 tok/s), 1 generated in 40 ms (24.7 tok/s), drafts accepted 0 of 0, 3 checkpoints
strata serve: decode expert cache hit rate: 29.4% (121 hits / 411 lookups)
strata serve: KV streaming: 98.64% of 9754464 block reads hit VRAM, 534.4 MiB read from RAM
strata serve: prompt 34770 tokens = 34769 reused + 1 read in 3 ms (358.1 tok/s), 1 generated in 38 ms (26.4 tok/s), drafts accepted 0 of 0, 3 checkpoints
strata serve: decode expert cache hit rate: 39.4% (164 hits / 416 lookups)
strata serve: KV streaming: 98.64% of 9760632 block reads hit VRAM, 534.5 MiB read from RAM
strata serve: prompt 34771 tokens = 34770 reused + 1 read in 3 ms (360.8 tok/s), 1 generated in 42 ms (23.9 tok/s), drafts accepted 0 of 0, 3 checkpoints
strata serve: decode expert cache hit rate: 31.9% (130 hits / 408 lookups)
strata serve: KV streaming: 98.64% of 9766788 block reads hit VRAM, 534.7 MiB read from RAM
strata serve: prompt 34772 tokens = 34771 reused + 1 read in 3 ms (360.1 tok/s), 1 generated in 42 ms (23.7 tok/s), drafts accepted 0 of 0, 3 checkpoints
strata serve: decode expert cache hit rate: 25.0% (101 hits / 404 lookups)
strata serve: KV streaming: 98.64% of 9772944 block reads hit VRAM, 534.9 MiB read from RAM
strata serve: prompt 34773 tokens = 34772 reused + 1 read in 3 ms (359.3 tok/s), 1 generated in 40 ms (24.8 tok/s), drafts accepted 0 of 0, 3 checkpoints
strata serve: decode expert cache hit rate: 32.8% (136 hits / 415 lookups)
strata serve: KV streaming: 98.64% of 9779112 block reads hit VRAM, 535.1 MiB read from RAM
strata serve: prompt 34774 tokens = 34773 reused + 1 read in 3 ms (360.2 tok/s), 1 generated in 37 ms (26.7 tok/s), drafts accepted 0 of 0, 3 checkpoints
strata serve: decode expert cache hit rate: 47.7% (203 hits / 426 lookups)
strata serve: KV streaming: 98.64% of 9785280 block reads hit VRAM, 535.1 MiB read from RAM
strata serve: prompt 34775 tokens = 34774 reused + 1 read in 3 ms (345.8 tok/s), 1 generated in 42 ms (24.0 tok/s), drafts accepted 0 of 0, 3 checkpoints
strata serve: decode expert cache hit rate: 24.5% (99 hits / 404 lookups)
strata serve: KV streaming: 98.64% of 9791436 block reads hit VRAM, 535.3 MiB read from RAM
strata serve: prompt 34776 tokens = 34775 reused + 1 read in 3 ms (360.4 tok/s), 1 generated in 43 ms (23.1 tok/s), drafts accepted 0 of 0, 3 checkpoints
strata serve: decode expert cache hit rate: 31.8% (130 hits / 409 lookups)
strata serve: KV streaming: 98.64% of 9797592 block reads hit VRAM, 535.4 MiB read from RAM
strata serve: prompt 34777 tokens = 34776 reused + 1 read in 3 ms (360.8 tok/s), 1 generated in 43 ms (23.5 tok/s), drafts accepted 0 of 0, 3 checkpoints
strata serve: decode expert cache hit rate: 32.6% (134 hits / 411 lookups)
strata serve: KV streaming: 98.64% of 9803760 block reads hit VRAM, 535.5 MiB read from RAM
strata serve: prompt 34778 tokens = 34777 reused + 1 read in 3 ms (359.9 tok/s), 1 generated in 42 ms (23.9 tok/s), drafts accepted 0 of 0, 3 checkpoints
strata serve: decode expert cache hit rate: 26.5% (107 hits / 404 lookups)
strata serve: KV streaming: 98.64% of 9809928 block reads hit VRAM, 535.8 MiB read from RAM
strata serve: prompt 34779 tokens = 34778 reused + 1 read in 3 ms (359.7 tok/s), 1 generated in 42 ms (24.1 tok/s), drafts accepted 0 of 0, 3 checkpoints
strata serve: decode expert cache hit rate: 28.7% (117 hits / 408 lookups)
strata serve: KV streaming: 98.64% of 9816084 block reads hit VRAM, 536.1 MiB read from RAM
strata serve: prompt 34780 tokens = 34779 reused + 1 read in 3 ms (359.7 tok/s), 1 generated in 42 ms (23.7 tok/s), drafts accepted 0 of 0, 3 checkpoints
strata serve: decode expert cache hit rate: 22.2% (89 hits / 400 lookups)
strata serve: KV streaming: 98.64% of 9822240 block reads hit VRAM, 536.4 MiB read from RAM
strata serve: prompt 34781 tokens = 34780 reused + 1 read in 3 ms (360.5 tok/s), 1 generated in 41 ms (24.1 tok/s), drafts accepted 0 of 0, 3 checkpoints
strata serve: decode expert cache hit rate: 28.9% (117 hits / 405 lookups)
strata serve: KV streaming: 98.64% of 9828408 block reads hit VRAM, 536.5 MiB read from RAM
strata serve: prompt 34782 tokens = 34781 reused + 1 read in 3 ms (356.6 tok/s), 1 generated in 42 ms (24.0 tok/s), drafts accepted 0 of 0, 3 checkpoints
strata serve: decode expert cache hit rate: 27.7% (112 hits / 405 lookups)
strata serve: KV streaming: 98.65% of 9834576 block reads hit VRAM, 536.7 MiB read from RAM
strata serve: prompt 34783 tokens = 34782 reused + 1 read in 3 ms (361.1 tok/s), 1 generated in 42 ms (24.1 tok/s), drafts accepted 0 of 0, 3 checkpoints
strata serve: decode expert cache hit rate: 36.1% (149 hits / 413 lookups)
strata serve: KV streaming: 98.65% of 9840732 block reads hit VRAM, 536.8 MiB read from RAM
strata serve: prompt 34784 tokens = 34783 reused + 1 read in 3 ms (360.8 tok/s), 1 generated in 41 ms (24.5 tok/s), drafts accepted 0 of 0, 3 checkpoints
strata serve: decode expert cache hit rate: 28.1% (114 hits / 406 lookups)
strata serve: KV streaming: 98.65% of 9846888 block reads hit VRAM, 536.8 MiB read from RAM
strata serve: prompt 34785 tokens = 34784 reused + 1 read in 3 ms (359.4 tok/s), 1 generated in 39 ms (25.3 tok/s), drafts accepted 0 of 0, 3 checkpoints
strata serve: decode expert cache hit rate: 37.6% (157 hits / 417 lookups)
strata serve: KV streaming: 98.65% of 9853056 block reads hit VRAM, 537.0 MiB read from RAM
strata serve: prompt 34786 tokens = 34785 reused + 1 read in 3 ms (360.4 tok/s), 1 generated in 40 ms (24.9 tok/s), drafts accepted 0 of 0, 3 checkpoints
strata serve: decode expert cache hit rate: 34.2% (141 hits / 412 lookups)
strata serve: KV streaming: 98.65% of 9859224 block reads hit VRAM, 537.4 MiB read from RAM
strata serve: prompt 34787 tokens = 34786 reused + 1 read in 3 ms (359.0 tok/s), 1 generated in 39 ms (25.4 tok/s), drafts accepted 0 of 0, 3 checkpoints
strata serve: decode expert cache hit rate: 32.8% (135 hits / 412 lookups)
strata serve: KV streaming: 98.65% of 9865380 block reads hit VRAM, 538.0 MiB read from RAM
strata serve: prompt 34788 tokens = 34787 reused + 1 read in 3 ms (358.6 tok/s), 1 generated in 44 ms (22.9 tok/s), drafts accepted 0 of 0, 3 checkpoints
strata serve: decode expert cache hit rate: 28.9% (118 hits / 408 lookups)
strata serve: KV streaming: 98.65% of 9871536 block reads hit VRAM, 538.4 MiB read from RAM
strata serve: prompt 34789 tokens = 34788 reused + 1 read in 3 ms (360.8 tok/s), 1 generated in 40 ms (24.7 tok/s), drafts accepted 0 of 0, 3 checkpoints
strata serve: decode expert cache hit rate: 33.3% (137 hits / 412 lookups)
strata serve: KV streaming: 98.65% of 9877704 block reads hit VRAM, 538.7 MiB read from RAM
strata serve: prompt 34790 tokens = 34789 reused + 1 read in 3 ms (360.4 tok/s), 1 generated in 39 ms (25.4 tok/s), drafts accepted 0 of 0, 3 checkpoints
strata serve: decode expert cache hit rate: 33.6% (140 hits / 417 lookups)
strata serve: KV streaming: 98.65% of 9883872 block reads hit VRAM, 538.9 MiB read from RAM
strata serve: prompt 34791 tokens = 34790 reused + 1 read in 3 ms (360.6 tok/s), 1 generated in 43 ms (23.1 tok/s), drafts accepted 0 of 0, 3 checkpoints
strata serve: decode expert cache hit rate: 25.4% (103 hits / 405 lookups)
strata serve: KV streaming: 98.65% of 9890028 block reads hit VRAM, 539.3 MiB read from RAM
strata serve: prompt 34792 tokens = 34791 reused + 1 read in 3 ms (354.9 tok/s), 1 generated in 42 ms (24.0 tok/s), drafts accepted 0 of 0, 3 checkpoints
strata serve: decode expert cache hit rate: 22.4% (90 hits / 401 lookups)
strata serve: KV streaming: 98.65% of 9896184 block reads hit VRAM, 539.4 MiB read from RAM
strata serve: prompt 34793 tokens = 34792 reused + 1 read in 3 ms (356.6 tok/s), 1 generated in 42 ms (24.0 tok/s), drafts accepted 0 of 0, 3 checkpoints
strata serve: decode expert cache hit rate: 27.3% (111 hits / 407 lookups)
strata serve: KV streaming: 98.65% of 9902352 block reads hit VRAM, 539.7 MiB read from RAM
strata serve: prompt 34794 tokens = 34793 reused + 1 read in 3 ms (360.9 tok/s), 1 generated in 44 ms (22.8 tok/s), drafts accepted 0 of 0, 3 checkpoints
strata serve: decode expert cache hit rate: 27.9% (113 hits / 405 lookups)
strata serve: KV streaming: 98.65% of 9908520 block reads hit VRAM, 539.8 MiB read from RAM
strata serve: prompt 34795 tokens = 34794 reused + 1 read in 3 ms (360.5 tok/s), 1 generated in 42 ms (24.1 tok/s), drafts accepted 0 of 0, 3 checkpoints
strata serve: decode expert cache hit rate: 25.2% (101 hits / 400 lookups)
strata serve: KV streaming: 98.65% of 9914676 block reads hit VRAM, 540.3 MiB read from RAM
strata serve: prompt 34796 tokens = 34795 reused + 1 read in 3 ms (360.5 tok/s), 1 generated in 41 ms (24.1 tok/s), drafts accepted 0 of 0, 3 checkpoints
strata serve: decode expert cache hit rate: 25.6% (103 hits / 403 lookups)
strata serve: KV streaming: 98.65% of 9920832 block reads hit VRAM, 540.5 MiB read from RAM
strata serve: prompt 34797 tokens = 34796 reused + 1 read in 3 ms (359.2 tok/s), 1 generated in 41 ms (24.6 tok/s), drafts accepted 0 of 0, 3 checkpoints
strata serve: decode expert cache hit rate: 35.1% (146 hits / 416 lookups)
strata serve: KV streaming: 98.65% of 9927000 block reads hit VRAM, 541.3 MiB read from RAM
strata serve: prompt 34798 tokens = 34797 reused + 1 read in 3 ms (360.2 tok/s), 1 generated in 43 ms (23.4 tok/s), drafts accepted 0 of 0, 3 checkpoints
strata serve: decode expert cache hit rate: 22.5% (90 hits / 400 lookups)
strata serve: KV streaming: 98.65% of 9933168 block reads hit VRAM, 541.5 MiB read from RAM
strata serve: prompt 34799 tokens = 34798 reused + 1 read in 3 ms (359.8 tok/s), 1 generated in 43 ms (23.2 tok/s), drafts accepted 0 of 0, 3 checkpoints
strata serve: decode expert cache hit rate: 25.7% (104 hits / 404 lookups)
strata serve: KV streaming: 98.65% of 9939324 block reads hit VRAM, 541.7 MiB read from RAM
strata serve: prompt 34800 tokens = 34799 reused + 1 read in 3 ms (359.7 tok/s), 1 generated in 42 ms (23.7 tok/s), drafts accepted 0 of 0, 3 checkpoints
strata serve: decode expert cache hit rate: 26.4% (106 hits / 402 lookups)
strata serve: KV streaming: 98.65% of 9945480 block reads hit VRAM, 542.0 MiB read from RAM
strata serve: prompt 34801 tokens = 34800 reused + 1 read in 3 ms (360.3 tok/s), 1 generated in 43 ms (23.5 tok/s), drafts accepted 0 of 0, 3 checkpoints
strata serve: decode expert cache hit rate: 29.4% (119 hits / 405 lookups)
strata serve: KV streaming: 98.65% of 9951648 block reads hit VRAM, 542.4 MiB read from RAM
strata serve: prompt 34802 tokens = 34801 reused + 1 read in 3 ms (360.9 tok/s), 1 generated in 41 ms (24.4 tok/s), drafts accepted 0 of 0, 3 checkpoints
strata serve: decode expert cache hit rate: 30.6% (125 hits / 409 lookups)
strata serve: KV streaming: 98.65% of 9957816 block reads hit VRAM, 542.9 MiB read from RAM
strata serve: prompt 34803 tokens = 34802 reused + 1 read in 3 ms (358.9 tok/s), 1 generated in 38 ms (26.0 tok/s), drafts accepted 0 of 0, 3 checkpoints
strata serve: decode expert cache hit rate: 40.9% (172 hits / 421 lookups)
strata serve: KV streaming: 98.65% of 9963972 block reads hit VRAM, 543.1 MiB read from RAM
strata serve: prompt 34804 tokens = 34803 reused + 1 read in 3 ms (360.5 tok/s), 1 generated in 42 ms (23.8 tok/s), drafts accepted 0 of 0, 3 checkpoints
strata serve: decode expert cache hit rate: 29.8% (121 hits / 406 lookups)
strata serve: KV streaming: 98.65% of 9970128 block reads hit VRAM, 543.4 MiB read from RAM
strata serve: prompt 34805 tokens = 34804 reused + 1 read in 3 ms (360.3 tok/s), 1 generated in 43 ms (23.3 tok/s), drafts accepted 0 of 0, 3 checkpoints
strata serve: decode expert cache hit rate: 23.4% (94 hits / 402 lookups)
strata serve: KV streaming: 98.65% of 9976296 block reads hit VRAM, 543.6 MiB read from RAM
strata serve: prompt 34806 tokens = 34805 reused + 1 read in 3 ms (355.7 tok/s), 1 generated in 41 ms (24.2 tok/s), drafts accepted 0 of 0, 3 checkpoints
strata serve: decode expert cache hit rate: 27.3% (111 hits / 407 lookups)
strata serve: KV streaming: 98.65% of 9982464 block reads hit VRAM, 543.7 MiB read from RAM
strata serve: prompt 34807 tokens = 34806 reused + 1 read in 3 ms (358.5 tok/s), 1 generated in 39 ms (25.4 tok/s), drafts accepted 0 of 0, 3 checkpoints
strata serve: decode expert cache hit rate: 36.4% (151 hits / 415 lookups)
strata serve: KV streaming: 98.65% of 9988620 block reads hit VRAM, 544.0 MiB read from RAM
strata serve: prompt 34808 tokens = 34807 reused + 1 read in 3 ms (353.3 tok/s), 1 generated in 42 ms (23.8 tok/s), drafts accepted 0 of 0, 3 checkpoints
strata serve: decode expert cache hit rate: 26.7% (108 hits / 404 lookups)
strata serve: KV streaming: 98.65% of 9994776 block reads hit VRAM, 544.2 MiB read from RAM
strata serve: prompt 34809 tokens = 34808 reused + 1 read in 3 ms (360.5 tok/s), 1 generated in 43 ms (23.5 tok/s), drafts accepted 0 of 0, 3 checkpoints
strata serve: decode expert cache hit rate: 26.9% (109 hits / 405 lookups)
strata serve: KV streaming: 98.65% of 10000944 block reads hit VRAM, 544.6 MiB read from RAM
strata serve: prompt 34810 tokens = 34809 reused + 1 read in 3 ms (358.3 tok/s), 1 generated in 42 ms (24.0 tok/s), drafts accepted 0 of 0, 3 checkpoints
strata serve: decode expert cache hit rate: 26.9% (109 hits / 405 lookups)
strata serve: KV streaming: 98.65% of 10007112 block reads hit VRAM, 544.6 MiB read from RAM
strata serve: prompt 34811 tokens = 34810 reused + 1 read in 3 ms (358.2 tok/s), 1 generated in 42 ms (23.9 tok/s), drafts accepted 0 of 0, 3 checkpoints
strata serve: decode expert cache hit rate: 22.4% (89 hits / 398 lookups)
strata serve: KV streaming: 98.65% of 10013268 block reads hit VRAM, 544.7 MiB read from RAM
strata serve: prompt 34812 tokens = 34811 reused + 1 read in 3 ms (360.6 tok/s), 1 generated in 42 ms (23.6 tok/s), drafts accepted 0 of 0, 3 checkpoints
strata serve: decode expert cache hit rate: 41.6% (177 hits / 425 lookups)
strata serve: KV streaming: 98.65% of 10019424 block reads hit VRAM, 544.8 MiB read from RAM
strata serve: prompt 34813 tokens = 34812 reused + 1 read in 3 ms (360.4 tok/s), 1 generated in 59 ms (16.9 tok/s), drafts accepted 0 of 0, 3 checkpoints
strata serve: decode expert cache hit rate: 30.0% (122 hits / 406 lookups)
strata serve: KV streaming: 98.65% of 10025592 block reads hit VRAM, 544.9 MiB read from RAM
strata serve: prompt 34814 tokens = 34813 reused + 1 read in 3 ms (357.6 tok/s), 1 generated in 45 ms (22.1 tok/s), drafts accepted 0 of 0, 3 checkpoints
strata serve: decode expert cache hit rate: 25.8% (104 hits / 403 lookups)
strata serve: KV streaming: 98.65% of 10031760 block reads hit VRAM, 545.0 MiB read from RAM
strata serve: prompt 34815 tokens = 34814 reused + 1 read in 3 ms (356.5 tok/s), 1 generated in 44 ms (22.6 tok/s), drafts accepted 0 of 0, 3 checkpoints
strata serve: decode expert cache hit rate: 26.9% (109 hits / 405 lookups)
strata serve: KV streaming: 98.65% of 10037916 block reads hit VRAM, 545.3 MiB read from RAM
strata serve: prompt 34816 tokens = 34815 reused + 1 read in 3 ms (358.3 tok/s), 1 generated in 39 ms (25.6 tok/s), drafts accepted 0 of 0, 3 checkpoints
strata serve: decode expert cache hit rate: 37.9% (159 hits / 419 lookups)
strata serve: KV streaming: 98.65% of 10044072 block reads hit VRAM, 545.5 MiB read from RAM
strata serve: prompt 34817 tokens = 34816 reused + 1 read in 3 ms (360.1 tok/s), 1 generated in 43 ms (23.3 tok/s), drafts accepted 0 of 0, 3 checkpoints
strata serve: decode expert cache hit rate: 31.5% (129 hits / 409 lookups)
strata serve: KV streaming: 98.65% of 10050240 block reads hit VRAM, 545.9 MiB read from RAM
strata serve: prompt 34818 tokens = 34817 reused + 1 read in 3 ms (358.5 tok/s), 1 generated in 41 ms (24.7 tok/s), drafts accepted 0 of 0, 3 checkpoints
strata serve: decode expert cache hit rate: 36.5% (152 hits / 417 lookups)
strata serve: KV streaming: 98.65% of 10056408 block reads hit VRAM, 546.3 MiB read from RAM
strata serve: prompt 34819 tokens = 34818 reused + 1 read in 3 ms (359.3 tok/s), 1 generated in 42 ms (23.7 tok/s), drafts accepted 0 of 0, 3 checkpoints
strata serve: decode expert cache hit rate: 28.0% (113 hits / 404 lookups)
strata serve: KV streaming: 98.65% of 10062564 block reads hit VRAM, 546.6 MiB read from RAM
strata serve: prompt 34820 tokens = 34819 reused + 1 read in 3 ms (359.5 tok/s), 1 generated in 38 ms (26.2 tok/s), drafts accepted 0 of 0, 3 checkpoints
strata serve: decode expert cache hit rate: 40.1% (168 hits / 419 lookups)
strata serve: KV streaming: 98.65% of 10068720 block reads hit VRAM, 546.8 MiB read from RAM
strata serve: prompt 34821 tokens = 34820 reused + 1 read in 3 ms (360.2 tok/s), 1 generated in 43 ms (23.1 tok/s), drafts accepted 0 of 0, 3 checkpoints
strata serve: decode expert cache hit rate: 23.2% (93 hits / 401 lookups)
strata serve: KV streaming: 98.65% of 10074888 block reads hit VRAM, 547.0 MiB read from RAM
strata serve: prompt 34822 tokens = 34821 reused + 1 read in 3 ms (345.9 tok/s), 1 generated in 44 ms (23.0 tok/s), drafts accepted 0 of 0, 3 checkpoints
strata serve: decode expert cache hit rate: 22.2% (89 hits / 400 lookups)
strata serve: KV streaming: 98.65% of 10081056 block reads hit VRAM, 547.2 MiB read from RAM
strata serve: prompt 34823 tokens = 34822 reused + 1 read in 3 ms (360.8 tok/s), 1 generated in 44 ms (22.9 tok/s), drafts accepted 0 of 0, 3 checkpoints
strata serve: decode expert cache hit rate: 25.0% (101 hits / 404 lookups)
strata serve: KV streaming: 98.65% of 10087212 block reads hit VRAM, 547.3 MiB read from RAM
strata serve: prompt 34824 tokens = 34823 reused + 1 read in 3 ms (360.9 tok/s), 1 generated in 44 ms (23.0 tok/s), drafts accepted 0 of 0, 3 checkpoints
strata serve: decode expert cache hit rate: 29.0% (118 hits / 407 lookups)
strata serve: KV streaming: 98.65% of 10093368 block reads hit VRAM, 547.4 MiB read from RAM
strata serve: prompt 34825 tokens = 34824 reused + 1 read in 3 ms (360.2 tok/s), 1 generated in 42 ms (23.7 tok/s), drafts accepted 0 of 0, 3 checkpoints
strata serve: decode expert cache hit rate: 24.6% (99 hits / 403 lookups)
strata serve: KV streaming: 98.65% of 10099536 block reads hit VRAM, 547.6 MiB read from RAM
strata serve: prompt 34826 tokens = 34825 reused + 1 read in 3 ms (360.3 tok/s), 1 generated in 43 ms (23.4 tok/s), drafts accepted 0 of 0, 3 checkpoints
strata serve: decode expert cache hit rate: 23.8% (95 hits / 400 lookups)
strata serve: KV streaming: 98.65% of 10105704 block reads hit VRAM, 547.8 MiB read from RAM
strata serve: prompt 34827 tokens = 34826 reused + 1 read in 3 ms (359.5 tok/s), 1 generated in 42 ms (23.8 tok/s), drafts accepted 0 of 0, 3 checkpoints
strata serve: decode expert cache hit rate: 25.3% (102 hits / 403 lookups)
strata serve: KV streaming: 98.65% of 10111860 block reads hit VRAM, 547.9 MiB read from RAM
strata serve: prompt 34828 tokens = 34827 reused + 1 read in 3 ms (358.8 tok/s), 1 generated in 43 ms (23.5 tok/s), drafts accepted 0 of 0, 3 checkpoints
strata serve: decode expert cache hit rate: 22.9% (92 hits / 402 lookups)
strata serve: KV streaming: 98.66% of 10118016 block reads hit VRAM, 548.1 MiB read from RAM
strata serve: prompt 34829 tokens = 34828 reused + 1 read in 3 ms (360.0 tok/s), 1 generated in 42 ms (23.9 tok/s), drafts accepted 0 of 0, 3 checkpoints
strata serve: decode expert cache hit rate: 28.2% (115 hits / 408 lookups)
strata serve: KV streaming: 98.65% of 10124184 block reads hit VRAM, 548.7 MiB read from RAM
strata serve: prompt 34830 tokens = 34829 reused + 1 read in 3 ms (350.3 tok/s), 1 generated in 46 ms (21.9 tok/s), drafts accepted 0 of 0, 3 checkpoints
strata serve: decode expert cache hit rate: 32.8% (135 hits / 412 lookups)
strata serve: KV streaming: 98.65% of 10130352 block reads hit VRAM, 548.9 MiB read from RAM
strata serve: prompt 34831 tokens = 34830 reused + 1 read in 3 ms (352.8 tok/s), 1 generated in 72 ms (13.9 tok/s), drafts accepted 0 of 0, 3 checkpoints
strata serve: decode expert cache hit rate: 28.0% (114 hits / 407 lookups)
strata serve: KV streaming: 98.65% of 10136508 block reads hit VRAM, 549.4 MiB read from RAM
strata serve: prompt 34832 tokens = 34831 reused + 1 read in 3 ms (350.4 tok/s), 1 generated in 61 ms (16.3 tok/s), drafts accepted 0 of 0, 3 checkpoints
strata serve: decode expert cache hit rate: 29.1% (118 hits / 405 lookups)
strata serve: KV streaming: 98.65% of 10142664 block reads hit VRAM, 549.7 MiB read from RAM
strata serve: prompt 34833 tokens = 34832 reused + 1 read in 3 ms (351.7 tok/s), 1 generated in 48 ms (21.0 tok/s), drafts accepted 0 of 0, 3 checkpoints
strata serve: decode expert cache hit rate: 26.9% (109 hits / 405 lookups)
strata serve: KV streaming: 98.66% of 10148832 block reads hit VRAM, 549.8 MiB read from RAM
strata serve: prompt 34834 tokens = 34833 reused + 1 read in 3 ms (354.2 tok/s), 1 generated in 43 ms (23.5 tok/s), drafts accepted 0 of 0, 3 checkpoints
strata serve: decode expert cache hit rate: 33.7% (139 hits / 413 lookups)
strata serve: KV streaming: 98.66% of 10155000 block reads hit VRAM, 550.1 MiB read from RAM
strata serve: prompt 34835 tokens = 34834 reused + 1 read in 3 ms (356.8 tok/s), 1 generated in 48 ms (21.0 tok/s), drafts accepted 0 of 0, 3 checkpoints
strata serve: decode expert cache hit rate: 22.5% (90 hits / 400 lookups)
strata serve: KV streaming: 98.65% of 10161156 block reads hit VRAM, 550.6 MiB read from RAM
strata serve: prompt 34836 tokens = 34835 reused + 1 read in 3 ms (359.2 tok/s), 1 generated in 49 ms (20.3 tok/s), drafts accepted 0 of 0, 3 checkpoints
strata serve: decode expert cache hit rate: 42.9% (181 hits / 422 lookups)
strata serve: KV streaming: 98.66% of 10167312 block reads hit VRAM, 550.8 MiB read from RAM
strata serve: prompt 34837 tokens = 34836 reused + 1 read in 3 ms (353.3 tok/s), 1 generated in 46 ms (21.9 tok/s), drafts accepted 0 of 0, 3 checkpoints
strata serve: decode expert cache hit rate: 28.7% (117 hits / 407 lookups)
strata serve: KV streaming: 98.66% of 10173480 block reads hit VRAM, 551.1 MiB read from RAM
strata serve: prompt 34838 tokens = 34837 reused + 1 read in 3 ms (343.6 tok/s), 1 generated in 89 ms (11.3 tok/s), drafts accepted 0 of 0, 3 checkpoints
strata serve: decode expert cache hit rate: 29.1% (119 hits / 409 lookups)
strata serve: KV streaming: 98.66% of 10179648 block reads hit VRAM, 551.3 MiB read from RAM
strata serve: prompt 34839 tokens = 34838 reused + 1 read in 3 ms (354.8 tok/s), 1 generated in 47 ms (21.4 tok/s), drafts accepted 0 of 0, 3 checkpoints
strata serve: decode expert cache hit rate: 36.1% (149 hits / 413 lookups)
strata serve: KV streaming: 98.66% of 10185804 block reads hit VRAM, 551.4 MiB read from RAM
strata serve: prompt 34840 tokens = 34839 reused + 1 read in 3 ms (344.5 tok/s), 1 generated in 45 ms (22.5 tok/s), drafts accepted 0 of 0, 3 checkpoints
strata serve: decode expert cache hit rate: 20.4% (81 hits / 397 lookups)
strata serve: KV streaming: 98.66% of 10191960 block reads hit VRAM, 551.6 MiB read from RAM
strata serve: prompt 34841 tokens = 34840 reused + 1 read in 3 ms (353.5 tok/s), 1 generated in 44 ms (22.9 tok/s), drafts accepted 0 of 0, 3 checkpoints
strata serve: decode expert cache hit rate: 19.3% (77 hits / 398 lookups)
strata serve: KV streaming: 98.66% of 10198128 block reads hit VRAM, 551.8 MiB read from RAM
strata serve: prompt 34842 tokens = 34841 reused + 1 read in 3 ms (359.7 tok/s), 1 generated in 46 ms (21.9 tok/s), drafts accepted 0 of 0, 3 checkpoints
strata serve: decode expert cache hit rate: 25.5% (103 hits / 404 lookups)
strata serve: KV streaming: 98.66% of 10204296 block reads hit VRAM, 552.0 MiB read from RAM
strata serve: prompt 34843 tokens = 34842 reused + 1 read in 3 ms (359.8 tok/s), 1 generated in 42 ms (23.5 tok/s), drafts accepted 0 of 0, 3 checkpoints
strata serve: decode expert cache hit rate: 26.0% (105 hits / 404 lookups)
strata serve: KV streaming: 98.66% of 10210452 block reads hit VRAM, 552.3 MiB read from RAM
strata serve: prompt 34844 tokens = 34843 reused + 1 read in 3 ms (359.6 tok/s), 1 generated in 40 ms (25.3 tok/s), drafts accepted 0 of 0, 3 checkpoints
strata serve: decode expert cache hit rate: 38.7% (161 hits / 416 lookups)
strata serve: KV streaming: 98.66% of 10216608 block reads hit VRAM, 552.5 MiB read from RAM
strata serve: prompt 34845 tokens = 34844 reused + 1 read in 3 ms (359.9 tok/s), 1 generated in 42 ms (24.0 tok/s), drafts accepted 0 of 0, 3 checkpoints
strata serve: decode expert cache hit rate: 23.9% (96 hits / 401 lookups)
strata serve: KV streaming: 98.66% of 10222776 block reads hit VRAM, 552.8 MiB read from RAM
strata serve: prompt 34846 tokens = 34845 reused + 1 read in 3 ms (360.1 tok/s), 1 generated in 41 ms (24.1 tok/s), drafts accepted 0 of 0, 3 checkpoints
strata serve: decode expert cache hit rate: 30.0% (122 hits / 406 lookups)
strata serve: KV streaming: 98.66% of 10228944 block reads hit VRAM, 553.0 MiB read from RAM
strata serve: prompt 33823 tokens = 33815 reused + 8 read in 164 ms (48.7 tok/s), 1 generated in 40 ms (24.7 tok/s), drafts accepted 0 of 0, 3 checkpoints
strata serve: decode expert cache hit rate: 55.1% (241 hits / 437 lookups)
strata serve: KV streaming: 98.66% of 10278240 block reads hit VRAM, 554.2 MiB read from RAM
strata serve: prompt 33824 tokens = 33823 reused + 1 read in 3 ms (356.3 tok/s), 1 generated in 39 ms (25.4 tok/s), drafts accepted 0 of 0, 3 checkpoints
strata serve: decode expert cache hit rate: 60.8% (274 hits / 451 lookups)
strata serve: KV streaming: 98.66% of 10284396 block reads hit VRAM, 554.2 MiB read from RAM
strata serve: prompt 33825 tokens = 33824 reused + 1 read in 3 ms (352.7 tok/s), 1 generated in 36 ms (27.4 tok/s), drafts accepted 0 of 0, 3 checkpoints
strata serve: decode expert cache hit rate: 66.7% (303 hits / 454 lookups)
strata serve: KV streaming: 98.66% of 10290564 block reads hit VRAM, 554.3 MiB read from RAM
strata serve: prompt 33826 tokens = 33825 reused + 1 read in 3 ms (358.2 tok/s), 1 generated in 38 ms (26.1 tok/s), drafts accepted 0 of 0, 3 checkpoints
strata serve: decode expert cache hit rate: 66.7% (303 hits / 454 lookups)
strata serve: KV streaming: 98.66% of 10296732 block reads hit VRAM, 554.4 MiB read from RAM
strata serve: prompt 33827 tokens = 33826 reused + 1 read in 3 ms (355.3 tok/s), 1 generated in 37 ms (26.7 tok/s), drafts accepted 0 of 0, 3 checkpoints
strata serve: decode expert cache hit rate: 63.6% (287 hits / 451 lookups)
strata serve: KV streaming: 98.66% of 10302888 block reads hit VRAM, 554.4 MiB read from RAM
strata serve: prompt 33828 tokens = 33827 reused + 1 read in 3 ms (354.3 tok/s), 1 generated in 41 ms (24.3 tok/s), drafts accepted 0 of 0, 3 checkpoints
strata serve: decode expert cache hit rate: 54.6% (238 hits / 436 lookups)
strata serve: KV streaming: 98.66% of 10309044 block reads hit VRAM, 554.5 MiB read from RAM
strata serve: prompt 33829 tokens = 33828 reused + 1 read in 3 ms (354.6 tok/s), 1 generated in 42 ms (23.6 tok/s), drafts accepted 0 of 0, 3 checkpoints
strata serve: decode expert cache hit rate: 53.2% (230 hits / 432 lookups)
strata serve: KV streaming: 98.67% of 10315212 block reads hit VRAM, 554.6 MiB read from RAM
strata serve: prompt 33830 tokens = 33829 reused + 1 read in 3 ms (355.6 tok/s), 1 generated in 47 ms (21.4 tok/s), drafts accepted 0 of 0, 3 checkpoints
strata serve: decode expert cache hit rate: 38.8% (163 hits / 420 lookups)
strata serve: KV streaming: 98.67% of 10321380 block reads hit VRAM, 554.8 MiB read from RAM
strata serve: prompt 33831 tokens = 33830 reused + 1 read in 3 ms (352.5 tok/s), 1 generated in 43 ms (23.5 tok/s), drafts accepted 0 of 0, 3 checkpoints
strata serve: decode expert cache hit rate: 50.7% (220 hits / 434 lookups)
strata serve: KV streaming: 98.67% of 10327536 block reads hit VRAM, 554.8 MiB read from RAM
strata serve: prompt 33832 tokens = 33831 reused + 1 read in 3 ms (353.9 tok/s), 1 generated in 43 ms (23.3 tok/s), drafts accepted 0 of 0, 3 checkpoints
strata serve: decode expert cache hit rate: 50.0% (216 hits / 432 lookups)
strata serve: KV streaming: 98.67% of 10333692 block reads hit VRAM, 554.9 MiB read from RAM
strata serve: prompt 33833 tokens = 33832 reused + 1 read in 3 ms (345.1 tok/s), 1 generated in 40 ms (25.0 tok/s), drafts accepted 0 of 0, 3 checkpoints
strata serve: decode expert cache hit rate: 57.1% (253 hits / 443 lookups)
strata serve: KV streaming: 98.67% of 10339860 block reads hit VRAM, 555.0 MiB read from RAM
strata serve: prompt 33834 tokens = 33833 reused + 1 read in 3 ms (353.9 tok/s), 1 generated in 45 ms (22.4 tok/s), drafts accepted 0 of 0, 3 checkpoints
strata serve: decode expert cache hit rate: 43.7% (186 hits / 426 lookups)
strata serve: KV streaming: 98.67% of 10346028 block reads hit VRAM, 555.1 MiB read from RAM
strata serve: prompt 33835 tokens = 33834 reused + 1 read in 3 ms (356.2 tok/s), 1 generated in 38 ms (26.2 tok/s), drafts accepted 0 of 0, 3 checkpoints
strata serve: decode expert cache hit rate: 63.3% (284 hits / 449 lookups)
strata serve: KV streaming: 98.67% of 10352184 block reads hit VRAM, 555.1 MiB read from RAM
strata serve: prompt 33836 tokens = 33835 reused + 1 read in 3 ms (358.5 tok/s), 1 generated in 30 ms (33.1 tok/s), drafts accepted 0 of 0, 3 checkpoints
strata serve: decode expert cache hit rate: 70.7% (323 hits / 457 lookups)
strata serve: KV streaming: 98.67% of 10358340 block reads hit VRAM, 555.2 MiB read from RAM
strata serve: prompt 33837 tokens = 33836 reused + 1 read in 3 ms (360.9 tok/s), 1 generated in 33 ms (29.9 tok/s), drafts accepted 0 of 0, 3 checkpoints
strata serve: decode expert cache hit rate: 61.7% (275 hits / 446 lookups)
strata serve: KV streaming: 98.67% of 10364508 block reads hit VRAM, 555.2 MiB read from RAM
strata serve: prompt 33838 tokens = 33837 reused + 1 read in 3 ms (358.6 tok/s), 1 generated in 35 ms (28.3 tok/s), drafts accepted 0 of 0, 3 checkpoints
strata serve: decode expert cache hit rate: 54.1% (237 hits / 438 lookups)
strata serve: KV streaming: 98.67% of 10370676 block reads hit VRAM, 555.2 MiB read from RAM
strata serve: prompt 33839 tokens = 33838 reused + 1 read in 3 ms (359.7 tok/s), 1 generated in 31 ms (32.8 tok/s), drafts accepted 0 of 0, 3 checkpoints
strata serve: decode expert cache hit rate: 65.1% (296 hits / 455 lookups)
strata serve: KV streaming: 98.67% of 10376832 block reads hit VRAM, 555.2 MiB read from RAM
strata serve: prompt 33840 tokens = 33839 reused + 1 read in 3 ms (359.4 tok/s), 1 generated in 35 ms (28.6 tok/s), drafts accepted 0 of 0, 3 checkpoints
strata serve: decode expert cache hit rate: 57.9% (256 hits / 442 lookups)
strata serve: KV streaming: 98.67% of 10382988 block reads hit VRAM, 555.3 MiB read from RAM
strata serve: prompt 33841 tokens = 33840 reused + 1 read in 3 ms (350.3 tok/s), 1 generated in 33 ms (29.9 tok/s), drafts accepted 0 of 0, 3 checkpoints
strata serve: decode expert cache hit rate: 61.6% (276 hits / 448 lookups)
strata serve: KV streaming: 98.67% of 10389156 block reads hit VRAM, 555.3 MiB read from RAM
strata serve: prompt 33842 tokens = 33841 reused + 1 read in 3 ms (360.7 tok/s), 1 generated in 32 ms (31.3 tok/s), drafts accepted 0 of 0, 3 checkpoints
strata serve: decode expert cache hit rate: 65.6% (298 hits / 454 lookups)
strata serve: KV streaming: 98.67% of 10395324 block reads hit VRAM, 555.4 MiB read from RAM
strata serve: prompt 33843 tokens = 33842 reused + 1 read in 3 ms (359.1 tok/s), 1 generated in 35 ms (28.3 tok/s), drafts accepted 0 of 0, 3 checkpoints
strata serve: decode expert cache hit rate: 55.4% (242 hits / 437 lookups)
strata serve: KV streaming: 98.67% of 10401480 block reads hit VRAM, 555.4 MiB read from RAM
strata serve: prompt 33844 tokens = 33843 reused + 1 read in 3 ms (360.4 tok/s), 1 generated in 33 ms (30.1 tok/s), drafts accepted 0 of 0, 3 checkpoints
strata serve: decode expert cache hit rate: 62.1% (275 hits / 443 lookups)
strata serve: KV streaming: 98.68% of 10407636 block reads hit VRAM, 555.4 MiB read from RAM
strata serve: prompt 33845 tokens = 33844 reused + 1 read in 3 ms (358.5 tok/s), 1 generated in 35 ms (28.7 tok/s), drafts accepted 0 of 0, 3 checkpoints
strata serve: decode expert cache hit rate: 56.7% (250 hits / 441 lookups)
strata serve: KV streaming: 98.68% of 10413804 block reads hit VRAM, 555.5 MiB read from RAM
strata serve: prompt 33846 tokens = 33845 reused + 1 read in 3 ms (360.1 tok/s), 1 generated in 34 ms (29.1 tok/s), drafts accepted 0 of 0, 3 checkpoints
strata serve: decode expert cache hit rate: 55.9% (245 hits / 438 lookups)
strata serve: KV streaming: 98.68% of 10419972 block reads hit VRAM, 555.5 MiB read from RAM
strata serve: prompt 33847 tokens = 33846 reused + 1 read in 3 ms (354.2 tok/s), 1 generated in 37 ms (26.8 tok/s), drafts accepted 0 of 0, 3 checkpoints
strata serve: decode expert cache hit rate: 51.5% (227 hits / 441 lookups)
strata serve: KV streaming: 98.68% of 10426128 block reads hit VRAM, 555.5 MiB read from RAM
strata serve: prompt 33848 tokens = 33847 reused + 1 read in 3 ms (359.2 tok/s), 1 generated in 37 ms (27.0 tok/s), drafts accepted 0 of 0, 3 checkpoints
strata serve: decode expert cache hit rate: 46.5% (197 hits / 424 lookups)
strata serve: KV streaming: 98.68% of 10432284 block reads hit VRAM, 555.5 MiB read from RAM
strata serve: prompt 33849 tokens = 33848 reused + 1 read in 3 ms (360.5 tok/s), 1 generated in 32 ms (30.8 tok/s), drafts accepted 0 of 0, 3 checkpoints
strata serve: decode expert cache hit rate: 58.6% (260 hits / 444 lookups)
strata serve: KV streaming: 98.68% of 10438452 block reads hit VRAM, 555.6 MiB read from RAM
strata serve: prompt 33850 tokens = 33849 reused + 1 read in 3 ms (359.8 tok/s), 1 generated in 31 ms (31.8 tok/s), drafts accepted 0 of 0, 3 checkpoints
strata serve: decode expert cache hit rate: 69.4% (315 hits / 454 lookups)
strata serve: KV streaming: 98.68% of 10444620 block reads hit VRAM, 555.6 MiB read from RAM
strata serve: prompt 33851 tokens = 33850 reused + 1 read in 3 ms (360.4 tok/s), 1 generated in 33 ms (30.0 tok/s), drafts accepted 0 of 0, 3 checkpoints
strata serve: decode expert cache hit rate: 56.2% (248 hits / 441 lookups)
strata serve: KV streaming: 98.68% of 10450776 block reads hit VRAM, 555.7 MiB read from RAM
strata serve: prompt 33852 tokens = 33851 reused + 1 read in 3 ms (360.3 tok/s), 1 generated in 38 ms (26.4 tok/s), drafts accepted 0 of 0, 3 checkpoints
strata serve: decode expert cache hit rate: 47.3% (204 hits / 431 lookups)
strata serve: KV streaming: 98.68% of 10456932 block reads hit VRAM, 555.7 MiB read from RAM
strata serve: prompt 33853 tokens = 33852 reused + 1 read in 3 ms (357.2 tok/s), 1 generated in 34 ms (29.2 tok/s), drafts accepted 0 of 0, 3 checkpoints
strata serve: decode expert cache hit rate: 58.9% (261 hits / 443 lookups)
strata serve: KV streaming: 98.68% of 10463100 block reads hit VRAM, 555.7 MiB read from RAM
strata serve: prompt 33854 tokens = 33853 reused + 1 read in 3 ms (361.0 tok/s), 1 generated in 32 ms (31.4 tok/s), drafts accepted 0 of 0, 3 checkpoints
strata serve: decode expert cache hit rate: 65.7% (297 hits / 452 lookups)
strata serve: KV streaming: 98.68% of 10469268 block reads hit VRAM, 555.8 MiB read from RAM
strata serve: prompt 33855 tokens = 33854 reused + 1 read in 3 ms (358.9 tok/s), 1 generated in 32 ms (31.1 tok/s), drafts accepted 0 of 0, 3 checkpoints
strata serve: decode expert cache hit rate: 69.7% (315 hits / 452 lookups)
strata serve: KV streaming: 98.68% of 10475424 block reads hit VRAM, 555.8 MiB read from RAM
strata serve: prompt 33856 tokens = 33855 reused + 1 read in 3 ms (352.3 tok/s), 1 generated in 39 ms (25.9 tok/s), drafts accepted 0 of 0, 3 checkpoints
strata serve: decode expert cache hit rate: 47.4% (204 hits / 430 lookups)
strata serve: KV streaming: 98.68% of 10481580 block reads hit VRAM, 555.9 MiB read from RAM
strata serve: prompt 33857 tokens = 33856 reused + 1 read in 3 ms (358.6 tok/s), 1 generated in 36 ms (27.5 tok/s), drafts accepted 0 of 0, 3 checkpoints
strata serve: decode expert cache hit rate: 48.3% (208 hits / 431 lookups)
strata serve: KV streaming: 98.68% of 10487748 block reads hit VRAM, 555.9 MiB read from RAM
strata serve: prompt 33858 tokens = 33857 reused + 1 read in 3 ms (359.6 tok/s), 1 generated in 38 ms (26.1 tok/s), drafts accepted 0 of 0, 3 checkpoints
strata serve: decode expert cache hit rate: 45.0% (193 hits / 429 lookups)
strata serve: KV streaming: 98.68% of 10493916 block reads hit VRAM, 555.9 MiB read from RAM
strata serve: prompt 33859 tokens = 33858 reused + 1 read in 3 ms (358.7 tok/s), 1 generated in 35 ms (28.7 tok/s), drafts accepted 0 of 0, 3 checkpoints
strata serve: decode expert cache hit rate: 55.5% (246 hits / 443 lookups)
strata serve: KV streaming: 98.69% of 10500072 block reads hit VRAM, 556.0 MiB read from RAM
strata serve: prompt 33860 tokens = 33859 reused + 1 read in 3 ms (359.7 tok/s), 1 generated in 35 ms (28.5 tok/s), drafts accepted 0 of 0, 3 checkpoints
strata serve: decode expert cache hit rate: 56.8% (249 hits / 438 lookups)
strata serve: KV streaming: 98.69% of 10506228 block reads hit VRAM, 556.0 MiB read from RAM
strata serve: prompt 33861 tokens = 33860 reused + 1 read in 3 ms (354.2 tok/s), 1 generated in 36 ms (27.6 tok/s), drafts accepted 0 of 0, 3 checkpoints
strata serve: decode expert cache hit rate: 59.8% (266 hits / 445 lookups)
strata serve: KV streaming: 98.69% of 10512396 block reads hit VRAM, 556.0 MiB read from RAM
strata serve: prompt 33862 tokens = 33861 reused + 1 read in 3 ms (360.4 tok/s), 1 generated in 33 ms (30.5 tok/s), drafts accepted 0 of 0, 3 checkpoints
strata serve: decode expert cache hit rate: 63.4% (286 hits / 451 lookups)
strata serve: KV streaming: 98.69% of 10518564 block reads hit VRAM, 556.1 MiB read from RAM
strata serve: prompt 33863 tokens = 33862 reused + 1 read in 3 ms (359.1 tok/s), 1 generated in 35 ms (28.9 tok/s), drafts accepted 0 of 0, 3 checkpoints
strata serve: decode expert cache hit rate: 58.7% (259 hits / 441 lookups)
strata serve: KV streaming: 98.69% of 10524720 block reads hit VRAM, 556.1 MiB read from RAM
strata serve: prompt 33864 tokens = 33863 reused + 1 read in 3 ms (356.9 tok/s), 1 generated in 30 ms (33.1 tok/s), drafts accepted 0 of 0, 3 checkpoints
strata serve: decode expert cache hit rate: 67.5% (309 hits / 458 lookups)
strata serve: KV streaming: 98.69% of 10530876 block reads hit VRAM, 556.1 MiB read from RAM
strata serve: prompt 33865 tokens = 33864 reused + 1 read in 3 ms (360.2 tok/s), 1 generated in 34 ms (29.4 tok/s), drafts accepted 0 of 0, 3 checkpoints
strata serve: decode expert cache hit rate: 58.2% (256 hits / 440 lookups)
strata serve: KV streaming: 98.69% of 10537044 block reads hit VRAM, 556.1 MiB read from RAM
strata serve: prompt 33866 tokens = 33865 reused + 1 read in 3 ms (356.7 tok/s), 1 generated in 36 ms (27.8 tok/s), drafts accepted 0 of 0, 3 checkpoints
strata serve: decode expert cache hit rate: 53.1% (233 hits / 439 lookups)
strata serve: KV streaming: 98.69% of 10543212 block reads hit VRAM, 556.2 MiB read from RAM
strata serve: prompt 33867 tokens = 33866 reused + 1 read in 3 ms (360.6 tok/s), 1 generated in 33 ms (30.2 tok/s), drafts accepted 0 of 0, 3 checkpoints
strata serve: decode expert cache hit rate: 63.1% (282 hits / 447 lookups)
strata serve: KV streaming: 98.69% of 10549368 block reads hit VRAM, 556.2 MiB read from RAM
strata serve: prompt 33868 tokens = 33867 reused + 1 read in 3 ms (358.4 tok/s), 1 generated in 35 ms (28.2 tok/s), drafts accepted 0 of 0, 3 checkpoints
strata serve: decode expert cache hit rate: 58.9% (261 hits / 443 lookups)
strata serve: KV streaming: 98.69% of 10555524 block reads hit VRAM, 556.2 MiB read from RAM
strata serve: prompt 33869 tokens = 33868 reused + 1 read in 3 ms (360.9 tok/s), 1 generated in 34 ms (29.4 tok/s), drafts accepted 0 of 0, 3 checkpoints
strata serve: decode expert cache hit rate: 57.3% (254 hits / 443 lookups)
strata serve: KV streaming: 98.69% of 10561692 block reads hit VRAM, 556.2 MiB read from RAM
strata serve: prompt 33870 tokens = 33869 reused + 1 read in 3 ms (360.0 tok/s), 1 generated in 35 ms (28.3 tok/s), drafts accepted 0 of 0, 3 checkpoints
strata serve: decode expert cache hit rate: 57.1% (249 hits / 436 lookups)
strata serve: KV streaming: 98.69% of 10567860 block reads hit VRAM, 556.2 MiB read from RAM
strata serve: prompt 33871 tokens = 33870 reused + 1 read in 3 ms (358.8 tok/s), 1 generated in 32 ms (31.0 tok/s), drafts accepted 0 of 0, 3 checkpoints
strata serve: decode expert cache hit rate: 65.5% (294 hits / 449 lookups)
strata serve: KV streaming: 98.69% of 10574016 block reads hit VRAM, 556.4 MiB read from RAM
strata serve: prompt 33872 tokens = 33871 reused + 1 read in 3 ms (360.5 tok/s), 1 generated in 36 ms (28.1 tok/s), drafts accepted 0 of 0, 3 checkpoints
strata serve: decode expert cache hit rate: 58.0% (256 hits / 441 lookups)
strata serve: KV streaming: 98.69% of 10580172 block reads hit VRAM, 557.2 MiB read from RAM
strata serve: prompt 33873 tokens = 33872 reused + 1 read in 3 ms (360.0 tok/s), 1 generated in 36 ms (27.6 tok/s), drafts accepted 0 of 0, 3 checkpoints
strata serve: decode expert cache hit rate: 51.7% (224 hits / 433 lookups)
strata serve: KV streaming: 98.69% of 10586340 block reads hit VRAM, 557.4 MiB read from RAM
strata serve: prompt 33874 tokens = 33873 reused + 1 read in 3 ms (360.2 tok/s), 1 generated in 31 ms (31.8 tok/s), drafts accepted 0 of 0, 3 checkpoints
strata serve: decode expert cache hit rate: 64.5% (289 hits / 448 lookups)
strata serve: KV streaming: 98.69% of 10592508 block reads hit VRAM, 557.5 MiB read from RAM
strata serve: prompt 33875 tokens = 33874 reused + 1 read in 3 ms (360.0 tok/s), 1 generated in 33 ms (29.9 tok/s), drafts accepted 0 of 0, 3 checkpoints
strata serve: decode expert cache hit rate: 63.5% (283 hits / 446 lookups)
strata serve: KV streaming: 98.69% of 10598664 block reads hit VRAM, 557.6 MiB read from RAM
strata serve: prompt 33876 tokens = 33875 reused + 1 read in 3 ms (360.1 tok/s), 1 generated in 33 ms (30.4 tok/s), drafts accepted 0 of 0, 3 checkpoints
strata serve: decode expert cache hit rate: 65.6% (298 hits / 454 lookups)
strata serve: KV streaming: 98.69% of 10604820 block reads hit VRAM, 557.7 MiB read from RAM
strata serve: prompt 33877 tokens = 33876 reused + 1 read in 3 ms (356.2 tok/s), 1 generated in 35 ms (28.4 tok/s), drafts accepted 0 of 0, 3 checkpoints
strata serve: decode expert cache hit rate: 59.3% (262 hits / 442 lookups)
strata serve: KV streaming: 98.69% of 10610988 block reads hit VRAM, 557.8 MiB read from RAM
strata serve: prompt 33878 tokens = 33877 reused + 1 read in 3 ms (358.7 tok/s), 1 generated in 33 ms (30.6 tok/s), drafts accepted 0 of 0, 3 checkpoints
strata serve: decode expert cache hit rate: 65.0% (292 hits / 449 lookups)
strata serve: KV streaming: 98.70% of 10617156 block reads hit VRAM, 558.0 MiB read from RAM
strata serve: prompt 33879 tokens = 33878 reused + 1 read in 3 ms (360.5 tok/s), 1 generated in 35 ms (28.6 tok/s), drafts accepted 0 of 0, 3 checkpoints
strata serve: decode expert cache hit rate: 57.1% (252 hits / 441 lookups)
strata serve: KV streaming: 98.70% of 10623312 block reads hit VRAM, 558.0 MiB read from RAM
strata serve: prompt 33880 tokens = 33879 reused + 1 read in 3 ms (359.7 tok/s), 1 generated in 35 ms (28.9 tok/s), drafts accepted 0 of 0, 3 checkpoints
strata serve: decode expert cache hit rate: 62.4% (280 hits / 449 lookups)
strata serve: KV streaming: 98.70% of 10629468 block reads hit VRAM, 558.1 MiB read from RAM
strata serve: prompt 33881 tokens = 33880 reused + 1 read in 3 ms (360.0 tok/s), 1 generated in 30 ms (33.0 tok/s), drafts accepted 0 of 0, 3 checkpoints
strata serve: decode expert cache hit rate: 65.0% (292 hits / 449 lookups)
strata serve: KV streaming: 98.70% of 10635636 block reads hit VRAM, 558.1 MiB read from RAM
strata serve: prompt 33882 tokens = 33881 reused + 1 read in 3 ms (360.9 tok/s), 1 generated in 32 ms (31.0 tok/s), drafts accepted 0 of 0, 3 checkpoints
strata serve: decode expert cache hit rate: 64.7% (291 hits / 450 lookups)
strata serve: KV streaming: 98.70% of 10641804 block reads hit VRAM, 558.2 MiB read from RAM
strata serve: prompt 33883 tokens = 33882 reused + 1 read in 3 ms (360.4 tok/s), 1 generated in 34 ms (29.5 tok/s), drafts accepted 0 of 0, 3 checkpoints
strata serve: decode expert cache hit rate: 60.9% (272 hits / 447 lookups)
strata serve: KV streaming: 98.70% of 10647960 block reads hit VRAM, 558.3 MiB read from RAM
strata serve: prompt 33884 tokens = 33883 reused + 1 read in 3 ms (360.1 tok/s), 1 generated in 35 ms (28.7 tok/s), drafts accepted 0 of 0, 3 checkpoints
strata serve: decode expert cache hit rate: 60.2% (268 hits / 445 lookups)
strata serve: KV streaming: 98.70% of 10654116 block reads hit VRAM, 558.4 MiB read from RAM
strata serve: prompt 33885 tokens = 33884 reused + 1 read in 3 ms (360.0 tok/s), 1 generated in 31 ms (32.5 tok/s), drafts accepted 0 of 0, 3 checkpoints
strata serve: decode expert cache hit rate: 73.1% (339 hits / 464 lookups)
strata serve: KV streaming: 98.70% of 10660284 block reads hit VRAM, 558.5 MiB read from RAM
strata serve: prompt 33886 tokens = 33885 reused + 1 read in 3 ms (357.8 tok/s), 1 generated in 36 ms (27.7 tok/s), drafts accepted 0 of 0, 3 checkpoints
strata serve: decode expert cache hit rate: 59.3% (264 hits / 445 lookups)
strata serve: KV streaming: 98.70% of 10666452 block reads hit VRAM, 558.6 MiB read from RAM
strata serve: prompt 33887 tokens = 33886 reused + 1 read in 3 ms (360.0 tok/s), 1 generated in 34 ms (29.6 tok/s), drafts accepted 0 of 0, 3 checkpoints
strata serve: decode expert cache hit rate: 64.6% (290 hits / 449 lookups)
strata serve: KV streaming: 98.70% of 10672608 block reads hit VRAM, 558.8 MiB read from RAM
strata serve: prompt 33888 tokens = 33887 reused + 1 read in 3 ms (358.8 tok/s), 1 generated in 37 ms (27.3 tok/s), drafts accepted 0 of 0, 3 checkpoints
strata serve: decode expert cache hit rate: 51.6% (224 hits / 434 lookups)
strata serve: KV streaming: 98.70% of 10678764 block reads hit VRAM, 559.0 MiB read from RAM
strata serve: prompt 33889 tokens = 33888 reused + 1 read in 3 ms (360.8 tok/s), 1 generated in 37 ms (27.0 tok/s), drafts accepted 0 of 0, 3 checkpoints
strata serve: decode expert cache hit rate: 51.0% (221 hits / 433 lookups)
strata serve: KV streaming: 98.70% of 10684932 block reads hit VRAM, 559.3 MiB read from RAM
strata serve: prompt 33890 tokens = 33889 reused + 1 read in 3 ms (358.4 tok/s), 1 generated in 34 ms (29.4 tok/s), drafts accepted 0 of 0, 3 checkpoints
strata serve: decode expert cache hit rate: 61.1% (273 hits / 447 lookups)
strata serve: KV streaming: 98.70% of 10691100 block reads hit VRAM, 559.4 MiB read from RAM
strata serve: prompt 33891 tokens = 33890 reused + 1 read in 3 ms (360.0 tok/s), 1 generated in 35 ms (28.8 tok/s), drafts accepted 0 of 0, 3 checkpoints
strata serve: decode expert cache hit rate: 59.7% (265 hits / 444 lookups)
strata serve: KV streaming: 98.70% of 10697256 block reads hit VRAM, 559.5 MiB read from RAM
strata serve: prompt 33892 tokens = 33891 reused + 1 read in 3 ms (354.9 tok/s), 1 generated in 37 ms (27.4 tok/s), drafts accepted 0 of 0, 3 checkpoints
strata serve: decode expert cache hit rate: 58.5% (259 hits / 443 lookups)
strata serve: KV streaming: 98.70% of 10703412 block reads hit VRAM, 559.7 MiB read from RAM
strata serve: prompt 33893 tokens = 33892 reused + 1 read in 3 ms (356.8 tok/s), 1 generated in 38 ms (26.3 tok/s), drafts accepted 0 of 0, 3 checkpoints
strata serve: decode expert cache hit rate: 54.3% (238 hits / 438 lookups)
strata serve: KV streaming: 98.70% of 10709580 block reads hit VRAM, 559.8 MiB read from RAM
strata serve: prompt 33894 tokens = 33893 reused + 1 read in 3 ms (359.7 tok/s), 1 generated in 35 ms (28.2 tok/s), drafts accepted 0 of 0, 3 checkpoints
strata serve: decode expert cache hit rate: 58.6% (260 hits / 444 lookups)
strata serve: KV streaming: 98.70% of 10715748 block reads hit VRAM, 559.8 MiB read from RAM
strata serve: prompt 33895 tokens = 33894 reused + 1 read in 3 ms (359.5 tok/s), 1 generated in 33 ms (30.0 tok/s), drafts accepted 0 of 0, 3 checkpoints
strata serve: decode expert cache hit rate: 65.6% (297 hits / 453 lookups)
strata serve: KV streaming: 98.70% of 10721904 block reads hit VRAM, 559.9 MiB read from RAM
strata serve: prompt 33896 tokens = 33895 reused + 1 read in 3 ms (359.8 tok/s), 1 generated in 31 ms (32.0 tok/s), drafts accepted 0 of 0, 3 checkpoints
strata serve: decode expert cache hit rate: 69.0% (316 hits / 458 lookups)
strata serve: KV streaming: 98.70% of 10728060 block reads hit VRAM, 560.0 MiB read from RAM
strata serve: prompt 33897 tokens = 33896 reused + 1 read in 3 ms (360.5 tok/s), 1 generated in 33 ms (30.0 tok/s), drafts accepted 0 of 0, 3 checkpoints
strata serve: decode expert cache hit rate: 70.6% (324 hits / 459 lookups)
strata serve: KV streaming: 98.70% of 10734228 block reads hit VRAM, 560.0 MiB read from RAM
strata serve: prompt 33898 tokens = 33897 reused + 1 read in 3 ms (359.1 tok/s), 1 generated in 33 ms (30.1 tok/s), drafts accepted 0 of 0, 3 checkpoints
strata serve: decode expert cache hit rate: 66.3% (301 hits / 454 lookups)
strata serve: KV streaming: 98.71% of 10740396 block reads hit VRAM, 560.0 MiB read from RAM
strata serve: prompt 33899 tokens = 33898 reused + 1 read in 3 ms (358.8 tok/s), 1 generated in 33 ms (30.6 tok/s), drafts accepted 0 of 0, 3 checkpoints
strata serve: decode expert cache hit rate: 65.9% (299 hits / 454 lookups)
strata serve: KV streaming: 98.71% of 10746552 block reads hit VRAM, 560.1 MiB read from RAM
strata serve: prompt 33900 tokens = 33899 reused + 1 read in 3 ms (359.5 tok/s), 1 generated in 39 ms (25.5 tok/s), drafts accepted 0 of 0, 3 checkpoints
strata serve: decode expert cache hit rate: 45.2% (193 hits / 427 lookups)
strata serve: KV streaming: 98.71% of 10752708 block reads hit VRAM, 560.2 MiB read from RAM
strata serve: prompt 33901 tokens = 33900 reused + 1 read in 3 ms (355.3 tok/s), 1 generated in 33 ms (30.5 tok/s), drafts accepted 0 of 0, 3 checkpoints
strata serve: decode expert cache hit rate: 68.8% (315 hits / 458 lookups)
strata serve: KV streaming: 98.71% of 10758876 block reads hit VRAM, 560.2 MiB read from RAM
strata serve: prompt 33902 tokens = 33901 reused + 1 read in 3 ms (359.7 tok/s), 1 generated in 35 ms (28.4 tok/s), drafts accepted 0 of 0, 3 checkpoints
strata serve: decode expert cache hit rate: 62.1% (278 hits / 448 lookups)
strata serve: KV streaming: 98.71% of 10765044 block reads hit VRAM, 560.2 MiB read from RAM
strata serve: prompt 33903 tokens = 33902 reused + 1 read in 3 ms (354.4 tok/s), 1 generated in 32 ms (31.5 tok/s), drafts accepted 0 of 0, 3 checkpoints
strata serve: decode expert cache hit rate: 68.6% (313 hits / 456 lookups)
strata serve: KV streaming: 98.71% of 10771200 block reads hit VRAM, 560.2 MiB read from RAM
strata serve: prompt 33904 tokens = 33903 reused + 1 read in 3 ms (359.7 tok/s), 1 generated in 34 ms (29.2 tok/s), drafts accepted 0 of 0, 3 checkpoints
strata serve: decode expert cache hit rate: 65.9% (299 hits / 454 lookups)
strata serve: KV streaming: 98.71% of 10777356 block reads hit VRAM, 560.2 MiB read from RAM
strata serve: prompt 33905 tokens = 33904 reused + 1 read in 3 ms (359.3 tok/s), 1 generated in 37 ms (27.2 tok/s), drafts accepted 0 of 0, 3 checkpoints
strata serve: decode expert cache hit rate: 57.3% (254 hits / 443 lookups)
strata serve: KV streaming: 98.71% of 10783524 block reads hit VRAM, 560.3 MiB read from RAM
strata serve: prompt 33906 tokens = 33905 reused + 1 read in 3 ms (359.6 tok/s), 1 generated in 37 ms (26.9 tok/s), drafts accepted 0 of 0, 3 checkpoints
strata serve: decode expert cache hit rate: 54.1% (238 hits / 440 lookups)
strata serve: KV streaming: 98.71% of 10789692 block reads hit VRAM, 560.3 MiB read from RAM
strata serve: prompt 33907 tokens = 33906 reused + 1 read in 3 ms (359.2 tok/s), 1 generated in 34 ms (29.5 tok/s), drafts accepted 0 of 0, 3 checkpoints
strata serve: decode expert cache hit rate: 63.0% (284 hits / 451 lookups)
strata serve: KV streaming: 98.71% of 10795848 block reads hit VRAM, 560.4 MiB read from RAM
strata serve: prompt 33908 tokens = 33907 reused + 1 read in 3 ms (356.4 tok/s), 1 generated in 36 ms (28.0 tok/s), drafts accepted 0 of 0, 3 checkpoints
strata serve: decode expert cache hit rate: 66.7% (302 hits / 453 lookups)
strata serve: KV streaming: 98.71% of 10802004 block reads hit VRAM, 560.4 MiB read from RAM
strata serve: prompt 33909 tokens = 33908 reused + 1 read in 3 ms (353.6 tok/s), 1 generated in 37 ms (27.1 tok/s), drafts accepted 0 of 0, 3 checkpoints
strata serve: decode expert cache hit rate: 56.1% (247 hits / 440 lookups)
strata serve: KV streaming: 98.71% of 10808172 block reads hit VRAM, 560.4 MiB read from RAM
strata serve: prompt 33910 tokens = 33909 reused + 1 read in 3 ms (359.0 tok/s), 1 generated in 32 ms (30.8 tok/s), drafts accepted 0 of 0, 3 checkpoints
strata serve: decode expert cache hit rate: 69.0% (312 hits / 452 lookups)
strata serve: KV streaming: 98.71% of 10814340 block reads hit VRAM, 560.5 MiB read from RAM
strata serve: prompt 33911 tokens = 33910 reused + 1 read in 3 ms (359.1 tok/s), 1 generated in 31 ms (32.0 tok/s), drafts accepted 0 of 0, 3 checkpoints
strata serve: decode expert cache hit rate: 71.7% (330 hits / 460 lookups)
strata serve: KV streaming: 98.71% of 10820496 block reads hit VRAM, 560.5 MiB read from RAM
strata serve: prompt 33912 tokens = 33911 reused + 1 read in 3 ms (360.4 tok/s), 1 generated in 32 ms (31.5 tok/s), drafts accepted 0 of 0, 3 checkpoints
strata serve: decode expert cache hit rate: 70.4% (323 hits / 459 lookups)
strata serve: KV streaming: 98.71% of 10826652 block reads hit VRAM, 560.5 MiB read from RAM
strata serve: prompt 33913 tokens = 33912 reused + 1 read in 3 ms (358.7 tok/s), 1 generated in 30 ms (33.5 tok/s), drafts accepted 0 of 0, 3 checkpoints
strata serve: decode expert cache hit rate: 76.8% (357 hits / 465 lookups)
strata serve: KV streaming: 98.72% of 10832820 block reads hit VRAM, 560.6 MiB read from RAM
strata serve: prompt 33914 tokens = 33913 reused + 1 read in 3 ms (359.9 tok/s), 1 generated in 33 ms (30.7 tok/s), drafts accepted 0 of 0, 3 checkpoints
strata serve: decode expert cache hit rate: 69.4% (317 hits / 457 lookups)
strata serve: KV streaming: 98.72% of 10838988 block reads hit VRAM, 560.7 MiB read from RAM
strata serve: prompt 33915 tokens = 33914 reused + 1 read in 3 ms (351.6 tok/s), 1 generated in 31 ms (32.3 tok/s), drafts accepted 0 of 0, 3 checkpoints
strata serve: decode expert cache hit rate: 75.2% (348 hits / 463 lookups)
strata serve: KV streaming: 98.72% of 10845144 block reads hit VRAM, 560.8 MiB read from RAM
strata serve: prompt 33916 tokens = 33915 reused + 1 read in 3 ms (360.0 tok/s), 1 generated in 33 ms (30.2 tok/s), drafts accepted 0 of 0, 3 checkpoints
strata serve: decode expert cache hit rate: 67.7% (308 hits / 455 lookups)
strata serve: KV streaming: 98.72% of 10851300 block reads hit VRAM, 560.8 MiB read from RAM
strata serve: prompt 33917 tokens = 33916 reused + 1 read in 3 ms (359.0 tok/s), 1 generated in 36 ms (27.6 tok/s), drafts accepted 0 of 0, 3 checkpoints
strata serve: decode expert cache hit rate: 59.3% (262 hits / 442 lookups)
strata serve: KV streaming: 98.72% of 10857468 block reads hit VRAM, 560.9 MiB read from RAM
strata serve: prompt 33918 tokens = 33917 reused + 1 read in 3 ms (357.4 tok/s), 1 generated in 35 ms (28.3 tok/s), drafts accepted 0 of 0, 3 checkpoints
strata serve: decode expert cache hit rate: 60.4% (268 hits / 444 lookups)
strata serve: KV streaming: 98.72% of 10863636 block reads hit VRAM, 560.9 MiB read from RAM
strata serve: prompt 33919 tokens = 33918 reused + 1 read in 3 ms (360.3 tok/s), 1 generated in 33 ms (30.7 tok/s), drafts accepted 0 of 0, 3 checkpoints
strata serve: decode expert cache hit rate: 68.9% (313 hits / 454 lookups)
strata serve: KV streaming: 98.72% of 10869792 block reads hit VRAM, 560.9 MiB read from RAM
strata serve: prompt 33920 tokens = 33919 reused + 1 read in 3 ms (357.3 tok/s), 1 generated in 33 ms (30.2 tok/s), drafts accepted 0 of 0, 3 checkpoints
strata serve: decode expert cache hit rate: 69.7% (320 hits / 459 lookups)
strata serve: KV streaming: 98.72% of 10875948 block reads hit VRAM, 560.9 MiB read from RAM
strata serve: prompt 33921 tokens = 33920 reused + 1 read in 3 ms (359.1 tok/s), 1 generated in 40 ms (25.1 tok/s), drafts accepted 0 of 0, 3 checkpoints
strata serve: decode expert cache hit rate: 56.1% (244 hits / 435 lookups)
strata serve: KV streaming: 98.72% of 10882116 block reads hit VRAM, 561.0 MiB read from RAM
strata serve: prompt 33922 tokens = 33921 reused + 1 read in 3 ms (358.8 tok/s), 1 generated in 35 ms (28.2 tok/s), drafts accepted 0 of 0, 3 checkpoints
strata serve: decode expert cache hit rate: 55.3% (244 hits / 441 lookups)
strata serve: KV streaming: 98.72% of 10888284 block reads hit VRAM, 561.0 MiB read from RAM
strata serve: prompt 33923 tokens = 33922 reused + 1 read in 3 ms (359.0 tok/s), 1 generated in 35 ms (28.3 tok/s), drafts accepted 0 of 0, 3 checkpoints
strata serve: decode expert cache hit rate: 60.7% (273 hits / 450 lookups)
strata serve: KV streaming: 98.72% of 10894440 block reads hit VRAM, 561.0 MiB read from RAM
strata serve: prompt 33924 tokens = 33923 reused + 1 read in 3 ms (355.6 tok/s), 1 generated in 37 ms (27.1 tok/s), drafts accepted 0 of 0, 3 checkpoints
strata serve: decode expert cache hit rate: 62.6% (280 hits / 447 lookups)
strata serve: KV streaming: 98.72% of 10900596 block reads hit VRAM, 561.0 MiB read from RAM
strata serve: prompt 33925 tokens = 33924 reused + 1 read in 3 ms (356.7 tok/s), 1 generated in 35 ms (28.2 tok/s), drafts accepted 0 of 0, 3 checkpoints
strata serve: decode expert cache hit rate: 59.4% (265 hits / 446 lookups)
strata serve: KV streaming: 98.72% of 10906764 block reads hit VRAM, 561.0 MiB read from RAM
strata serve: prompt 33926 tokens = 33925 reused + 1 read in 3 ms (357.9 tok/s), 1 generated in 34 ms (29.3 tok/s), drafts accepted 0 of 0, 3 checkpoints
strata serve: decode expert cache hit rate: 57.9% (257 hits / 444 lookups)
strata serve: KV streaming: 98.72% of 10912932 block reads hit VRAM, 561.1 MiB read from RAM
strata serve: prompt 33927 tokens = 33926 reused + 1 read in 3 ms (360.7 tok/s), 1 generated in 32 ms (31.6 tok/s), drafts accepted 0 of 0, 3 checkpoints
strata serve: decode expert cache hit rate: 67.5% (308 hits / 456 lookups)
strata serve: KV streaming: 98.72% of 10919088 block reads hit VRAM, 561.1 MiB read from RAM
strata serve: prompt 33928 tokens = 33927 reused + 1 read in 3 ms (359.8 tok/s), 1 generated in 35 ms (28.8 tok/s), drafts accepted 0 of 0, 3 checkpoints
strata serve: decode expert cache hit rate: 58.5% (261 hits / 446 lookups)
strata serve: KV streaming: 98.72% of 10925244 block reads hit VRAM, 561.1 MiB read from RAM
strata serve: prompt 33929 tokens = 33928 reused + 1 read in 3 ms (360.2 tok/s), 1 generated in 33 ms (30.6 tok/s), drafts accepted 0 of 0, 3 checkpoints
strata serve: decode expert cache hit rate: 60.7% (267 hits / 440 lookups)
strata serve: KV streaming: 98.73% of 10931412 block reads hit VRAM, 561.2 MiB read from RAM
strata serve: prompt 33930 tokens = 33929 reused + 1 read in 3 ms (359.9 tok/s), 1 generated in 33 ms (30.5 tok/s), drafts accepted 0 of 0, 3 checkpoints
strata serve: decode expert cache hit rate: 62.7% (283 hits / 451 lookups)
strata serve: KV streaming: 98.73% of 10937580 block reads hit VRAM, 561.2 MiB read from RAM
strata serve: prompt 33931 tokens = 33930 reused + 1 read in 3 ms (359.3 tok/s), 1 generated in 36 ms (27.9 tok/s), drafts accepted 0 of 0, 3 checkpoints
strata serve: decode expert cache hit rate: 53.9% (236 hits / 438 lookups)
strata serve: KV streaming: 98.73% of 10943736 block reads hit VRAM, 561.2 MiB read from RAM
strata serve: prompt 33932 tokens = 33931 reused + 1 read in 3 ms (360.4 tok/s), 1 generated in 32 ms (31.3 tok/s), drafts accepted 0 of 0, 3 checkpoints
strata serve: decode expert cache hit rate: 64.7% (291 hits / 450 lookups)
strata serve: KV streaming: 98.73% of 10949892 block reads hit VRAM, 561.2 MiB read from RAM
strata serve: prompt 33933 tokens = 33932 reused + 1 read in 3 ms (360.2 tok/s), 1 generated in 33 ms (30.4 tok/s), drafts accepted 0 of 0, 3 checkpoints
strata serve: decode expert cache hit rate: 62.9% (282 hits / 448 lookups)
strata serve: KV streaming: 98.73% of 10956060 block reads hit VRAM, 561.2 MiB read from RAM
strata serve: prompt 33934 tokens = 33933 reused + 1 read in 3 ms (361.0 tok/s), 1 generated in 33 ms (30.5 tok/s), drafts accepted 0 of 0, 3 checkpoints
strata serve: decode expert cache hit rate: 63.5% (284 hits / 447 lookups)
strata serve: KV streaming: 98.73% of 10962228 block reads hit VRAM, 561.3 MiB read from RAM
strata serve: prompt 33935 tokens = 33934 reused + 1 read in 3 ms (359.4 tok/s), 1 generated in 34 ms (29.0 tok/s), drafts accepted 0 of 0, 3 checkpoints
strata serve: decode expert cache hit rate: 59.1% (263 hits / 445 lookups)
strata serve: KV streaming: 98.73% of 10968384 block reads hit VRAM, 561.3 MiB read from RAM
strata serve: prompt 33936 tokens = 33935 reused + 1 read in 3 ms (359.9 tok/s), 1 generated in 37 ms (26.9 tok/s), drafts accepted 0 of 0, 3 checkpoints
strata serve: decode expert cache hit rate: 49.4% (214 hits / 433 lookups)
strata serve: KV streaming: 98.73% of 10974540 block reads hit VRAM, 561.4 MiB read from RAM
strata serve: prompt 33937 tokens = 33936 reused + 1 read in 3 ms (357.6 tok/s), 1 generated in 38 ms (26.5 tok/s), drafts accepted 0 of 0, 3 checkpoints
strata serve: decode expert cache hit rate: 43.5% (184 hits / 423 lookups)
strata serve: KV streaming: 98.73% of 10980708 block reads hit VRAM, 561.4 MiB read from RAM
strata serve: prompt 33938 tokens = 33937 reused + 1 read in 3 ms (359.8 tok/s), 1 generated in 40 ms (25.2 tok/s), drafts accepted 0 of 0, 3 checkpoints
strata serve: decode expert cache hit rate: 46.3% (198 hits / 428 lookups)
strata serve: KV streaming: 98.73% of 10986876 block reads hit VRAM, 561.4 MiB read from RAM
strata serve: prompt 33939 tokens = 33938 reused + 1 read in 3 ms (352.6 tok/s), 1 generated in 35 ms (28.7 tok/s), drafts accepted 0 of 0, 3 checkpoints
strata serve: decode expert cache hit rate: 52.3% (229 hits / 438 lookups)
strata serve: KV streaming: 98.73% of 10993032 block reads hit VRAM, 561.4 MiB read from RAM
strata serve: prompt 33940 tokens = 33939 reused + 1 read in 3 ms (360.5 tok/s), 1 generated in 34 ms (29.8 tok/s), drafts accepted 0 of 0, 3 checkpoints
strata serve: decode expert cache hit rate: 63.8% (287 hits / 450 lookups)
strata serve: KV streaming: 98.73% of 10999188 block reads hit VRAM, 561.4 MiB read from RAM
strata serve: prompt 33941 tokens = 33940 reused + 1 read in 3 ms (360.5 tok/s), 1 generated in 34 ms (29.7 tok/s), drafts accepted 0 of 0, 3 checkpoints
strata serve: decode expert cache hit rate: 58.8% (261 hits / 444 lookups)
strata serve: KV streaming: 98.73% of 11005356 block reads hit VRAM, 561.5 MiB read from RAM
strata serve: prompt 33942 tokens = 33941 reused + 1 read in 3 ms (360.9 tok/s), 1 generated in 34 ms (29.4 tok/s), drafts accepted 0 of 0, 3 checkpoints
strata serve: decode expert cache hit rate: 61.1% (273 hits / 447 lookups)
strata serve: KV streaming: 98.73% of 11011524 block reads hit VRAM, 561.5 MiB read from RAM
strata serve: prompt 33943 tokens = 33942 reused + 1 read in 3 ms (354.6 tok/s), 1 generated in 33 ms (30.7 tok/s), drafts accepted 0 of 0, 3 checkpoints
strata serve: decode expert cache hit rate: 62.9% (282 hits / 448 lookups)
strata serve: KV streaming: 98.73% of 11017680 block reads hit VRAM, 561.5 MiB read from RAM
strata serve: prompt 33944 tokens = 33943 reused + 1 read in 3 ms (360.9 tok/s), 1 generated in 35 ms (29.0 tok/s), drafts accepted 0 of 0, 3 checkpoints
strata serve: decode expert cache hit rate: 53.0% (232 hits / 438 lookups)
strata serve: KV streaming: 98.74% of 11023836 block reads hit VRAM, 561.5 MiB read from RAM
strata serve: prompt 33945 tokens = 33944 reused + 1 read in 3 ms (360.3 tok/s), 1 generated in 39 ms (26.0 tok/s), drafts accepted 0 of 0, 3 checkpoints
strata serve: decode expert cache hit rate: 44.2% (187 hits / 423 lookups)
strata serve: KV streaming: 98.74% of 11030004 block reads hit VRAM, 561.6 MiB read from RAM
strata serve: prompt 33946 tokens = 33945 reused + 1 read in 3 ms (355.1 tok/s), 1 generated in 32 ms (31.4 tok/s), drafts accepted 0 of 0, 3 checkpoints
strata serve: decode expert cache hit rate: 69.5% (316 hits / 455 lookups)
strata serve: KV streaming: 98.74% of 11036172 block reads hit VRAM, 561.6 MiB read from RAM
strata serve: prompt 33947 tokens = 33946 reused + 1 read in 3 ms (360.3 tok/s), 1 generated in 36 ms (27.8 tok/s), drafts accepted 0 of 0, 3 checkpoints
strata serve: decode expert cache hit rate: 52.9% (230 hits / 435 lookups)
strata serve: KV streaming: 98.74% of 11042328 block reads hit VRAM, 561.6 MiB read from RAM
strata serve: prompt 33948 tokens = 33947 reused + 1 read in 3 ms (357.0 tok/s), 1 generated in 34 ms (29.4 tok/s), drafts accepted 0 of 0, 3 checkpoints
strata serve: decode expert cache hit rate: 62.2% (281 hits / 452 lookups)
strata serve: KV streaming: 98.74% of 11048484 block reads hit VRAM, 561.6 MiB read from RAM
strata serve: prompt 33949 tokens = 33948 reused + 1 read in 3 ms (359.5 tok/s), 1 generated in 37 ms (26.9 tok/s), drafts accepted 0 of 0, 3 checkpoints
strata serve: decode expert cache hit rate: 46.1% (195 hits / 423 lookups)
strata serve: KV streaming: 98.74% of 11054652 block reads hit VRAM, 561.6 MiB read from RAM
strata serve: prompt 33950 tokens = 33949 reused + 1 read in 3 ms (360.2 tok/s), 1 generated in 35 ms (28.2 tok/s), drafts accepted 0 of 0, 3 checkpoints
strata serve: decode expert cache hit rate: 55.0% (241 hits / 438 lookups)
strata serve: KV streaming: 98.74% of 11060820 block reads hit VRAM, 561.6 MiB read from RAM
strata serve: prompt 33951 tokens = 33950 reused + 1 read in 3 ms (358.4 tok/s), 1 generated in 32 ms (31.4 tok/s), drafts accepted 0 of 0, 3 checkpoints
strata serve: decode expert cache hit rate: 66.1% (298 hits / 451 lookups)
strata serve: KV streaming: 98.74% of 11066976 block reads hit VRAM, 561.7 MiB read from RAM
strata serve: prompt 33952 tokens = 33951 reused + 1 read in 3 ms (360.1 tok/s), 1 generated in 30 ms (33.8 tok/s), drafts accepted 0 of 0, 3 checkpoints
strata serve: decode expert cache hit rate: 68.4% (312 hits / 456 lookups)
strata serve: KV streaming: 98.74% of 11073132 block reads hit VRAM, 561.7 MiB read from RAM
strata serve: prompt 33953 tokens = 33952 reused + 1 read in 3 ms (356.5 tok/s), 1 generated in 37 ms (27.4 tok/s), drafts accepted 0 of 0, 3 checkpoints
strata serve: decode expert cache hit rate: 55.7% (244 hits / 438 lookups)
strata serve: KV streaming: 98.74% of 11079300 block reads hit VRAM, 561.7 MiB read from RAM
strata serve: prompt 33954 tokens = 33953 reused + 1 read in 3 ms (358.4 tok/s), 1 generated in 33 ms (30.2 tok/s), drafts accepted 0 of 0, 3 checkpoints
strata serve: decode expert cache hit rate: 59.2% (263 hits / 444 lookups)
strata serve: KV streaming: 98.74% of 11085468 block reads hit VRAM, 561.8 MiB read from RAM
strata serve: prompt 33955 tokens = 33954 reused + 1 read in 3 ms (360.5 tok/s), 1 generated in 32 ms (31.6 tok/s), drafts accepted 0 of 0, 3 checkpoints
strata serve: decode expert cache hit rate: 65.4% (295 hits / 451 lookups)
strata serve: KV streaming: 98.74% of 11091624 block reads hit VRAM, 561.8 MiB read from RAM
strata serve: prompt 33956 tokens = 33955 reused + 1 read in 3 ms (360.0 tok/s), 1 generated in 33 ms (30.3 tok/s), drafts accepted 0 of 0, 3 checkpoints
strata serve: decode expert cache hit rate: 63.7% (286 hits / 449 lookups)
strata serve: KV streaming: 98.74% of 11097780 block reads hit VRAM, 561.8 MiB read from RAM
strata serve: prompt 33957 tokens = 33956 reused + 1 read in 3 ms (360.5 tok/s), 1 generated in 36 ms (27.7 tok/s), drafts accepted 0 of 0, 3 checkpoints
strata serve: decode expert cache hit rate: 52.1% (225 hits / 432 lookups)
strata serve: KV streaming: 98.74% of 11103948 block reads hit VRAM, 561.9 MiB read from RAM
strata serve: prompt 33958 tokens = 33957 reused + 1 read in 3 ms (359.9 tok/s), 1 generated in 32 ms (31.4 tok/s), drafts accepted 0 of 0, 3 checkpoints
strata serve: decode expert cache hit rate: 65.8% (295 hits / 448 lookups)
strata serve: KV streaming: 98.74% of 11110116 block reads hit VRAM, 561.9 MiB read from RAM
strata serve: prompt 33959 tokens = 33958 reused + 1 read in 3 ms (361.2 tok/s), 1 generated in 33 ms (30.0 tok/s), drafts accepted 0 of 0, 3 checkpoints
strata serve: decode expert cache hit rate: 55.8% (249 hits / 446 lookups)
strata serve: KV streaming: 98.75% of 11116272 block reads hit VRAM, 561.9 MiB read from RAM
strata serve: prompt 33960 tokens = 33959 reused + 1 read in 3 ms (360.1 tok/s), 1 generated in 36 ms (27.4 tok/s), drafts accepted 0 of 0, 3 checkpoints
strata serve: decode expert cache hit rate: 48.6% (209 hits / 430 lookups)
strata serve: KV streaming: 98.75% of 11122428 block reads hit VRAM, 562.0 MiB read from RAM
strata serve: prompt 33961 tokens = 33960 reused + 1 read in 3 ms (359.5 tok/s), 1 generated in 38 ms (26.5 tok/s), drafts accepted 0 of 0, 3 checkpoints
strata serve: decode expert cache hit rate: 44.2% (186 hits / 421 lookups)
strata serve: KV streaming: 98.75% of 11128596 block reads hit VRAM, 562.0 MiB read from RAM
strata serve: prompt 33962 tokens = 33961 reused + 1 read in 3 ms (360.3 tok/s), 1 generated in 35 ms (28.6 tok/s), drafts accepted 0 of 0, 3 checkpoints
strata serve: decode expert cache hit rate: 54.8% (241 hits / 440 lookups)
strata serve: KV streaming: 98.75% of 11134764 block reads hit VRAM, 562.0 MiB read from RAM
strata serve: prompt 33963 tokens = 33962 reused + 1 read in 3 ms (355.8 tok/s), 1 generated in 34 ms (29.8 tok/s), drafts accepted 0 of 0, 3 checkpoints
strata serve: decode expert cache hit rate: 59.5% (266 hits / 447 lookups)
strata serve: KV streaming: 98.75% of 11140920 block reads hit VRAM, 562.1 MiB read from RAM
strata serve: prompt 33964 tokens = 33963 reused + 1 read in 3 ms (346.2 tok/s), 1 generated in 31 ms (32.3 tok/s), drafts accepted 0 of 0, 3 checkpoints
strata serve: decode expert cache hit rate: 63.8% (287 hits / 450 lookups)
strata serve: KV streaming: 98.75% of 11147076 block reads hit VRAM, 562.1 MiB read from RAM
strata serve: prompt 33965 tokens = 33964 reused + 1 read in 3 ms (359.4 tok/s), 1 generated in 35 ms (28.9 tok/s), drafts accepted 0 of 0, 3 checkpoints
strata serve: decode expert cache hit rate: 56.6% (249 hits / 440 lookups)
strata serve: KV streaming: 98.75% of 11153244 block reads hit VRAM, 562.1 MiB read from RAM
strata serve: prompt 33966 tokens = 33965 reused + 1 read in 3 ms (360.0 tok/s), 1 generated in 34 ms (29.3 tok/s), drafts accepted 0 of 0, 3 checkpoints
strata serve: decode expert cache hit rate: 57.9% (256 hits / 442 lookups)
strata serve: KV streaming: 98.75% of 11159412 block reads hit VRAM, 562.1 MiB read from RAM
strata serve: prompt 33967 tokens = 33966 reused + 1 read in 3 ms (360.1 tok/s), 1 generated in 34 ms (29.5 tok/s), drafts accepted 0 of 0, 3 checkpoints
strata serve: decode expert cache hit rate: 60.7% (269 hits / 443 lookups)
strata serve: KV streaming: 98.75% of 11165568 block reads hit VRAM, 562.2 MiB read from RAM
strata serve: prompt 33968 tokens = 33967 reused + 1 read in 3 ms (360.2 tok/s), 1 generated in 36 ms (27.7 tok/s), drafts accepted 0 of 0, 3 checkpoints
strata serve: decode expert cache hit rate: 58.7% (257 hits / 438 lookups)
strata serve: KV streaming: 98.75% of 11171724 block reads hit VRAM, 562.2 MiB read from RAM
strata serve: prompt 33969 tokens = 33968 reused + 1 read in 3 ms (357.7 tok/s), 1 generated in 34 ms (29.7 tok/s), drafts accepted 0 of 0, 3 checkpoints
strata serve: decode expert cache hit rate: 59.5% (263 hits / 442 lookups)
strata serve: KV streaming: 98.75% of 11177892 block reads hit VRAM, 562.4 MiB read from RAM
strata serve: prompt 33970 tokens = 33969 reused + 1 read in 3 ms (358.8 tok/s), 1 generated in 35 ms (28.4 tok/s), drafts accepted 0 of 0, 3 checkpoints
strata serve: decode expert cache hit rate: 55.7% (245 hits / 440 lookups)
strata serve: KV streaming: 98.75% of 11184060 block reads hit VRAM, 562.4 MiB read from RAM
strata serve: prompt 33971 tokens = 33970 reused + 1 read in 3 ms (359.0 tok/s), 1 generated in 35 ms (28.9 tok/s), drafts accepted 0 of 0, 3 checkpoints
strata serve: decode expert cache hit rate: 56.1% (248 hits / 442 lookups)
strata serve: KV streaming: 98.75% of 11190216 block reads hit VRAM, 562.5 MiB read from RAM
strata serve: prompt 33972 tokens = 33971 reused + 1 read in 3 ms (360.7 tok/s), 1 generated in 34 ms (29.4 tok/s), drafts accepted 0 of 0, 3 checkpoints
strata serve: decode expert cache hit rate: 62.4% (282 hits / 452 lookups)
strata serve: KV streaming: 98.75% of 11196372 block reads hit VRAM, 562.6 MiB read from RAM
strata serve: prompt 33973 tokens = 33972 reused + 1 read in 3 ms (360.1 tok/s), 1 generated in 36 ms (27.7 tok/s), drafts accepted 0 of 0, 3 checkpoints
strata serve: decode expert cache hit rate: 51.4% (222 hits / 432 lookups)
strata serve: KV streaming: 98.75% of 11202540 block reads hit VRAM, 562.7 MiB read from RAM
strata serve: prompt 33974 tokens = 33973 reused + 1 read in 3 ms (360.5 tok/s), 1 generated in 33 ms (29.9 tok/s), drafts accepted 0 of 0, 3 checkpoints
strata serve: decode expert cache hit rate: 55.6% (244 hits / 439 lookups)
strata serve: KV streaming: 98.75% of 11208708 block reads hit VRAM, 562.7 MiB read from RAM
strata serve: prompt 33975 tokens = 33974 reused + 1 read in 3 ms (360.8 tok/s), 1 generated in 36 ms (27.8 tok/s), drafts accepted 0 of 0, 3 checkpoints
strata serve: decode expert cache hit rate: 55.1% (242 hits / 439 lookups)
strata serve: KV streaming: 98.75% of 11214864 block reads hit VRAM, 562.7 MiB read from RAM
strata serve: prompt 33976 tokens = 33975 reused + 1 read in 3 ms (358.9 tok/s), 1 generated in 34 ms (29.1 tok/s), drafts accepted 0 of 0, 3 checkpoints
strata serve: decode expert cache hit rate: 58.5% (259 hits / 443 lookups)
strata serve: KV streaming: 98.76% of 11221020 block reads hit VRAM, 562.7 MiB read from RAM
strata serve: prompt 33977 tokens = 33976 reused + 1 read in 3 ms (360.4 tok/s), 1 generated in 34 ms (29.2 tok/s), drafts accepted 0 of 0, 3 checkpoints
strata serve: decode expert cache hit rate: 59.5% (264 hits / 444 lookups)
strata serve: KV streaming: 98.76% of 11227188 block reads hit VRAM, 562.7 MiB read from RAM
strata serve: prompt 33978 tokens = 33977 reused + 1 read in 3 ms (360.0 tok/s), 1 generated in 37 ms (27.1 tok/s), drafts accepted 0 of 0, 3 checkpoints
strata serve: decode expert cache hit rate: 52.9% (230 hits / 435 lookups)
strata serve: KV streaming: 98.76% of 11233356 block reads hit VRAM, 562.7 MiB read from RAM
strata serve: prompt 33979 tokens = 33978 reused + 1 read in 3 ms (360.5 tok/s), 1 generated in 34 ms (29.7 tok/s), drafts accepted 0 of 0, 3 checkpoints
strata serve: decode expert cache hit rate: 63.9% (287 hits / 449 lookups)
strata serve: KV streaming: 98.76% of 11239512 block reads hit VRAM, 562.7 MiB read from RAM
strata serve: prompt 33980 tokens = 33979 reused + 1 read in 3 ms (354.1 tok/s), 1 generated in 36 ms (27.6 tok/s), drafts accepted 0 of 0, 3 checkpoints
strata serve: decode expert cache hit rate: 63.1% (284 hits / 450 lookups)
strata serve: KV streaming: 98.76% of 11245668 block reads hit VRAM, 562.7 MiB read from RAM
strata serve: prompt 33981 tokens = 33980 reused + 1 read in 3 ms (357.4 tok/s), 1 generated in 32 ms (30.9 tok/s), drafts accepted 0 of 0, 3 checkpoints
strata serve: decode expert cache hit rate: 64.9% (294 hits / 453 lookups)
strata serve: KV streaming: 98.76% of 11251836 block reads hit VRAM, 562.7 MiB read from RAM
strata serve: prompt 33982 tokens = 33981 reused + 1 read in 3 ms (360.6 tok/s), 1 generated in 36 ms (27.5 tok/s), drafts accepted 0 of 0, 3 checkpoints
strata serve: decode expert cache hit rate: 54.4% (240 hits / 441 lookups)
strata serve: KV streaming: 98.76% of 11258004 block reads hit VRAM, 562.7 MiB read from RAM
strata serve: prompt 33983 tokens = 33982 reused + 1 read in 3 ms (360.5 tok/s), 1 generated in 34 ms (29.6 tok/s), drafts accepted 0 of 0, 3 checkpoints
strata serve: decode expert cache hit rate: 64.2% (290 hits / 452 lookups)
strata serve: KV streaming: 98.76% of 11264160 block reads hit VRAM, 562.7 MiB read from RAM
strata serve: prompt 33984 tokens = 33983 reused + 1 read in 3 ms (357.5 tok/s), 1 generated in 32 ms (30.9 tok/s), drafts accepted 0 of 0, 3 checkpoints
strata serve: decode expert cache hit rate: 66.2% (299 hits / 452 lookups)
strata serve: KV streaming: 98.76% of 11270316 block reads hit VRAM, 562.7 MiB read from RAM
strata serve: prompt 33985 tokens = 33984 reused + 1 read in 3 ms (361.0 tok/s), 1 generated in 32 ms (31.3 tok/s), drafts accepted 0 of 0, 3 checkpoints
strata serve: decode expert cache hit rate: 74.6% (343 hits / 460 lookups)
strata serve: KV streaming: 98.76% of 11276484 block reads hit VRAM, 562.7 MiB read from RAM
strata serve: prompt 33986 tokens = 33985 reused + 1 read in 3 ms (359.2 tok/s), 1 generated in 33 ms (30.8 tok/s), drafts accepted 0 of 0, 3 checkpoints
strata serve: decode expert cache hit rate: 65.2% (292 hits / 448 lookups)
strata serve: KV streaming: 98.76% of 11282652 block reads hit VRAM, 562.9 MiB read from RAM
strata serve: prompt 33987 tokens = 33986 reused + 1 read in 3 ms (360.7 tok/s), 1 generated in 35 ms (28.2 tok/s), drafts accepted 0 of 0, 3 checkpoints
strata serve: decode expert cache hit rate: 59.2% (261 hits / 441 lookups)
strata serve: KV streaming: 98.76% of 11288808 block reads hit VRAM, 562.9 MiB read from RAM
strata serve: prompt 33988 tokens = 33987 reused + 1 read in 3 ms (359.3 tok/s), 1 generated in 35 ms (28.3 tok/s), drafts accepted 0 of 0, 3 checkpoints
strata serve: decode expert cache hit rate: 54.0% (237 hits / 439 lookups)
strata serve: KV streaming: 98.76% of 11294964 block reads hit VRAM, 562.9 MiB read from RAM
strata serve: prompt 33989 tokens = 33988 reused + 1 read in 3 ms (357.7 tok/s), 1 generated in 35 ms (28.8 tok/s), drafts accepted 0 of 0, 3 checkpoints
strata serve: decode expert cache hit rate: 58.2% (259 hits / 445 lookups)
strata serve: KV streaming: 98.76% of 11301132 block reads hit VRAM, 562.9 MiB read from RAM
strata serve: prompt 33990 tokens = 33989 reused + 1 read in 3 ms (359.1 tok/s), 1 generated in 37 ms (27.3 tok/s), drafts accepted 0 of 0, 3 checkpoints
strata serve: decode expert cache hit rate: 47.9% (207 hits / 432 lookups)
strata serve: KV streaming: 98.76% of 11307300 block reads hit VRAM, 562.9 MiB read from RAM
strata serve: prompt 33991 tokens = 33990 reused + 1 read in 3 ms (359.4 tok/s), 1 generated in 36 ms (27.8 tok/s), drafts accepted 0 of 0, 3 checkpoints
strata serve: decode expert cache hit rate: 56.0% (246 hits / 439 lookups)
strata serve: KV streaming: 98.76% of 11313456 block reads hit VRAM, 563.0 MiB read from RAM
strata serve: prompt 33992 tokens = 33991 reused + 1 read in 3 ms (360.7 tok/s), 1 generated in 34 ms (29.6 tok/s), drafts accepted 0 of 0, 3 checkpoints
strata serve: decode expert cache hit rate: 54.1% (235 hits / 434 lookups)
strata serve: KV streaming: 98.77% of 11319612 block reads hit VRAM, 563.0 MiB read from RAM
strata serve: prompt 33993 tokens = 33992 reused + 1 read in 3 ms (359.1 tok/s), 1 generated in 36 ms (27.5 tok/s), drafts accepted 0 of 0, 3 checkpoints
strata serve: decode expert cache hit rate: 51.0% (222 hits / 435 lookups)
strata serve: KV streaming: 98.77% of 11325780 block reads hit VRAM, 563.0 MiB read from RAM
strata serve: prompt 33994 tokens = 33993 reused + 1 read in 3 ms (360.0 tok/s), 1 generated in 35 ms (28.8 tok/s), drafts accepted 0 of 0, 3 checkpoints
strata serve: decode expert cache hit rate: 57.7% (256 hits / 444 lookups)
strata serve: KV streaming: 98.77% of 11331948 block reads hit VRAM, 563.3 MiB read from RAM
strata serve: prompt 33995 tokens = 33994 reused + 1 read in 3 ms (360.9 tok/s), 1 generated in 37 ms (27.1 tok/s), drafts accepted 0 of 0, 3 checkpoints
strata serve: decode expert cache hit rate: 54.0% (235 hits / 435 lookups)
strata serve: KV streaming: 98.77% of 11338104 block reads hit VRAM, 563.3 MiB read from RAM
strata serve: prompt 33996 tokens = 33995 reused + 1 read in 3 ms (359.2 tok/s), 1 generated in 38 ms (26.0 tok/s), drafts accepted 0 of 0, 3 checkpoints
strata serve: decode expert cache hit rate: 49.9% (216 hits / 433 lookups)
strata serve: KV streaming: 98.77% of 11344260 block reads hit VRAM, 563.3 MiB read from RAM
strata serve: prompt 33997 tokens = 33996 reused + 1 read in 3 ms (355.2 tok/s), 1 generated in 38 ms (26.7 tok/s), drafts accepted 0 of 0, 3 checkpoints
strata serve: decode expert cache hit rate: 44.3% (188 hits / 424 lookups)
strata serve: KV streaming: 98.77% of 11350428 block reads hit VRAM, 563.3 MiB read from RAM
strata serve: prompt 33998 tokens = 33997 reused + 1 read in 3 ms (360.6 tok/s), 1 generated in 36 ms (28.0 tok/s), drafts accepted 0 of 0, 3 checkpoints
strata serve: decode expert cache hit rate: 57.2% (250 hits / 437 lookups)
strata serve: KV streaming: 98.77% of 11356596 block reads hit VRAM, 563.4 MiB read from RAM
strata serve: prompt 33999 tokens = 33998 reused + 1 read in 3 ms (356.1 tok/s), 1 generated in 33 ms (30.1 tok/s), drafts accepted 0 of 0, 3 checkpoints
strata serve: decode expert cache hit rate: 65.1% (293 hits / 450 lookups)
strata serve: KV streaming: 98.77% of 11362752 block reads hit VRAM, 563.4 MiB read from RAM
strata serve: prompt 34000 tokens = 33999 reused + 1 read in 3 ms (360.1 tok/s), 1 generated in 33 ms (30.3 tok/s), drafts accepted 0 of 0, 3 checkpoints
strata serve: decode expert cache hit rate: 63.8% (289 hits / 453 lookups)
strata serve: KV streaming: 98.77% of 11368908 block reads hit VRAM, 563.4 MiB read from RAM
strata serve: prompt 34001 tokens = 34000 reused + 1 read in 3 ms (360.3 tok/s), 1 generated in 34 ms (29.0 tok/s), drafts accepted 0 of 0, 3 checkpoints
strata serve: decode expert cache hit rate: 58.6% (259 hits / 442 lookups)
strata serve: KV streaming: 98.77% of 11375076 block reads hit VRAM, 563.4 MiB read from RAM
strata serve: prompt 34002 tokens = 34001 reused + 1 read in 3 ms (359.0 tok/s), 1 generated in 34 ms (29.4 tok/s), drafts accepted 0 of 0, 3 checkpoints
strata serve: decode expert cache hit rate: 59.4% (265 hits / 446 lookups)
strata serve: KV streaming: 98.77% of 11381244 block reads hit VRAM, 563.4 MiB read from RAM
strata serve: prompt 34003 tokens = 34002 reused + 1 read in 3 ms (360.5 tok/s), 1 generated in 33 ms (30.7 tok/s), drafts accepted 0 of 0, 3 checkpoints
strata serve: decode expert cache hit rate: 63.6% (286 hits / 450 lookups)
strata serve: KV streaming: 98.77% of 11387400 block reads hit VRAM, 563.4 MiB read from RAM
strata serve: prompt 34004 tokens = 34003 reused + 1 read in 3 ms (359.8 tok/s), 1 generated in 31 ms (32.3 tok/s), drafts accepted 0 of 0, 3 checkpoints
strata serve: decode expert cache hit rate: 71.9% (333 hits / 463 lookups)
strata serve: KV streaming: 98.77% of 11393556 block reads hit VRAM, 563.5 MiB read from RAM
strata serve: prompt 34005 tokens = 34004 reused + 1 read in 3 ms (360.4 tok/s), 1 generated in 33 ms (30.4 tok/s), drafts accepted 0 of 0, 3 checkpoints
strata serve: decode expert cache hit rate: 61.5% (272 hits / 442 lookups)
strata serve: KV streaming: 98.77% of 11399724 block reads hit VRAM, 563.5 MiB read from RAM
strata serve: prompt 34006 tokens = 34005 reused + 1 read in 3 ms (360.4 tok/s), 1 generated in 35 ms (28.2 tok/s), drafts accepted 0 of 0, 3 checkpoints
strata serve: decode expert cache hit rate: 56.7% (250 hits / 441 lookups)
strata serve: KV streaming: 98.77% of 11405892 block reads hit VRAM, 563.5 MiB read from RAM
strata serve: prompt 34007 tokens = 34006 reused + 1 read in 3 ms (359.7 tok/s), 1 generated in 34 ms (29.6 tok/s), drafts accepted 0 of 0, 3 checkpoints
strata serve: decode expert cache hit rate: 65.6% (295 hits / 450 lookups)
strata serve: KV streaming: 98.77% of 11412048 block reads hit VRAM, 563.5 MiB read from RAM
strata serve: prompt 34008 tokens = 34007 reused + 1 read in 3 ms (360.4 tok/s), 1 generated in 36 ms (27.6 tok/s), drafts accepted 0 of 0, 3 checkpoints
strata serve: decode expert cache hit rate: 52.2% (226 hits / 433 lookups)
strata serve: KV streaming: 98.77% of 11418204 block reads hit VRAM, 563.5 MiB read from RAM
strata serve: prompt 34009 tokens = 34008 reused + 1 read in 3 ms (359.6 tok/s), 1 generated in 35 ms (28.8 tok/s), drafts accepted 0 of 0, 3 checkpoints
strata serve: decode expert cache hit rate: 57.6% (251 hits / 436 lookups)
strata serve: KV streaming: 98.78% of 11424372 block reads hit VRAM, 563.5 MiB read from RAM
strata serve: prompt 34010 tokens = 34009 reused + 1 read in 3 ms (358.4 tok/s), 1 generated in 36 ms (28.1 tok/s), drafts accepted 0 of 0, 3 checkpoints
strata serve: decode expert cache hit rate: 54.5% (238 hits / 437 lookups)
strata serve: KV streaming: 98.78% of 11430540 block reads hit VRAM, 563.5 MiB read from RAM
strata serve: prompt 34011 tokens = 34010 reused + 1 read in 3 ms (359.9 tok/s), 1 generated in 37 ms (26.9 tok/s), drafts accepted 0 of 0, 3 checkpoints
strata serve: decode expert cache hit rate: 49.1% (211 hits / 430 lookups)
strata serve: KV streaming: 98.78% of 11436696 block reads hit VRAM, 563.6 MiB read from RAM
strata serve: prompt 34012 tokens = 34011 reused + 1 read in 3 ms (360.0 tok/s), 1 generated in 36 ms (28.1 tok/s), drafts accepted 0 of 0, 3 checkpoints
strata serve: decode expert cache hit rate: 54.7% (239 hits / 437 lookups)
strata serve: KV streaming: 98.78% of 11442852 block reads hit VRAM, 563.6 MiB read from RAM
strata serve: prompt 34013 tokens = 34012 reused + 1 read in 3 ms (360.0 tok/s), 1 generated in 48 ms (20.8 tok/s), drafts accepted 0 of 0, 3 checkpoints
strata serve: decode expert cache hit rate: 60.9% (274 hits / 450 lookups)
strata serve: KV streaming: 98.78% of 11449020 block reads hit VRAM, 563.6 MiB read from RAM
strata serve: prompt 34014 tokens = 34013 reused + 1 read in 3 ms (342.9 tok/s), 1 generated in 35 ms (28.3 tok/s), drafts accepted 0 of 0, 3 checkpoints
strata serve: decode expert cache hit rate: 52.7% (228 hits / 433 lookups)
strata serve: KV streaming: 98.78% of 11455188 block reads hit VRAM, 563.6 MiB read from RAM
strata serve: prompt 34015 tokens = 34014 reused + 1 read in 3 ms (360.6 tok/s), 1 generated in 37 ms (27.4 tok/s), drafts accepted 0 of 0, 3 checkpoints
strata serve: decode expert cache hit rate: 51.9% (224 hits / 432 lookups)
strata serve: KV streaming: 98.78% of 11461344 block reads hit VRAM, 563.6 MiB read from RAM
strata serve: prompt 34016 tokens = 34015 reused + 1 read in 3 ms (360.0 tok/s), 1 generated in 35 ms (28.9 tok/s), drafts accepted 0 of 0, 3 checkpoints
strata serve: decode expert cache hit rate: 58.3% (260 hits / 446 lookups)
strata serve: KV streaming: 98.78% of 11467500 block reads hit VRAM, 563.6 MiB read from RAM
strata serve: prompt 34017 tokens = 34016 reused + 1 read in 3 ms (358.0 tok/s), 1 generated in 35 ms (28.9 tok/s), drafts accepted 0 of 0, 3 checkpoints
strata serve: decode expert cache hit rate: 58.5% (261 hits / 446 lookups)
strata serve: KV streaming: 98.78% of 11473668 block reads hit VRAM, 563.6 MiB read from RAM
strata serve: prompt 34018 tokens = 34017 reused + 1 read in 3 ms (351.2 tok/s), 1 generated in 34 ms (29.6 tok/s), drafts accepted 0 of 0, 3 checkpoints
strata serve: decode expert cache hit rate: 60.3% (269 hits / 446 lookups)
strata serve: KV streaming: 98.78% of 11479836 block reads hit VRAM, 563.6 MiB read from RAM
strata serve: prompt 34019 tokens = 34018 reused + 1 read in 3 ms (354.1 tok/s), 1 generated in 35 ms (28.7 tok/s), drafts accepted 0 of 0, 3 checkpoints
strata serve: decode expert cache hit rate: 58.3% (257 hits / 441 lookups)
strata serve: KV streaming: 98.78% of 11485992 block reads hit VRAM, 563.7 MiB read from RAM
strata serve: prompt 34020 tokens = 34019 reused + 1 read in 3 ms (360.4 tok/s), 1 generated in 35 ms (28.6 tok/s), drafts accepted 0 of 0, 3 checkpoints
strata serve: decode expert cache hit rate: 57.8% (256 hits / 443 lookups)
strata serve: KV streaming: 98.78% of 11492148 block reads hit VRAM, 563.7 MiB read from RAM
strata serve: prompt 34021 tokens = 34020 reused + 1 read in 3 ms (359.2 tok/s), 1 generated in 36 ms (28.0 tok/s), drafts accepted 0 of 0, 3 checkpoints
strata serve: decode expert cache hit rate: 51.4% (223 hits / 434 lookups)
strata serve: KV streaming: 98.78% of 11498316 block reads hit VRAM, 563.7 MiB read from RAM
strata serve: prompt 34022 tokens = 34021 reused + 1 read in 3 ms (360.3 tok/s), 1 generated in 36 ms (27.8 tok/s), drafts accepted 0 of 0, 3 checkpoints
strata serve: decode expert cache hit rate: 52.8% (230 hits / 436 lookups)
strata serve: KV streaming: 98.78% of 11504484 block reads hit VRAM, 563.7 MiB read from RAM
strata serve: prompt 34023 tokens = 34022 reused + 1 read in 3 ms (360.1 tok/s), 1 generated in 33 ms (30.3 tok/s), drafts accepted 0 of 0, 3 checkpoints
strata serve: decode expert cache hit rate: 58.7% (262 hits / 446 lookups)
strata serve: KV streaming: 98.78% of 11510640 block reads hit VRAM, 563.7 MiB read from RAM
strata serve: prompt 34024 tokens = 34023 reused + 1 read in 3 ms (359.8 tok/s), 1 generated in 37 ms (27.3 tok/s), drafts accepted 0 of 0, 3 checkpoints
strata serve: decode expert cache hit rate: 48.6% (209 hits / 430 lookups)
strata serve: KV streaming: 98.78% of 11516796 block reads hit VRAM, 563.7 MiB read from RAM
strata serve: prompt 34025 tokens = 34024 reused + 1 read in 3 ms (359.9 tok/s), 1 generated in 36 ms (28.0 tok/s), drafts accepted 0 of 0, 3 checkpoints
strata serve: decode expert cache hit rate: 53.1% (233 hits / 439 lookups)
strata serve: KV streaming: 98.79% of 11522964 block reads hit VRAM, 563.7 MiB read from RAM
strata serve: prompt 34026 tokens = 34025 reused + 1 read in 3 ms (359.6 tok/s), 1 generated in 36 ms (27.6 tok/s), drafts accepted 0 of 0, 3 checkpoints
strata serve: decode expert cache hit rate: 50.6% (221 hits / 437 lookups)
strata serve: KV streaming: 98.79% of 11529132 block reads hit VRAM, 563.7 MiB read from RAM
strata serve: prompt 34027 tokens = 34026 reused + 1 read in 3 ms (360.0 tok/s), 1 generated in 36 ms (27.5 tok/s), drafts accepted 0 of 0, 3 checkpoints
strata serve: decode expert cache hit rate: 55.9% (246 hits / 440 lookups)
strata serve: KV streaming: 98.79% of 11535288 block reads hit VRAM, 563.7 MiB read from RAM
strata serve: prompt 34028 tokens = 34027 reused + 1 read in 3 ms (360.8 tok/s), 1 generated in 34 ms (29.8 tok/s), drafts accepted 0 of 0, 3 checkpoints
strata serve: decode expert cache hit rate: 61.5% (276 hits / 449 lookups)
strata serve: KV streaming: 98.79% of 11541444 block reads hit VRAM, 563.7 MiB read from RAM
strata serve: prompt 34029 tokens = 34028 reused + 1 read in 3 ms (357.3 tok/s), 1 generated in 38 ms (26.2 tok/s), drafts accepted 0 of 0, 3 checkpoints
strata serve: decode expert cache hit rate: 50.1% (217 hits / 433 lookups)
strata serve: KV streaming: 98.79% of 11547612 block reads hit VRAM, 563.8 MiB read from RAM
strata serve: prompt 34030 tokens = 34029 reused + 1 read in 3 ms (353.3 tok/s), 1 generated in 36 ms (27.9 tok/s), drafts accepted 0 of 0, 3 checkpoints
strata serve: decode expert cache hit rate: 50.9% (220 hits / 432 lookups)
strata serve: KV streaming: 98.79% of 11553780 block reads hit VRAM, 563.8 MiB read from RAM
strata serve: prompt 34031 tokens = 34030 reused + 1 read in 3 ms (351.5 tok/s), 1 generated in 34 ms (29.4 tok/s), drafts accepted 0 of 0, 3 checkpoints
strata serve: decode expert cache hit rate: 60.8% (271 hits / 446 lookups)
strata serve: KV streaming: 98.79% of 11559936 block reads hit VRAM, 563.8 MiB read from RAM
strata serve: prompt 34032 tokens = 34031 reused + 1 read in 3 ms (359.5 tok/s), 1 generated in 36 ms (27.7 tok/s), drafts accepted 0 of 0, 3 checkpoints
strata serve: decode expert cache hit rate: 53.0% (231 hits / 436 lookups)
strata serve: KV streaming: 98.79% of 11566092 block reads hit VRAM, 563.8 MiB read from RAM
strata serve: prompt 34033 tokens = 34032 reused + 1 read in 3 ms (359.9 tok/s), 1 generated in 34 ms (29.3 tok/s), drafts accepted 0 of 0, 3 checkpoints
strata serve: decode expert cache hit rate: 56.7% (251 hits / 443 lookups)
strata serve: KV streaming: 98.79% of 11572260 block reads hit VRAM, 563.8 MiB read from RAM
strata serve: prompt 34034 tokens = 34033 reused + 1 read in 3 ms (360.4 tok/s), 1 generated in 34 ms (29.5 tok/s), drafts accepted 0 of 0, 3 checkpoints
strata serve: decode expert cache hit rate: 59.6% (265 hits / 445 lookups)
strata serve: KV streaming: 98.79% of 11578428 block reads hit VRAM, 563.8 MiB read from RAM
strata serve: prompt 34035 tokens = 34034 reused + 1 read in 3 ms (359.4 tok/s), 1 generated in 36 ms (28.0 tok/s), drafts accepted 0 of 0, 3 checkpoints
strata serve: decode expert cache hit rate: 53.8% (235 hits / 437 lookups)
strata serve: KV streaming: 98.79% of 11584584 block reads hit VRAM, 563.8 MiB read from RAM
strata serve: prompt 34036 tokens = 34035 reused + 1 read in 3 ms (360.3 tok/s), 1 generated in 34 ms (29.1 tok/s), drafts accepted 0 of 0, 3 checkpoints
strata serve: decode expert cache hit rate: 59.8% (265 hits / 443 lookups)
strata serve: KV streaming: 98.79% of 11590740 block reads hit VRAM, 563.8 MiB read from RAM
strata serve: prompt 34037 tokens = 34036 reused + 1 read in 3 ms (359.2 tok/s), 1 generated in 37 ms (27.3 tok/s), drafts accepted 0 of 0, 3 checkpoints
strata serve: decode expert cache hit rate: 49.4% (212 hits / 429 lookups)
strata serve: KV streaming: 98.79% of 11596908 block reads hit VRAM, 563.8 MiB read from RAM
strata serve: prompt 34038 tokens = 34037 reused + 1 read in 3 ms (360.4 tok/s), 1 generated in 37 ms (26.7 tok/s), drafts accepted 0 of 0, 3 checkpoints
strata serve: decode expert cache hit rate: 48.5% (210 hits / 433 lookups)
strata serve: KV streaming: 98.79% of 11603076 block reads hit VRAM, 563.8 MiB read from RAM
strata serve: prompt 34039 tokens = 34038 reused + 1 read in 3 ms (360.5 tok/s), 1 generated in 37 ms (27.2 tok/s), drafts accepted 0 of 0, 3 checkpoints
strata serve: decode expert cache hit rate: 49.7% (214 hits / 431 lookups)
strata serve: KV streaming: 98.79% of 11609232 block reads hit VRAM, 563.8 MiB read from RAM
strata serve: prompt 34040 tokens = 34039 reused + 1 read in 3 ms (360.6 tok/s), 1 generated in 38 ms (26.3 tok/s), drafts accepted 0 of 0, 3 checkpoints
strata serve: decode expert cache hit rate: 46.0% (197 hits / 428 lookups)
strata serve: KV streaming: 98.79% of 11615388 block reads hit VRAM, 563.8 MiB read from RAM
strata serve: prompt 34041 tokens = 34040 reused + 1 read in 3 ms (360.0 tok/s), 1 generated in 43 ms (23.1 tok/s), drafts accepted 0 of 0, 3 checkpoints
strata serve: decode expert cache hit rate: 50.8% (219 hits / 431 lookups)
strata serve: KV streaming: 98.80% of 11621556 block reads hit VRAM, 563.8 MiB read from RAM
strata serve: prompt 34042 tokens = 34041 reused + 1 read in 3 ms (360.2 tok/s), 1 generated in 34 ms (29.2 tok/s), drafts accepted 0 of 0, 3 checkpoints
strata serve: decode expert cache hit rate: 60.3% (270 hits / 448 lookups)
strata serve: KV streaming: 98.80% of 11627724 block reads hit VRAM, 563.9 MiB read from RAM
strata serve: prompt 34043 tokens = 34042 reused + 1 read in 3 ms (356.9 tok/s), 1 generated in 38 ms (26.4 tok/s), drafts accepted 0 of 0, 3 checkpoints
strata serve: decode expert cache hit rate: 43.5% (183 hits / 421 lookups)
strata serve: KV streaming: 98.80% of 11633880 block reads hit VRAM, 563.9 MiB read from RAM
strata serve: prompt 34044 tokens = 34043 reused + 1 read in 3 ms (359.9 tok/s), 1 generated in 40 ms (25.2 tok/s), drafts accepted 0 of 0, 3 checkpoints
strata serve: decode expert cache hit rate: 39.0% (162 hits / 415 lookups)
strata serve: KV streaming: 98.80% of 11640036 block reads hit VRAM, 563.9 MiB read from RAM
strata serve: prompt 34045 tokens = 34044 reused + 1 read in 3 ms (359.8 tok/s), 1 generated in 36 ms (27.6 tok/s), drafts accepted 0 of 0, 3 checkpoints
strata serve: decode expert cache hit rate: 47.8% (205 hits / 429 lookups)
strata serve: KV streaming: 98.80% of 11646204 block reads hit VRAM, 563.9 MiB read from RAM
strata serve: prompt 34046 tokens = 34045 reused + 1 read in 3 ms (360.1 tok/s), 1 generated in 36 ms (27.5 tok/s), drafts accepted 0 of 0, 3 checkpoints
strata serve: decode expert cache hit rate: 47.4% (203 hits / 428 lookups)
strata serve: KV streaming: 98.80% of 11652372 block reads hit VRAM, 563.9 MiB read from RAM
strata serve: prompt 34047 tokens = 34046 reused + 1 read in 3 ms (359.6 tok/s), 1 generated in 35 ms (28.7 tok/s), drafts accepted 0 of 0, 3 checkpoints
strata serve: decode expert cache hit rate: 58.0% (256 hits / 441 lookups)
strata serve: KV streaming: 98.80% of 11658528 block reads hit VRAM, 563.9 MiB read from RAM
strata serve: prompt 34048 tokens = 34047 reused + 1 read in 3 ms (360.5 tok/s), 1 generated in 41 ms (24.3 tok/s), drafts accepted 0 of 0, 3 checkpoints
strata serve: decode expert cache hit rate: 35.7% (148 hits / 415 lookups)
strata serve: KV streaming: 98.80% of 11664684 block reads hit VRAM, 563.9 MiB read from RAM
strata serve: prompt 34049 tokens = 34048 reused + 1 read in 3 ms (360.9 tok/s), 1 generated in 35 ms (28.2 tok/s), drafts accepted 0 of 0, 3 checkpoints
strata serve: decode expert cache hit rate: 50.8% (219 hits / 431 lookups)
strata serve: KV streaming: 98.80% of 11670852 block reads hit VRAM, 564.0 MiB read from RAM
strata serve: prompt 34050 tokens = 34049 reused + 1 read in 3 ms (360.1 tok/s), 1 generated in 39 ms (25.7 tok/s), drafts accepted 0 of 0, 3 checkpoints
strata serve: decode expert cache hit rate: 37.6% (158 hits / 420 lookups)
strata serve: KV streaming: 98.80% of 11677020 block reads hit VRAM, 564.0 MiB read from RAM
strata serve: prompt 34051 tokens = 34050 reused + 1 read in 3 ms (359.5 tok/s), 1 generated in 36 ms (27.5 tok/s), drafts accepted 0 of 0, 3 checkpoints
strata serve: decode expert cache hit rate: 46.0% (196 hits / 426 lookups)
strata serve: KV streaming: 98.80% of 11683176 block reads hit VRAM, 564.0 MiB read from RAM
strata serve: prompt 34052 tokens = 34051 reused + 1 read in 3 ms (360.9 tok/s), 1 generated in 37 ms (27.0 tok/s), drafts accepted 0 of 0, 3 checkpoints
strata serve: decode expert cache hit rate: 46.9% (201 hits / 429 lookups)
strata serve: KV streaming: 98.80% of 11689332 block reads hit VRAM, 564.1 MiB read from RAM
strata serve: prompt 34053 tokens = 34052 reused + 1 read in 3 ms (359.7 tok/s), 1 generated in 36 ms (27.6 tok/s), drafts accepted 0 of 0, 3 checkpoints
strata serve: decode expert cache hit rate: 48.3% (208 hits / 431 lookups)
strata serve: KV streaming: 98.80% of 11695500 block reads hit VRAM, 564.1 MiB read from RAM
strata serve: prompt 34054 tokens = 34053 reused + 1 read in 3 ms (360.2 tok/s), 1 generated in 35 ms (28.6 tok/s), drafts accepted 0 of 0, 3 checkpoints
strata serve: decode expert cache hit rate: 54.8% (240 hits / 438 lookups)
strata serve: KV streaming: 98.80% of 11701668 block reads hit VRAM, 564.1 MiB read from RAM
strata serve: prompt 34055 tokens = 34054 reused + 1 read in 3 ms (360.5 tok/s), 1 generated in 37 ms (27.3 tok/s), drafts accepted 0 of 0, 3 checkpoints
strata serve: decode expert cache hit rate: 46.6% (199 hits / 427 lookups)
strata serve: KV streaming: 98.80% of 11707824 block reads hit VRAM, 564.1 MiB read from RAM
strata serve: prompt 34056 tokens = 34055 reused + 1 read in 3 ms (357.5 tok/s), 1 generated in 35 ms (28.2 tok/s), drafts accepted 0 of 0, 3 checkpoints
strata serve: decode expert cache hit rate: 54.9% (241 hits / 439 lookups)
strata serve: KV streaming: 98.80% of 11713980 block reads hit VRAM, 564.1 MiB read from RAM
strata serve: prompt 34057 tokens = 34056 reused + 1 read in 3 ms (356.6 tok/s), 1 generated in 38 ms (26.6 tok/s), drafts accepted 0 of 0, 3 checkpoints
strata serve: decode expert cache hit rate: 43.8% (185 hits / 422 lookups)
strata serve: KV streaming: 98.81% of 11720148 block reads hit VRAM, 564.2 MiB read from RAM
strata serve: prompt 34058 tokens = 34057 reused + 1 read in 3 ms (361.1 tok/s), 1 generated in 37 ms (27.1 tok/s), drafts accepted 0 of 0, 3 checkpoints
strata serve: decode expert cache hit rate: 46.6% (198 hits / 425 lookups)
strata serve: KV streaming: 98.81% of 11726316 block reads hit VRAM, 564.2 MiB read from RAM
strata serve: prompt 34059 tokens = 34058 reused + 1 read in 3 ms (359.8 tok/s), 1 generated in 35 ms (28.4 tok/s), drafts accepted 0 of 0, 3 checkpoints
strata serve: decode expert cache hit rate: 50.1% (217 hits / 433 lookups)
strata serve: KV streaming: 98.81% of 11732472 block reads hit VRAM, 564.2 MiB read from RAM
strata serve: prompt 34060 tokens = 34059 reused + 1 read in 3 ms (359.5 tok/s), 1 generated in 36 ms (28.0 tok/s), drafts accepted 0 of 0, 3 checkpoints
strata serve: decode expert cache hit rate: 52.3% (226 hits / 432 lookups)
strata serve: KV streaming: 98.81% of 11738628 block reads hit VRAM, 564.2 MiB read from RAM
strata serve: prompt 34061 tokens = 34060 reused + 1 read in 3 ms (360.6 tok/s), 1 generated in 33 ms (30.2 tok/s), drafts accepted 0 of 0, 3 checkpoints
strata serve: decode expert cache hit rate: 59.2% (261 hits / 441 lookups)
strata serve: KV streaming: 98.81% of 11744796 block reads hit VRAM, 564.2 MiB read from RAM
strata serve: prompt 34062 tokens = 34061 reused + 1 read in 3 ms (359.6 tok/s), 1 generated in 35 ms (28.7 tok/s), drafts accepted 0 of 0, 3 checkpoints
strata serve: decode expert cache hit rate: 53.0% (232 hits / 438 lookups)
strata serve: KV streaming: 98.81% of 11750964 block reads hit VRAM, 564.2 MiB read from RAM
strata serve: prompt 34063 tokens = 34062 reused + 1 read in 3 ms (360.6 tok/s), 1 generated in 33 ms (29.9 tok/s), drafts accepted 0 of 0, 3 checkpoints
strata serve: decode expert cache hit rate: 55.8% (244 hits / 437 lookups)
strata serve: KV streaming: 98.81% of 11757120 block reads hit VRAM, 564.2 MiB read from RAM
strata serve: prompt 34064 tokens = 34063 reused + 1 read in 3 ms (360.6 tok/s), 1 generated in 33 ms (30.0 tok/s), drafts accepted 0 of 0, 3 checkpoints
strata serve: decode expert cache hit rate: 59.6% (263 hits / 441 lookups)
strata serve: KV streaming: 98.81% of 11763276 block reads hit VRAM, 564.3 MiB read from RAM
strata serve: prompt 34065 tokens = 34064 reused + 1 read in 3 ms (360.3 tok/s), 1 generated in 36 ms (28.1 tok/s), drafts accepted 0 of 0, 3 checkpoints
strata serve: decode expert cache hit rate: 53.3% (232 hits / 435 lookups)
strata serve: KV streaming: 98.81% of 11769444 block reads hit VRAM, 564.3 MiB read from RAM
strata serve: prompt 34066 tokens = 34065 reused + 1 read in 3 ms (360.5 tok/s), 1 generated in 35 ms (28.2 tok/s), drafts accepted 0 of 0, 3 checkpoints
strata serve: decode expert cache hit rate: 50.2% (216 hits / 430 lookups)
strata serve: KV streaming: 98.81% of 11775612 block reads hit VRAM, 564.4 MiB read from RAM
strata serve: prompt 34067 tokens = 34066 reused + 1 read in 3 ms (355.4 tok/s), 1 generated in 34 ms (29.4 tok/s), drafts accepted 0 of 0, 3 checkpoints
strata serve: decode expert cache hit rate: 63.0% (283 hits / 449 lookups)
strata serve: KV streaming: 98.81% of 11781768 block reads hit VRAM, 564.4 MiB read from RAM
strata serve: prompt 34068 tokens = 34067 reused + 1 read in 3 ms (351.3 tok/s), 1 generated in 32 ms (31.0 tok/s), drafts accepted 0 of 0, 3 checkpoints
strata serve: decode expert cache hit rate: 60.3% (269 hits / 446 lookups)
strata serve: KV streaming: 98.81% of 11787924 block reads hit VRAM, 564.5 MiB read from RAM
strata serve: prompt 34069 tokens = 34068 reused + 1 read in 3 ms (360.0 tok/s), 1 generated in 36 ms (27.7 tok/s), drafts accepted 0 of 0, 3 checkpoints
strata serve: decode expert cache hit rate: 53.7% (235 hits / 438 lookups)
strata serve: KV streaming: 98.81% of 11794092 block reads hit VRAM, 564.5 MiB read from RAM
strata serve: prompt 34070 tokens = 34069 reused + 1 read in 3 ms (360.1 tok/s), 1 generated in 35 ms (28.5 tok/s), drafts accepted 0 of 0, 3 checkpoints
strata serve: decode expert cache hit rate: 54.7% (239 hits / 437 lookups)
strata serve: KV streaming: 98.81% of 11800260 block reads hit VRAM, 564.5 MiB read from RAM
strata serve: prompt 34071 tokens = 34070 reused + 1 read in 3 ms (355.1 tok/s), 1 generated in 43 ms (23.2 tok/s), drafts accepted 0 of 0, 3 checkpoints
strata serve: decode expert cache hit rate: 42.8% (181 hits / 423 lookups)
strata serve: KV streaming: 98.81% of 11806416 block reads hit VRAM, 564.5 MiB read from RAM
strata serve: prompt 34072 tokens = 34071 reused + 1 read in 3 ms (357.0 tok/s), 1 generated in 37 ms (27.0 tok/s), drafts accepted 0 of 0, 3 checkpoints
strata serve: decode expert cache hit rate: 48.3% (208 hits / 431 lookups)
strata serve: KV streaming: 98.81% of 11812572 block reads hit VRAM, 564.5 MiB read from RAM
strata serve: prompt 34073 tokens = 34072 reused + 1 read in 3 ms (360.2 tok/s), 1 generated in 38 ms (26.5 tok/s), drafts accepted 0 of 0, 3 checkpoints
strata serve: decode expert cache hit rate: 44.1% (186 hits / 422 lookups)
strata serve: KV streaming: 98.81% of 11818740 block reads hit VRAM, 564.5 MiB read from RAM
strata serve: prompt 34074 tokens = 34073 reused + 1 read in 3 ms (359.9 tok/s), 1 generated in 35 ms (29.0 tok/s), drafts accepted 0 of 0, 3 checkpoints
strata serve: decode expert cache hit rate: 55.1% (241 hits / 437 lookups)
strata serve: KV streaming: 98.81% of 11824908 block reads hit VRAM, 564.6 MiB read from RAM
strata serve: prompt 34075 tokens = 34074 reused + 1 read in 3 ms (359.0 tok/s), 1 generated in 37 ms (27.0 tok/s), drafts accepted 0 of 0, 3 checkpoints
strata serve: decode expert cache hit rate: 49.2% (213 hits / 433 lookups)
strata serve: KV streaming: 98.82% of 11831064 block reads hit VRAM, 564.6 MiB read from RAM
strata serve: prompt 34076 tokens = 34075 reused + 1 read in 3 ms (358.1 tok/s), 1 generated in 42 ms (24.0 tok/s), drafts accepted 0 of 0, 3 checkpoints
strata serve: decode expert cache hit rate: 44.8% (190 hits / 424 lookups)
strata serve: KV streaming: 98.82% of 11837220 block reads hit VRAM, 564.6 MiB read from RAM
strata serve: prompt 34077 tokens = 34076 reused + 1 read in 3 ms (355.5 tok/s), 1 generated in 38 ms (26.3 tok/s), drafts accepted 0 of 0, 3 checkpoints
strata serve: decode expert cache hit rate: 58.6% (260 hits / 444 lookups)
strata serve: KV streaming: 98.82% of 11843388 block reads hit VRAM, 564.6 MiB read from RAM
strata serve: prompt 34078 tokens = 34077 reused + 1 read in 3 ms (359.6 tok/s), 1 generated in 46 ms (21.9 tok/s), drafts accepted 0 of 0, 3 checkpoints
strata serve: decode expert cache hit rate: 51.2% (222 hits / 434 lookups)
strata serve: KV streaming: 98.82% of 11849556 block reads hit VRAM, 564.6 MiB read from RAM
strata serve: prompt 34079 tokens = 34078 reused + 1 read in 3 ms (356.2 tok/s), 1 generated in 40 ms (24.9 tok/s), drafts accepted 0 of 0, 3 checkpoints
strata serve: decode expert cache hit rate: 59.3% (265 hits / 447 lookups)
strata serve: KV streaming: 98.82% of 11855712 block reads hit VRAM, 564.7 MiB read from RAM
strata serve: prompt 34080 tokens = 34079 reused + 1 read in 3 ms (354.3 tok/s), 1 generated in 44 ms (22.7 tok/s), drafts accepted 0 of 0, 3 checkpoints
strata serve: decode expert cache hit rate: 46.2% (198 hits / 429 lookups)
strata serve: KV streaming: 98.82% of 11861868 block reads hit VRAM, 564.7 MiB read from RAM
strata serve: prompt 34081 tokens = 34080 reused + 1 read in 3 ms (359.4 tok/s), 1 generated in 40 ms (25.0 tok/s), drafts accepted 0 of 0, 3 checkpoints
strata serve: decode expert cache hit rate: 50.7% (220 hits / 434 lookups)
strata serve: KV streaming: 98.82% of 11868036 block reads hit VRAM, 564.8 MiB read from RAM
strata serve: prompt 34082 tokens = 34081 reused + 1 read in 3 ms (359.4 tok/s), 1 generated in 39 ms (25.8 tok/s), drafts accepted 0 of 0, 3 checkpoints
strata serve: decode expert cache hit rate: 52.3% (226 hits / 432 lookups)
strata serve: KV streaming: 98.82% of 11874204 block reads hit VRAM, 564.8 MiB read from RAM
strata serve: prompt 34083 tokens = 34082 reused + 1 read in 3 ms (357.6 tok/s), 1 generated in 40 ms (25.0 tok/s), drafts accepted 0 of 0, 3 checkpoints
strata serve: decode expert cache hit rate: 57.7% (255 hits / 442 lookups)
strata serve: KV streaming: 98.82% of 11880360 block reads hit VRAM, 564.8 MiB read from RAM
strata serve: prompt 34084 tokens = 34083 reused + 1 read in 3 ms (359.6 tok/s), 1 generated in 39 ms (25.6 tok/s), drafts accepted 0 of 0, 3 checkpoints
strata serve: decode expert cache hit rate: 52.5% (229 hits / 436 lookups)
strata serve: KV streaming: 98.82% of 11886516 block reads hit VRAM, 564.9 MiB read from RAM
strata serve: prompt 34085 tokens = 34084 reused + 1 read in 3 ms (360.4 tok/s), 1 generated in 41 ms (24.6 tok/s), drafts accepted 0 of 0, 3 checkpoints
strata serve: decode expert cache hit rate: 50.1% (216 hits / 431 lookups)
strata serve: KV streaming: 98.82% of 11892684 block reads hit VRAM, 564.9 MiB read from RAM
strata serve: prompt 34086 tokens = 34085 reused + 1 read in 3 ms (356.5 tok/s), 1 generated in 32 ms (30.8 tok/s), drafts accepted 0 of 0, 3 checkpoints
strata serve: decode expert cache hit rate: 63.9% (288 hits / 451 lookups)
strata serve: KV streaming: 98.82% of 11898852 block reads hit VRAM, 564.9 MiB read from RAM
strata serve: prompt 34087 tokens = 34086 reused + 1 read in 3 ms (359.0 tok/s), 1 generated in 31 ms (32.6 tok/s), drafts accepted 0 of 0, 3 checkpoints
strata serve: decode expert cache hit rate: 64.9% (294 hits / 453 lookups)
strata serve: KV streaming: 98.82% of 11905008 block reads hit VRAM, 564.9 MiB read from RAM
strata serve: prompt 34088 tokens = 34087 reused + 1 read in 3 ms (355.8 tok/s), 1 generated in 35 ms (28.8 tok/s), drafts accepted 0 of 0, 3 checkpoints
strata serve: decode expert cache hit rate: 64.6% (294 hits / 455 lookups)
strata serve: KV streaming: 98.82% of 11911164 block reads hit VRAM, 564.9 MiB read from RAM
strata serve: prompt 34089 tokens = 34088 reused + 1 read in 3 ms (359.4 tok/s), 1 generated in 38 ms (26.7 tok/s), drafts accepted 0 of 0, 3 checkpoints
strata serve: decode expert cache hit rate: 47.1% (202 hits / 429 lookups)
strata serve: KV streaming: 98.82% of 11917332 block reads hit VRAM, 565.0 MiB read from RAM
strata serve: prompt 34090 tokens = 34089 reused + 1 read in 3 ms (360.3 tok/s), 1 generated in 36 ms (27.4 tok/s), drafts accepted 0 of 0, 3 checkpoints
strata serve: decode expert cache hit rate: 54.8% (241 hits / 440 lookups)
strata serve: KV streaming: 98.82% of 11923500 block reads hit VRAM, 565.0 MiB read from RAM
strata serve: prompt 34091 tokens = 34090 reused + 1 read in 3 ms (359.8 tok/s), 1 generated in 45 ms (22.2 tok/s), drafts accepted 0 of 0, 3 checkpoints
strata serve: decode expert cache hit rate: 45.8% (194 hits / 424 lookups)
strata serve: KV streaming: 98.82% of 11929656 block reads hit VRAM, 565.0 MiB read from RAM
strata serve: prompt 34092 tokens = 34091 reused + 1 read in 3 ms (353.9 tok/s), 1 generated in 40 ms (25.1 tok/s), drafts accepted 0 of 0, 3 checkpoints
strata serve: decode expert cache hit rate: 37.7% (157 hits / 416 lookups)
strata serve: KV streaming: 98.82% of 11935812 block reads hit VRAM, 565.0 MiB read from RAM
strata serve: prompt 34093 tokens = 34092 reused + 1 read in 3 ms (357.3 tok/s), 1 generated in 40 ms (25.1 tok/s), drafts accepted 0 of 0, 3 checkpoints
strata serve: decode expert cache hit rate: 45.2% (193 hits / 427 lookups)
strata serve: KV streaming: 98.83% of 11941980 block reads hit VRAM, 565.0 MiB read from RAM
strata serve: prompt 34094 tokens = 34093 reused + 1 read in 3 ms (358.0 tok/s), 1 generated in 38 ms (26.5 tok/s), drafts accepted 0 of 0, 3 checkpoints
strata serve: decode expert cache hit rate: 45.7% (195 hits / 427 lookups)
strata serve: KV streaming: 98.83% of 11948148 block reads hit VRAM, 565.0 MiB read from RAM
strata serve: prompt 34095 tokens = 34094 reused + 1 read in 3 ms (358.7 tok/s), 1 generated in 33 ms (30.1 tok/s), drafts accepted 0 of 0, 3 checkpoints
strata serve: decode expert cache hit rate: 57.9% (256 hits / 442 lookups)
strata serve: KV streaming: 98.83% of 11954304 block reads hit VRAM, 565.0 MiB read from RAM
strata serve: prompt 34096 tokens = 34095 reused + 1 read in 3 ms (359.4 tok/s), 1 generated in 36 ms (27.9 tok/s), drafts accepted 0 of 0, 3 checkpoints
strata serve: decode expert cache hit rate: 55.6% (245 hits / 441 lookups)
strata serve: KV streaming: 98.83% of 11960460 block reads hit VRAM, 565.0 MiB read from RAM
strata serve: prompt 34097 tokens = 34096 reused + 1 read in 3 ms (358.2 tok/s), 1 generated in 39 ms (25.7 tok/s), drafts accepted 0 of 0, 3 checkpoints
strata serve: decode expert cache hit rate: 46.5% (200 hits / 430 lookups)
strata serve: KV streaming: 98.83% of 11966628 block reads hit VRAM, 565.1 MiB read from RAM
strata serve: prompt 34098 tokens = 34097 reused + 1 read in 3 ms (359.0 tok/s), 1 generated in 40 ms (24.8 tok/s), drafts accepted 0 of 0, 3 checkpoints
strata serve: decode expert cache hit rate: 44.6% (189 hits / 424 lookups)
strata serve: KV streaming: 98.83% of 11972796 block reads hit VRAM, 565.1 MiB read from RAM
strata serve: prompt 34099 tokens = 34098 reused + 1 read in 3 ms (358.3 tok/s), 1 generated in 37 ms (27.0 tok/s), drafts accepted 0 of 0, 3 checkpoints
strata serve: decode expert cache hit rate: 51.7% (223 hits / 431 lookups)
strata serve: KV streaming: 98.83% of 11978952 block reads hit VRAM, 565.1 MiB read from RAM
strata serve: prompt 34100 tokens = 34099 reused + 1 read in 3 ms (357.5 tok/s), 1 generated in 43 ms (23.1 tok/s), drafts accepted 0 of 0, 3 checkpoints
strata serve: decode expert cache hit rate: 39.5% (165 hits / 418 lookups)
strata serve: KV streaming: 98.83% of 11985108 block reads hit VRAM, 565.2 MiB read from RAM
strata serve: prompt 34101 tokens = 34100 reused + 1 read in 3 ms (358.2 tok/s), 1 generated in 38 ms (26.3 tok/s), drafts accepted 0 of 0, 3 checkpoints
strata serve: decode expert cache hit rate: 44.3% (187 hits / 422 lookups)
strata serve: KV streaming: 98.83% of 11991276 block reads hit VRAM, 565.2 MiB read from RAM
strata serve: prompt 34102 tokens = 34101 reused + 1 read in 3 ms (360.3 tok/s), 1 generated in 34 ms (29.6 tok/s), drafts accepted 0 of 0, 3 checkpoints
strata serve: decode expert cache hit rate: 60.7% (270 hits / 445 lookups)
strata serve: KV streaming: 98.83% of 11997444 block reads hit VRAM, 565.2 MiB read from RAM
strata serve: prompt 34103 tokens = 34102 reused + 1 read in 3 ms (361.0 tok/s), 1 generated in 34 ms (29.3 tok/s), drafts accepted 0 of 0, 3 checkpoints
strata serve: decode expert cache hit rate: 60.9% (271 hits / 445 lookups)
strata serve: KV streaming: 98.83% of 12003600 block reads hit VRAM, 565.2 MiB read from RAM
strata serve: prompt 34104 tokens = 34103 reused + 1 read in 3 ms (359.5 tok/s), 1 generated in 37 ms (27.1 tok/s), drafts accepted 0 of 0, 3 checkpoints
strata serve: decode expert cache hit rate: 53.3% (233 hits / 437 lookups)
strata serve: KV streaming: 98.83% of 12009756 block reads hit VRAM, 565.2 MiB read from RAM
strata serve: prompt 34105 tokens = 34104 reused + 1 read in 3 ms (360.3 tok/s), 1 generated in 36 ms (28.1 tok/s), drafts accepted 0 of 0, 3 checkpoints
strata serve: decode expert cache hit rate: 55.0% (242 hits / 440 lookups)
strata serve: KV streaming: 98.83% of 12015924 block reads hit VRAM, 565.2 MiB read from RAM
strata serve: prompt 34106 tokens = 34105 reused + 1 read in 3 ms (359.8 tok/s), 1 generated in 33 ms (30.2 tok/s), drafts accepted 0 of 0, 3 checkpoints
strata serve: decode expert cache hit rate: 62.6% (281 hits / 449 lookups)
strata serve: KV streaming: 98.83% of 12022092 block reads hit VRAM, 565.3 MiB read from RAM
strata serve: prompt 34107 tokens = 34106 reused + 1 read in 3 ms (360.0 tok/s), 1 generated in 39 ms (25.4 tok/s), drafts accepted 0 of 0, 3 checkpoints
strata serve: decode expert cache hit rate: 49.3% (214 hits / 434 lookups)
strata serve: KV streaming: 98.83% of 12028248 block reads hit VRAM, 565.3 MiB read from RAM
strata serve: prompt 34108 tokens = 34107 reused + 1 read in 3 ms (360.6 tok/s), 1 generated in 33 ms (29.9 tok/s), drafts accepted 0 of 0, 3 checkpoints
strata serve: decode expert cache hit rate: 60.9% (274 hits / 450 lookups)
strata serve: KV streaming: 98.83% of 12034404 block reads hit VRAM, 565.3 MiB read from RAM
strata serve: prompt 34109 tokens = 34108 reused + 1 read in 3 ms (358.8 tok/s), 1 generated in 39 ms (25.5 tok/s), drafts accepted 0 of 0, 3 checkpoints
strata serve: decode expert cache hit rate: 45.1% (192 hits / 426 lookups)
strata serve: KV streaming: 98.83% of 12040572 block reads hit VRAM, 565.3 MiB read from RAM
strata serve: prompt 34110 tokens = 34109 reused + 1 read in 3 ms (359.5 tok/s), 1 generated in 37 ms (26.7 tok/s), drafts accepted 0 of 0, 3 checkpoints
strata serve: decode expert cache hit rate: 51.7% (225 hits / 435 lookups)
strata serve: KV streaming: 98.84% of 12046740 block reads hit VRAM, 565.3 MiB read from RAM
strata serve: prompt 34111 tokens = 34110 reused + 1 read in 3 ms (360.6 tok/s), 1 generated in 37 ms (27.2 tok/s), drafts accepted 0 of 0, 3 checkpoints
strata serve: decode expert cache hit rate: 53.9% (236 hits / 438 lookups)
strata serve: KV streaming: 98.84% of 12052896 block reads hit VRAM, 565.3 MiB read from RAM
strata serve: prompt 34112 tokens = 34111 reused + 1 read in 3 ms (359.9 tok/s), 1 generated in 38 ms (26.4 tok/s), drafts accepted 0 of 0, 3 checkpoints
strata serve: decode expert cache hit rate: 47.8% (205 hits / 429 lookups)
strata serve: KV streaming: 98.84% of 12059052 block reads hit VRAM, 565.4 MiB read from RAM
strata serve: prompt 34113 tokens = 34112 reused + 1 read in 3 ms (355.4 tok/s), 1 generated in 39 ms (25.6 tok/s), drafts accepted 0 of 0, 3 checkpoints
strata serve: decode expert cache hit rate: 39.8% (167 hits / 420 lookups)
strata serve: KV streaming: 98.84% of 12065220 block reads hit VRAM, 565.4 MiB read from RAM
strata serve: prompt 34114 tokens = 34113 reused + 1 read in 3 ms (360.6 tok/s), 1 generated in 42 ms (24.0 tok/s), drafts accepted 0 of 0, 3 checkpoints
strata serve: decode expert cache hit rate: 42.3% (178 hits / 421 lookups)
strata serve: KV streaming: 98.84% of 12071388 block reads hit VRAM, 565.4 MiB read from RAM
strata serve: prompt 34115 tokens = 34114 reused + 1 read in 3 ms (359.9 tok/s), 1 generated in 36 ms (27.6 tok/s), drafts accepted 0 of 0, 3 checkpoints
strata serve: decode expert cache hit rate: 51.0% (224 hits / 439 lookups)
strata serve: KV streaming: 98.84% of 12077544 block reads hit VRAM, 565.4 MiB read from RAM
strata serve: prompt 34116 tokens = 34115 reused + 1 read in 3 ms (353.9 tok/s), 1 generated in 39 ms (25.9 tok/s), drafts accepted 0 of 0, 3 checkpoints
strata serve: decode expert cache hit rate: 45.5% (193 hits / 424 lookups)
strata serve: KV streaming: 98.84% of 12083700 block reads hit VRAM, 565.4 MiB read from RAM
strata serve: prompt 34117 tokens = 34116 reused + 1 read in 3 ms (358.1 tok/s), 1 generated in 36 ms (27.5 tok/s), drafts accepted 0 of 0, 3 checkpoints
strata serve: decode expert cache hit rate: 49.2% (212 hits / 431 lookups)
strata serve: KV streaming: 98.84% of 12089868 block reads hit VRAM, 565.4 MiB read from RAM
strata serve: prompt 34118 tokens = 34117 reused + 1 read in 3 ms (360.6 tok/s), 1 generated in 37 ms (26.8 tok/s), drafts accepted 0 of 0, 3 checkpoints
strata serve: decode expert cache hit rate: 48.7% (211 hits / 433 lookups)
strata serve: KV streaming: 98.84% of 12096036 block reads hit VRAM, 565.4 MiB read from RAM
strata serve: prompt 34119 tokens = 34118 reused + 1 read in 3 ms (359.8 tok/s), 1 generated in 35 ms (28.8 tok/s), drafts accepted 0 of 0, 3 checkpoints
strata serve: decode expert cache hit rate: 57.0% (253 hits / 444 lookups)
strata serve: KV streaming: 98.84% of 12102192 block reads hit VRAM, 565.4 MiB read from RAM
strata serve: prompt 34120 tokens = 34119 reused + 1 read in 3 ms (360.0 tok/s), 1 generated in 37 ms (26.9 tok/s), drafts accepted 0 of 0, 3 checkpoints
strata serve: decode expert cache hit rate: 51.0% (222 hits / 435 lookups)
strata serve: KV streaming: 98.84% of 12108348 block reads hit VRAM, 565.4 MiB read from RAM
strata serve: prompt 34121 tokens = 34120 reused + 1 read in 3 ms (361.0 tok/s), 1 generated in 39 ms (26.0 tok/s), drafts accepted 0 of 0, 3 checkpoints
strata serve: decode expert cache hit rate: 46.5% (199 hits / 428 lookups)
strata serve: KV streaming: 98.84% of 12114516 block reads hit VRAM, 565.4 MiB read from RAM
strata serve: prompt 34122 tokens = 34121 reused + 1 read in 3 ms (360.5 tok/s), 1 generated in 37 ms (27.0 tok/s), drafts accepted 0 of 0, 3 checkpoints
strata serve: decode expert cache hit rate: 52.6% (229 hits / 435 lookups)
strata serve: KV streaming: 98.84% of 12120684 block reads hit VRAM, 565.4 MiB read from RAM
strata serve: prompt 34123 tokens = 34122 reused + 1 read in 3 ms (359.5 tok/s), 1 generated in 41 ms (24.4 tok/s), drafts accepted 0 of 0, 3 checkpoints
strata serve: decode expert cache hit rate: 40.0% (167 hits / 418 lookups)
strata serve: KV streaming: 98.84% of 12126840 block reads hit VRAM, 565.5 MiB read from RAM
strata serve: prompt 34124 tokens = 34123 reused + 1 read in 3 ms (345.4 tok/s), 1 generated in 37 ms (26.9 tok/s), drafts accepted 0 of 0, 3 checkpoints
strata serve: decode expert cache hit rate: 47.7% (203 hits / 426 lookups)
strata serve: KV streaming: 98.84% of 12132996 block reads hit VRAM, 565.5 MiB read from RAM
strata serve: prompt 34125 tokens = 34124 reused + 1 read in 3 ms (360.9 tok/s), 1 generated in 38 ms (26.4 tok/s), drafts accepted 0 of 0, 3 checkpoints
strata serve: decode expert cache hit rate: 43.4% (185 hits / 426 lookups)
strata serve: KV streaming: 98.84% of 12139164 block reads hit VRAM, 565.5 MiB read from RAM
strata serve: prompt 34126 tokens = 34125 reused + 1 read in 3 ms (359.3 tok/s), 1 generated in 37 ms (27.1 tok/s), drafts accepted 0 of 0, 3 checkpoints
strata serve: decode expert cache hit rate: 49.8% (217 hits / 436 lookups)
strata serve: KV streaming: 98.84% of 12145332 block reads hit VRAM, 565.5 MiB read from RAM
strata serve: prompt 34127 tokens = 34126 reused + 1 read in 3 ms (358.8 tok/s), 1 generated in 37 ms (26.8 tok/s), drafts accepted 0 of 0, 3 checkpoints
strata serve: decode expert cache hit rate: 52.6% (230 hits / 437 lookups)
strata serve: KV streaming: 98.84% of 12151488 block reads hit VRAM, 565.5 MiB read from RAM
strata serve: prompt 34128 tokens = 34127 reused + 1 read in 3 ms (360.5 tok/s), 1 generated in 42 ms (23.9 tok/s), drafts accepted 0 of 0, 3 checkpoints
strata serve: decode expert cache hit rate: 34.6% (144 hits / 416 lookups)
strata serve: KV streaming: 98.85% of 12157644 block reads hit VRAM, 565.5 MiB read from RAM
strata serve: prompt 34129 tokens = 34128 reused + 1 read in 3 ms (360.8 tok/s), 1 generated in 41 ms (24.1 tok/s), drafts accepted 0 of 0, 3 checkpoints
strata serve: decode expert cache hit rate: 34.9% (145 hits / 416 lookups)
strata serve: KV streaming: 98.85% of 12163812 block reads hit VRAM, 565.5 MiB read from RAM
strata serve: prompt 34130 tokens = 34129 reused + 1 read in 3 ms (358.4 tok/s), 1 generated in 40 ms (24.8 tok/s), drafts accepted 0 of 0, 3 checkpoints
strata serve: decode expert cache hit rate: 41.3% (175 hits / 424 lookups)
strata serve: KV streaming: 98.85% of 12169980 block reads hit VRAM, 565.6 MiB read from RAM
strata serve: prompt 34131 tokens = 34130 reused + 1 read in 3 ms (356.5 tok/s), 1 generated in 38 ms (26.3 tok/s), drafts accepted 0 of 0, 3 checkpoints
strata serve: decode expert cache hit rate: 45.5% (194 hits / 426 lookups)
strata serve: KV streaming: 98.85% of 12176136 block reads hit VRAM, 565.6 MiB read from RAM
strata serve: prompt 34132 tokens = 34131 reused + 1 read in 3 ms (359.9 tok/s), 1 generated in 40 ms (25.2 tok/s), drafts accepted 0 of 0, 3 checkpoints
strata serve: decode expert cache hit rate: 46.2% (200 hits / 433 lookups)
strata serve: KV streaming: 98.85% of 12182292 block reads hit VRAM, 565.6 MiB read from RAM
strata serve: prompt 34133 tokens = 34132 reused + 1 read in 3 ms (360.1 tok/s), 1 generated in 39 ms (25.5 tok/s), drafts accepted 0 of 0, 3 checkpoints
strata serve: decode expert cache hit rate: 42.1% (177 hits / 420 lookups)
strata serve: KV streaming: 98.85% of 12188460 block reads hit VRAM, 565.6 MiB read from RAM
strata serve: prompt 34134 tokens = 34133 reused + 1 read in 3 ms (357.2 tok/s), 1 generated in 41 ms (24.6 tok/s), drafts accepted 0 of 0, 3 checkpoints
strata serve: decode expert cache hit rate: 49.3% (212 hits / 430 lookups)
strata serve: KV streaming: 98.85% of 12194628 block reads hit VRAM, 565.6 MiB read from RAM
strata serve: prompt 34135 tokens = 34134 reused + 1 read in 3 ms (360.5 tok/s), 1 generated in 37 ms (27.3 tok/s), drafts accepted 0 of 0, 3 checkpoints
strata serve: decode expert cache hit rate: 54.4% (239 hits / 439 lookups)
strata serve: KV streaming: 98.85% of 12200784 block reads hit VRAM, 565.6 MiB read from RAM
strata serve: prompt 34136 tokens = 34135 reused + 1 read in 3 ms (360.7 tok/s), 1 generated in 40 ms (24.9 tok/s), drafts accepted 0 of 0, 3 checkpoints
strata serve: decode expert cache hit rate: 50.7% (218 hits / 430 lookups)
strata serve: KV streaming: 98.85% of 12206940 block reads hit VRAM, 565.6 MiB read from RAM
strata serve: prompt 34137 tokens = 34136 reused + 1 read in 3 ms (360.4 tok/s), 1 generated in 43 ms (23.5 tok/s), drafts accepted 0 of 0, 3 checkpoints
strata serve: decode expert cache hit rate: 37.5% (156 hits / 416 lookups)
strata serve: KV streaming: 98.85% of 12213108 block reads hit VRAM, 565.6 MiB read from RAM
strata serve: prompt 34138 tokens = 34137 reused + 1 read in 3 ms (359.9 tok/s), 1 generated in 38 ms (26.7 tok/s), drafts accepted 0 of 0, 3 checkpoints
strata serve: decode expert cache hit rate: 54.2% (239 hits / 441 lookups)
strata serve: KV streaming: 98.85% of 12219276 block reads hit VRAM, 565.7 MiB read from RAM
strata serve: prompt 34139 tokens = 34138 reused + 1 read in 3 ms (360.1 tok/s), 1 generated in 44 ms (22.6 tok/s), drafts accepted 0 of 0, 3 checkpoints
strata serve: decode expert cache hit rate: 30.9% (127 hits / 411 lookups)
strata serve: KV streaming: 98.85% of 12225432 block reads hit VRAM, 565.7 MiB read from RAM
strata serve: prompt 34140 tokens = 34139 reused + 1 read in 3 ms (360.8 tok/s), 1 generated in 42 ms (23.9 tok/s), drafts accepted 0 of 0, 3 checkpoints
strata serve: decode expert cache hit rate: 47.7% (204 hits / 428 lookups)
strata serve: KV streaming: 98.85% of 12231588 block reads hit VRAM, 565.7 MiB read from RAM
strata serve: prompt 34141 tokens = 34140 reused + 1 read in 3 ms (354.5 tok/s), 1 generated in 45 ms (22.0 tok/s), drafts accepted 0 of 0, 3 checkpoints
strata serve: decode expert cache hit rate: 32.3% (133 hits / 412 lookups)
strata serve: KV streaming: 98.85% of 12237756 block reads hit VRAM, 565.7 MiB read from RAM
strata serve: prompt 34142 tokens = 34141 reused + 1 read in 3 ms (360.5 tok/s), 1 generated in 45 ms (22.3 tok/s), drafts accepted 0 of 0, 3 checkpoints
strata serve: decode expert cache hit rate: 45.4% (193 hits / 425 lookups)
strata serve: KV streaming: 98.85% of 12243924 block reads hit VRAM, 565.7 MiB read from RAM
strata serve: prompt 34143 tokens = 34142 reused + 1 read in 3 ms (360.4 tok/s), 1 generated in 39 ms (25.4 tok/s), drafts accepted 0 of 0, 3 checkpoints
strata serve: decode expert cache hit rate: 51.0% (220 hits / 431 lookups)
strata serve: KV streaming: 98.85% of 12250080 block reads hit VRAM, 565.7 MiB read from RAM
strata serve: prompt 34144 tokens = 34143 reused + 1 read in 3 ms (359.1 tok/s), 1 generated in 39 ms (25.8 tok/s), drafts accepted 0 of 0, 3 checkpoints
strata serve: decode expert cache hit rate: 54.4% (239 hits / 439 lookups)
strata serve: KV streaming: 98.85% of 12256236 block reads hit VRAM, 565.7 MiB read from RAM
strata serve: prompt 34145 tokens = 34144 reused + 1 read in 3 ms (351.8 tok/s), 1 generated in 42 ms (23.9 tok/s), drafts accepted 0 of 0, 3 checkpoints
strata serve: decode expert cache hit rate: 46.8% (200 hits / 427 lookups)
strata serve: KV streaming: 98.85% of 12262404 block reads hit VRAM, 565.7 MiB read from RAM
strata serve: prompt 34146 tokens = 34145 reused + 1 read in 3 ms (359.4 tok/s), 1 generated in 38 ms (26.2 tok/s), drafts accepted 0 of 0, 3 checkpoints
strata serve: decode expert cache hit rate: 54.9% (242 hits / 441 lookups)
strata serve: KV streaming: 98.86% of 12268572 block reads hit VRAM, 565.8 MiB read from RAM
strata serve: prompt 34147 tokens = 34146 reused + 1 read in 3 ms (359.3 tok/s), 1 generated in 42 ms (23.9 tok/s), drafts accepted 0 of 0, 3 checkpoints
strata serve: decode expert cache hit rate: 52.5% (229 hits / 436 lookups)
strata serve: KV streaming: 98.86% of 12274728 block reads hit VRAM, 565.8 MiB read from RAM
strata serve: prompt 34148 tokens = 34147 reused + 1 read in 3 ms (360.6 tok/s), 1 generated in 40 ms (25.3 tok/s), drafts accepted 0 of 0, 3 checkpoints
strata serve: decode expert cache hit rate: 47.7% (205 hits / 430 lookups)
strata serve: KV streaming: 98.86% of 12280884 block reads hit VRAM, 565.8 MiB read from RAM
strata serve: prompt 34149 tokens = 34148 reused + 1 read in 3 ms (359.3 tok/s), 1 generated in 41 ms (24.6 tok/s), drafts accepted 0 of 0, 3 checkpoints
strata serve: decode expert cache hit rate: 43.9% (186 hits / 424 lookups)
strata serve: KV streaming: 98.86% of 12287052 block reads hit VRAM, 565.8 MiB read from RAM
strata serve: prompt 34150 tokens = 34149 reused + 1 read in 3 ms (359.8 tok/s), 1 generated in 39 ms (25.6 tok/s), drafts accepted 0 of 0, 3 checkpoints
strata serve: decode expert cache hit rate: 55.4% (243 hits / 439 lookups)
strata serve: KV streaming: 98.86% of 12293220 block reads hit VRAM, 565.8 MiB read from RAM
strata serve: prompt 34151 tokens = 34150 reused + 1 read in 3 ms (360.3 tok/s), 1 generated in 37 ms (26.9 tok/s), drafts accepted 0 of 0, 3 checkpoints
strata serve: decode expert cache hit rate: 49.3% (213 hits / 432 lookups)
strata serve: KV streaming: 98.86% of 12299376 block reads hit VRAM, 565.9 MiB read from RAM
strata serve: prompt 34152 tokens = 34151 reused + 1 read in 3 ms (360.5 tok/s), 1 generated in 43 ms (23.0 tok/s), drafts accepted 0 of 0, 3 checkpoints
strata serve: decode expert cache hit rate: 41.4% (174 hits / 420 lookups)
strata serve: KV streaming: 98.86% of 12305532 block reads hit VRAM, 565.9 MiB read from RAM
strata serve: prompt 34153 tokens = 34152 reused + 1 read in 3 ms (360.4 tok/s), 1 generated in 39 ms (25.7 tok/s), drafts accepted 0 of 0, 3 checkpoints
strata serve: decode expert cache hit rate: 40.7% (171 hits / 420 lookups)
strata serve: KV streaming: 98.86% of 12311700 block reads hit VRAM, 565.9 MiB read from RAM
strata serve: prompt 34154 tokens = 34153 reused + 1 read in 3 ms (357.7 tok/s), 1 generated in 37 ms (26.8 tok/s), drafts accepted 0 of 0, 3 checkpoints
strata serve: decode expert cache hit rate: 50.1% (216 hits / 431 lookups)
strata serve: KV streaming: 98.86% of 12317868 block reads hit VRAM, 565.9 MiB read from RAM
strata serve: prompt 34155 tokens = 34154 reused + 1 read in 3 ms (353.5 tok/s), 1 generated in 40 ms (24.8 tok/s), drafts accepted 0 of 0, 3 checkpoints
strata serve: decode expert cache hit rate: 46.1% (195 hits / 423 lookups)
strata serve: KV streaming: 98.86% of 12324024 block reads hit VRAM, 565.9 MiB read from RAM
strata serve: prompt 34156 tokens = 34155 reused + 1 read in 3 ms (359.3 tok/s), 1 generated in 42 ms (23.7 tok/s), drafts accepted 0 of 0, 3 checkpoints
strata serve: decode expert cache hit rate: 42.7% (181 hits / 424 lookups)
strata serve: KV streaming: 98.86% of 12330180 block reads hit VRAM, 565.9 MiB read from RAM
strata serve: prompt 34157 tokens = 34156 reused + 1 read in 3 ms (360.4 tok/s), 1 generated in 40 ms (25.1 tok/s), drafts accepted 0 of 0, 3 checkpoints
strata serve: decode expert cache hit rate: 48.1% (205 hits / 426 lookups)
strata serve: KV streaming: 98.86% of 12336348 block reads hit VRAM, 565.9 MiB read from RAM
strata serve: prompt 34158 tokens = 34157 reused + 1 read in 3 ms (357.8 tok/s), 1 generated in 39 ms (25.4 tok/s), drafts accepted 0 of 0, 3 checkpoints
strata serve: decode expert cache hit rate: 44.6% (190 hits / 426 lookups)
strata serve: KV streaming: 98.86% of 12342516 block reads hit VRAM, 565.9 MiB read from RAM
strata serve: prompt 34159 tokens = 34158 reused + 1 read in 3 ms (359.6 tok/s), 1 generated in 40 ms (25.0 tok/s), drafts accepted 0 of 0, 3 checkpoints
strata serve: decode expert cache hit rate: 41.0% (172 hits / 420 lookups)
strata serve: KV streaming: 98.86% of 12348672 block reads hit VRAM, 566.0 MiB read from RAM
strata serve: prompt 34160 tokens = 34159 reused + 1 read in 3 ms (354.5 tok/s), 1 generated in 38 ms (26.0 tok/s), drafts accepted 0 of 0, 3 checkpoints
strata serve: decode expert cache hit rate: 45.8% (195 hits / 426 lookups)
strata serve: KV streaming: 98.86% of 12354828 block reads hit VRAM, 566.0 MiB read from RAM
strata serve: prompt 34161 tokens = 34160 reused + 1 read in 3 ms (359.6 tok/s), 1 generated in 39 ms (25.9 tok/s), drafts accepted 0 of 0, 3 checkpoints
strata serve: decode expert cache hit rate: 41.8% (178 hits / 426 lookups)
strata serve: KV streaming: 98.86% of 12360996 block reads hit VRAM, 566.1 MiB read from RAM
strata serve: prompt 34162 tokens = 34161 reused + 1 read in 3 ms (358.4 tok/s), 1 generated in 41 ms (24.6 tok/s), drafts accepted 0 of 0, 3 checkpoints
strata serve: decode expert cache hit rate: 44.9% (191 hits / 425 lookups)
strata serve: KV streaming: 98.86% of 12367164 block reads hit VRAM, 566.1 MiB read from RAM
strata serve: prompt 34163 tokens = 34162 reused + 1 read in 3 ms (358.3 tok/s), 1 generated in 39 ms (25.7 tok/s), drafts accepted 0 of 0, 3 checkpoints
strata serve: decode expert cache hit rate: 43.5% (185 hits / 425 lookups)
strata serve: KV streaming: 98.86% of 12373320 block reads hit VRAM, 566.1 MiB read from RAM
strata serve: prompt 34164 tokens = 34163 reused + 1 read in 3 ms (360.4 tok/s), 1 generated in 41 ms (24.2 tok/s), drafts accepted 0 of 0, 3 checkpoints
strata serve: decode expert cache hit rate: 49.3% (211 hits / 428 lookups)
strata serve: KV streaming: 98.86% of 12379476 block reads hit VRAM, 566.2 MiB read from RAM
strata serve: prompt 34165 tokens = 34164 reused + 1 read in 3 ms (359.7 tok/s), 1 generated in 38 ms (26.5 tok/s), drafts accepted 0 of 0, 3 checkpoints
strata serve: decode expert cache hit rate: 44.0% (188 hits / 427 lookups)
strata serve: KV streaming: 98.87% of 12385644 block reads hit VRAM, 566.2 MiB read from RAM
strata serve: prompt 34166 tokens = 34165 reused + 1 read in 3 ms (358.9 tok/s), 1 generated in 39 ms (25.8 tok/s), drafts accepted 0 of 0, 3 checkpoints
strata serve: decode expert cache hit rate: 40.5% (171 hits / 422 lookups)
strata serve: KV streaming: 98.87% of 12391812 block reads hit VRAM, 566.2 MiB read from RAM
strata serve: prompt 34167 tokens = 34166 reused + 1 read in 3 ms (359.0 tok/s), 1 generated in 39 ms (25.7 tok/s), drafts accepted 0 of 0, 3 checkpoints
strata serve: decode expert cache hit rate: 39.9% (167 hits / 419 lookups)
strata serve: KV streaming: 98.87% of 12397968 block reads hit VRAM, 566.2 MiB read from RAM
strata serve: prompt 34168 tokens = 34167 reused + 1 read in 3 ms (360.2 tok/s), 1 generated in 39 ms (25.8 tok/s), drafts accepted 0 of 0, 3 checkpoints
strata serve: decode expert cache hit rate: 45.4% (194 hits / 427 lookups)
strata serve: KV streaming: 98.87% of 12404124 block reads hit VRAM, 566.2 MiB read from RAM
strata serve: prompt 34169 tokens = 34168 reused + 1 read in 3 ms (358.4 tok/s), 1 generated in 36 ms (27.4 tok/s), drafts accepted 0 of 0, 3 checkpoints
strata serve: decode expert cache hit rate: 51.9% (227 hits / 437 lookups)
strata serve: KV streaming: 98.87% of 12410292 block reads hit VRAM, 566.2 MiB read from RAM
strata serve: prompt 34170 tokens = 34169 reused + 1 read in 3 ms (355.3 tok/s), 1 generated in 39 ms (25.9 tok/s), drafts accepted 0 of 0, 3 checkpoints
strata serve: decode expert cache hit rate: 45.8% (194 hits / 424 lookups)
strata serve: KV streaming: 98.87% of 12416460 block reads hit VRAM, 566.2 MiB read from RAM
strata serve: prompt 34171 tokens = 34170 reused + 1 read in 3 ms (357.2 tok/s), 1 generated in 34 ms (29.1 tok/s), drafts accepted 0 of 0, 3 checkpoints
strata serve: decode expert cache hit rate: 60.1% (267 hits / 444 lookups)
strata serve: KV streaming: 98.87% of 12422616 block reads hit VRAM, 566.2 MiB read from RAM
strata serve: prompt 34172 tokens = 34171 reused + 1 read in 3 ms (358.0 tok/s), 1 generated in 38 ms (26.5 tok/s), drafts accepted 0 of 0, 3 checkpoints
strata serve: decode expert cache hit rate: 54.2% (237 hits / 437 lookups)
strata serve: KV streaming: 98.87% of 12428772 block reads hit VRAM, 566.2 MiB read from RAM
strata serve: prompt 34173 tokens = 34172 reused + 1 read in 3 ms (360.1 tok/s), 1 generated in 36 ms (27.6 tok/s), drafts accepted 0 of 0, 3 checkpoints
strata serve: decode expert cache hit rate: 51.4% (224 hits / 436 lookups)
strata serve: KV streaming: 98.87% of 12434940 block reads hit VRAM, 566.2 MiB read from RAM
strata serve: prompt 34174 tokens = 34173 reused + 1 read in 3 ms (360.3 tok/s), 1 generated in 37 ms (27.1 tok/s), drafts accepted 0 of 0, 3 checkpoints
strata serve: decode expert cache hit rate: 49.4% (213 hits / 431 lookups)
strata serve: KV streaming: 98.87% of 12441108 block reads hit VRAM, 566.2 MiB read from RAM
strata serve: prompt 34175 tokens = 34174 reused + 1 read in 3 ms (360.1 tok/s), 1 generated in 39 ms (25.9 tok/s), drafts accepted 0 of 0, 3 checkpoints
strata serve: decode expert cache hit rate: 45.5% (194 hits / 426 lookups)
strata serve: KV streaming: 98.87% of 12447264 block reads hit VRAM, 566.2 MiB read from RAM
strata serve: prompt 34176 tokens = 34175 reused + 1 read in 3 ms (359.7 tok/s), 1 generated in 39 ms (25.5 tok/s), drafts accepted 0 of 0, 3 checkpoints
strata serve: decode expert cache hit rate: 39.6% (166 hits / 419 lookups)
strata serve: KV streaming: 98.87% of 12453420 block reads hit VRAM, 566.2 MiB read from RAM
strata serve: prompt 34177 tokens = 34176 reused + 1 read in 3 ms (358.3 tok/s), 1 generated in 37 ms (27.4 tok/s), drafts accepted 0 of 0, 3 checkpoints
strata serve: decode expert cache hit rate: 49.9% (215 hits / 431 lookups)
strata serve: KV streaming: 98.87% of 12459588 block reads hit VRAM, 566.2 MiB read from RAM
strata serve: prompt 34178 tokens = 34177 reused + 1 read in 3 ms (359.9 tok/s), 1 generated in 39 ms (25.8 tok/s), drafts accepted 0 of 0, 3 checkpoints
strata serve: decode expert cache hit rate: 46.4% (198 hits / 427 lookups)
strata serve: KV streaming: 98.87% of 12465756 block reads hit VRAM, 566.2 MiB read from RAM
strata serve: prompt 34179 tokens = 34178 reused + 1 read in 3 ms (359.9 tok/s), 1 generated in 36 ms (28.0 tok/s), drafts accepted 0 of 0, 3 checkpoints
strata serve: decode expert cache hit rate: 52.5% (229 hits / 436 lookups)
strata serve: KV streaming: 98.87% of 12471912 block reads hit VRAM, 566.2 MiB read from RAM
strata serve: prompt 34180 tokens = 34179 reused + 1 read in 3 ms (359.8 tok/s), 1 generated in 40 ms (24.9 tok/s), drafts accepted 0 of 0, 3 checkpoints
strata serve: decode expert cache hit rate: 34.6% (142 hits / 410 lookups)
strata serve: KV streaming: 98.87% of 12478068 block reads hit VRAM, 566.2 MiB read from RAM
strata serve: prompt 34181 tokens = 34180 reused + 1 read in 3 ms (360.7 tok/s), 1 generated in 39 ms (25.9 tok/s), drafts accepted 0 of 0, 3 checkpoints
strata serve: decode expert cache hit rate: 45.6% (195 hits / 428 lookups)
strata serve: KV streaming: 98.87% of 12484236 block reads hit VRAM, 566.2 MiB read from RAM
strata serve: prompt 34182 tokens = 34181 reused + 1 read in 3 ms (360.4 tok/s), 1 generated in 39 ms (25.8 tok/s), drafts accepted 0 of 0, 3 checkpoints
strata serve: decode expert cache hit rate: 40.0% (166 hits / 415 lookups)
strata serve: KV streaming: 98.87% of 12490404 block reads hit VRAM, 566.2 MiB read from RAM
strata serve: prompt 34183 tokens = 34182 reused + 1 read in 3 ms (359.9 tok/s), 1 generated in 40 ms (25.1 tok/s), drafts accepted 0 of 0, 3 checkpoints
strata serve: decode expert cache hit rate: 40.9% (173 hits / 423 lookups)
strata serve: KV streaming: 98.88% of 12496560 block reads hit VRAM, 566.2 MiB read from RAM
strata serve: prompt 34184 tokens = 34183 reused + 1 read in 3 ms (358.9 tok/s), 1 generated in 38 ms (26.2 tok/s), drafts accepted 0 of 0, 3 checkpoints
strata serve: decode expert cache hit rate: 42.6% (180 hits / 423 lookups)
strata serve: KV streaming: 98.88% of 12502716 block reads hit VRAM, 566.2 MiB read from RAM
strata serve: prompt 34185 tokens = 34184 reused + 1 read in 3 ms (360.1 tok/s), 1 generated in 42 ms (23.7 tok/s), drafts accepted 0 of 0, 3 checkpoints
strata serve: decode expert cache hit rate: 31.8% (130 hits / 409 lookups)
strata serve: KV streaming: 98.88% of 12508884 block reads hit VRAM, 566.2 MiB read from RAM
strata serve: prompt 34186 tokens = 34185 reused + 1 read in 3 ms (360.0 tok/s), 1 generated in 38 ms (26.6 tok/s), drafts accepted 0 of 0, 3 checkpoints
strata serve: decode expert cache hit rate: 47.2% (202 hits / 428 lookups)
strata serve: KV streaming: 98.88% of 12515052 block reads hit VRAM, 566.3 MiB read from RAM
strata serve: prompt 34187 tokens = 34186 reused + 1 read in 3 ms (359.1 tok/s), 1 generated in 41 ms (24.3 tok/s), drafts accepted 0 of 0, 3 checkpoints
strata serve: decode expert cache hit rate: 34.5% (143 hits / 415 lookups)
strata serve: KV streaming: 98.88% of 12521208 block reads hit VRAM, 566.3 MiB read from RAM
strata serve: prompt 34188 tokens = 34187 reused + 1 read in 3 ms (359.6 tok/s), 1 generated in 39 ms (25.8 tok/s), drafts accepted 0 of 0, 3 checkpoints
strata serve: decode expert cache hit rate: 44.6% (189 hits / 424 lookups)
strata serve: KV streaming: 98.88% of 12527364 block reads hit VRAM, 566.3 MiB read from RAM
strata serve: prompt 34189 tokens = 34188 reused + 1 read in 3 ms (360.9 tok/s), 1 generated in 39 ms (25.6 tok/s), drafts accepted 0 of 0, 3 checkpoints
strata serve: decode expert cache hit rate: 44.3% (188 hits / 424 lookups)
strata serve: KV streaming: 98.88% of 12533532 block reads hit VRAM, 566.3 MiB read from RAM
strata serve: prompt 34190 tokens = 34189 reused + 1 read in 3 ms (359.7 tok/s), 1 generated in 41 ms (24.4 tok/s), drafts accepted 0 of 0, 3 checkpoints
strata serve: decode expert cache hit rate: 34.9% (145 hits / 415 lookups)
strata serve: KV streaming: 98.88% of 12539700 block reads hit VRAM, 566.4 MiB read from RAM
strata serve: prompt 34191 tokens = 34190 reused + 1 read in 3 ms (359.2 tok/s), 1 generated in 38 ms (26.1 tok/s), drafts accepted 0 of 0, 3 checkpoints
strata serve: decode expert cache hit rate: 44.6% (190 hits / 426 lookups)
strata serve: KV streaming: 98.88% of 12545856 block reads hit VRAM, 566.4 MiB read from RAM
strata serve: prompt 34192 tokens = 34191 reused + 1 read in 3 ms (357.1 tok/s), 1 generated in 40 ms (24.8 tok/s), drafts accepted 0 of 0, 3 checkpoints
strata serve: decode expert cache hit rate: 47.9% (204 hits / 426 lookups)
strata serve: KV streaming: 98.88% of 12552012 block reads hit VRAM, 566.4 MiB read from RAM
strata serve: prompt 34193 tokens = 34192 reused + 1 read in 3 ms (359.8 tok/s), 1 generated in 42 ms (23.7 tok/s), drafts accepted 0 of 0, 3 checkpoints
strata serve: decode expert cache hit rate: 35.3% (146 hits / 414 lookups)
strata serve: KV streaming: 98.88% of 12558180 block reads hit VRAM, 566.4 MiB read from RAM
strata serve: prompt 34194 tokens = 34193 reused + 1 read in 3 ms (359.9 tok/s), 1 generated in 39 ms (25.7 tok/s), drafts accepted 0 of 0, 3 checkpoints
strata serve: decode expert cache hit rate: 41.2% (174 hits / 422 lookups)
strata serve: KV streaming: 98.88% of 12564348 block reads hit VRAM, 566.4 MiB read from RAM
strata serve: prompt 34195 tokens = 34194 reused + 1 read in 3 ms (359.4 tok/s), 1 generated in 37 ms (26.7 tok/s), drafts accepted 0 of 0, 3 checkpoints
strata serve: decode expert cache hit rate: 50.6% (217 hits / 429 lookups)
strata serve: KV streaming: 98.88% of 12570504 block reads hit VRAM, 566.4 MiB read from RAM
strata serve: prompt 34196 tokens = 34195 reused + 1 read in 3 ms (359.6 tok/s), 1 generated in 37 ms (27.0 tok/s), drafts accepted 0 of 0, 3 checkpoints
strata serve: decode expert cache hit rate: 49.8% (213 hits / 428 lookups)
strata serve: KV streaming: 98.88% of 12576660 block reads hit VRAM, 566.5 MiB read from RAM
strata serve: prompt 34197 tokens = 34196 reused + 1 read in 3 ms (359.5 tok/s), 1 generated in 41 ms (24.4 tok/s), drafts accepted 0 of 0, 3 checkpoints
strata serve: decode expert cache hit rate: 43.3% (183 hits / 423 lookups)
strata serve: KV streaming: 98.88% of 12582828 block reads hit VRAM, 566.5 MiB read from RAM
strata serve: prompt 34198 tokens = 34197 reused + 1 read in 3 ms (356.1 tok/s), 1 generated in 39 ms (25.9 tok/s), drafts accepted 0 of 0, 3 checkpoints
strata serve: decode expert cache hit rate: 44.0% (187 hits / 425 lookups)
strata serve: KV streaming: 98.88% of 12588996 block reads hit VRAM, 566.5 MiB read from RAM
strata serve: prompt 34199 tokens = 34198 reused + 1 read in 3 ms (358.4 tok/s), 1 generated in 37 ms (27.0 tok/s), drafts accepted 0 of 0, 3 checkpoints
strata serve: decode expert cache hit rate: 49.4% (213 hits / 431 lookups)
strata serve: KV streaming: 98.88% of 12595152 block reads hit VRAM, 566.5 MiB read from RAM
strata serve: prompt 34200 tokens = 34199 reused + 1 read in 3 ms (359.8 tok/s), 1 generated in 42 ms (23.7 tok/s), drafts accepted 0 of 0, 3 checkpoints
strata serve: decode expert cache hit rate: 32.9% (136 hits / 413 lookups)
strata serve: KV streaming: 98.88% of 12601308 block reads hit VRAM, 566.5 MiB read from RAM
strata serve: prompt 34201 tokens = 34200 reused + 1 read in 3 ms (359.9 tok/s), 1 generated in 39 ms (25.9 tok/s), drafts accepted 0 of 0, 3 checkpoints
strata serve: decode expert cache hit rate: 43.8% (185 hits / 422 lookups)
strata serve: KV streaming: 98.88% of 12607476 block reads hit VRAM, 566.5 MiB read from RAM
strata serve: prompt 34202 tokens = 34201 reused + 1 read in 3 ms (360.4 tok/s), 1 generated in 39 ms (25.6 tok/s), drafts accepted 0 of 0, 3 checkpoints
strata serve: decode expert cache hit rate: 43.3% (183 hits / 423 lookups)
strata serve: KV streaming: 98.89% of 12613644 block reads hit VRAM, 566.5 MiB read from RAM
strata serve: prompt 34203 tokens = 34202 reused + 1 read in 3 ms (359.0 tok/s), 1 generated in 38 ms (26.0 tok/s), drafts accepted 0 of 0, 3 checkpoints
strata serve: decode expert cache hit rate: 44.6% (189 hits / 424 lookups)
strata serve: KV streaming: 98.89% of 12619800 block reads hit VRAM, 566.6 MiB read from RAM
strata serve: prompt 34204 tokens = 34203 reused + 1 read in 3 ms (360.1 tok/s), 1 generated in 40 ms (25.1 tok/s), drafts accepted 0 of 0, 3 checkpoints
strata serve: decode expert cache hit rate: 38.8% (162 hits / 418 lookups)
strata serve: KV streaming: 98.89% of 12625956 block reads hit VRAM, 566.6 MiB read from RAM
strata serve: prompt 34205 tokens = 34204 reused + 1 read in 3 ms (360.4 tok/s), 1 generated in 38 ms (26.4 tok/s), drafts accepted 0 of 0, 3 checkpoints
strata serve: decode expert cache hit rate: 45.8% (195 hits / 426 lookups)
strata serve: KV streaming: 98.89% of 12632124 block reads hit VRAM, 566.6 MiB read from RAM
strata serve: prompt 34206 tokens = 34205 reused + 1 read in 3 ms (358.8 tok/s), 1 generated in 37 ms (26.7 tok/s), drafts accepted 0 of 0, 3 checkpoints
strata serve: decode expert cache hit rate: 46.0% (194 hits / 422 lookups)
strata serve: KV streaming: 98.89% of 12638292 block reads hit VRAM, 566.6 MiB read from RAM
strata serve: prompt 34207 tokens = 34206 reused + 1 read in 3 ms (359.0 tok/s), 1 generated in 40 ms (25.2 tok/s), drafts accepted 0 of 0, 3 checkpoints
strata serve: decode expert cache hit rate: 42.0% (177 hits / 421 lookups)
strata serve: KV streaming: 98.89% of 12644448 block reads hit VRAM, 566.6 MiB read from RAM
strata serve: prompt 34208 tokens = 34207 reused + 1 read in 3 ms (357.2 tok/s), 1 generated in 36 ms (27.5 tok/s), drafts accepted 0 of 0, 3 checkpoints
strata serve: decode expert cache hit rate: 52.3% (228 hits / 436 lookups)
strata serve: KV streaming: 98.89% of 12650604 block reads hit VRAM, 566.6 MiB read from RAM
strata serve: prompt 34209 tokens = 34208 reused + 1 read in 3 ms (360.6 tok/s), 1 generated in 38 ms (26.1 tok/s), drafts accepted 0 of 0, 3 checkpoints
strata serve: decode expert cache hit rate: 47.3% (202 hits / 427 lookups)
strata serve: KV streaming: 98.89% of 12656772 block reads hit VRAM, 566.6 MiB read from RAM
strata serve: prompt 34210 tokens = 34209 reused + 1 read in 3 ms (359.0 tok/s), 1 generated in 35 ms (28.6 tok/s), drafts accepted 0 of 0, 3 checkpoints
strata serve: decode expert cache hit rate: 52.2% (228 hits / 437 lookups)
strata serve: KV streaming: 98.89% of 12662940 block reads hit VRAM, 566.6 MiB read from RAM
strata serve: prompt 34211 tokens = 34210 reused + 1 read in 3 ms (359.6 tok/s), 1 generated in 38 ms (26.6 tok/s), drafts accepted 0 of 0, 3 checkpoints
strata serve: decode expert cache hit rate: 46.9% (201 hits / 429 lookups)
strata serve: KV streaming: 98.89% of 12669096 block reads hit VRAM, 566.7 MiB read from RAM
strata serve: prompt 34212 tokens = 34211 reused + 1 read in 3 ms (360.2 tok/s), 1 generated in 35 ms (28.5 tok/s), drafts accepted 0 of 0, 3 checkpoints
strata serve: decode expert cache hit rate: 55.6% (244 hits / 439 lookups)
strata serve: KV streaming: 98.89% of 12675252 block reads hit VRAM, 566.7 MiB read from RAM
strata serve: prompt 34213 tokens = 34212 reused + 1 read in 3 ms (358.8 tok/s), 1 generated in 34 ms (29.0 tok/s), drafts accepted 0 of 0, 3 checkpoints
strata serve: decode expert cache hit rate: 54.6% (239 hits / 438 lookups)
strata serve: KV streaming: 98.89% of 12681420 block reads hit VRAM, 566.7 MiB read from RAM
strata serve: prompt 34214 tokens = 34213 reused + 1 read in 3 ms (358.9 tok/s), 1 generated in 38 ms (26.6 tok/s), drafts accepted 0 of 0, 3 checkpoints
strata serve: decode expert cache hit rate: 46.0% (197 hits / 428 lookups)
strata serve: KV streaming: 98.89% of 12687588 block reads hit VRAM, 566.7 MiB read from RAM
strata serve: prompt 34215 tokens = 34214 reused + 1 read in 3 ms (360.5 tok/s), 1 generated in 36 ms (27.7 tok/s), drafts accepted 0 of 0, 3 checkpoints
strata serve: decode expert cache hit rate: 51.4% (223 hits / 434 lookups)
strata serve: KV streaming: 98.89% of 12693744 block reads hit VRAM, 566.7 MiB read from RAM
strata serve: prompt 34216 tokens = 34215 reused + 1 read in 3 ms (358.7 tok/s), 1 generated in 38 ms (26.0 tok/s), drafts accepted 0 of 0, 3 checkpoints
strata serve: decode expert cache hit rate: 39.6% (166 hits / 419 lookups)
strata serve: KV streaming: 98.89% of 12699900 block reads hit VRAM, 566.7 MiB read from RAM
strata serve: prompt 34217 tokens = 34216 reused + 1 read in 3 ms (359.1 tok/s), 1 generated in 37 ms (26.7 tok/s), drafts accepted 0 of 0, 3 checkpoints
strata serve: decode expert cache hit rate: 48.5% (209 hits / 431 lookups)
strata serve: KV streaming: 98.89% of 12706068 block reads hit VRAM, 566.7 MiB read from RAM
strata serve: prompt 34218 tokens = 34217 reused + 1 read in 3 ms (360.5 tok/s), 1 generated in 39 ms (26.0 tok/s), drafts accepted 0 of 0, 3 checkpoints
strata serve: decode expert cache hit rate: 42.2% (178 hits / 422 lookups)
strata serve: KV streaming: 98.89% of 12712236 block reads hit VRAM, 566.7 MiB read from RAM
strata serve: prompt 34219 tokens = 34218 reused + 1 read in 3 ms (359.3 tok/s), 1 generated in 36 ms (27.5 tok/s), drafts accepted 0 of 0, 3 checkpoints
strata serve: decode expert cache hit rate: 52.1% (227 hits / 436 lookups)
strata serve: KV streaming: 98.89% of 12718392 block reads hit VRAM, 566.7 MiB read from RAM
strata serve: prompt 34220 tokens = 34219 reused + 1 read in 3 ms (359.4 tok/s), 1 generated in 37 ms (26.9 tok/s), drafts accepted 0 of 0, 3 checkpoints
strata serve: decode expert cache hit rate: 49.3% (214 hits / 434 lookups)
strata serve: KV streaming: 98.89% of 12724548 block reads hit VRAM, 566.7 MiB read from RAM
strata serve: prompt 34221 tokens = 34220 reused + 1 read in 3 ms (360.5 tok/s), 1 generated in 41 ms (24.6 tok/s), drafts accepted 0 of 0, 3 checkpoints
strata serve: decode expert cache hit rate: 40.7% (170 hits / 418 lookups)
strata serve: KV streaming: 98.89% of 12730716 block reads hit VRAM, 566.7 MiB read from RAM
strata serve: prompt 34222 tokens = 34221 reused + 1 read in 3 ms (360.8 tok/s), 1 generated in 39 ms (25.8 tok/s), drafts accepted 0 of 0, 3 checkpoints
strata serve: decode expert cache hit rate: 40.8% (170 hits / 417 lookups)
strata serve: KV streaming: 98.90% of 12736884 block reads hit VRAM, 566.7 MiB read from RAM
strata serve: prompt 34223 tokens = 34222 reused + 1 read in 3 ms (359.8 tok/s), 1 generated in 36 ms (28.0 tok/s), drafts accepted 0 of 0, 3 checkpoints
strata serve: decode expert cache hit rate: 53.4% (233 hits / 436 lookups)
strata serve: KV streaming: 98.90% of 12743040 block reads hit VRAM, 566.7 MiB read from RAM
strata serve: prompt 34224 tokens = 34223 reused + 1 read in 3 ms (355.4 tok/s), 1 generated in 39 ms (25.7 tok/s), drafts accepted 0 of 0, 3 checkpoints
strata serve: decode expert cache hit rate: 43.1% (181 hits / 420 lookups)
strata serve: KV streaming: 98.90% of 12749196 block reads hit VRAM, 566.7 MiB read from RAM
strata serve: prompt 34225 tokens = 34224 reused + 1 read in 3 ms (359.8 tok/s), 1 generated in 43 ms (23.2 tok/s), drafts accepted 0 of 0, 3 checkpoints
strata serve: decode expert cache hit rate: 47.8% (205 hits / 429 lookups)
strata serve: KV streaming: 98.90% of 12755364 block reads hit VRAM, 566.7 MiB read from RAM
strata serve: prompt 34226 tokens = 34225 reused + 1 read in 3 ms (359.9 tok/s), 1 generated in 40 ms (24.8 tok/s), drafts accepted 0 of 0, 3 checkpoints
strata serve: decode expert cache hit rate: 49.3% (212 hits / 430 lookups)
strata serve: KV streaming: 98.90% of 12761532 block reads hit VRAM, 566.7 MiB read from RAM
strata serve: prompt 34227 tokens = 34226 reused + 1 read in 3 ms (353.0 tok/s), 1 generated in 39 ms (25.5 tok/s), drafts accepted 0 of 0, 3 checkpoints
strata serve: decode expert cache hit rate: 43.7% (186 hits / 426 lookups)
strata serve: KV streaming: 98.90% of 12767688 block reads hit VRAM, 566.8 MiB read from RAM
strata serve: prompt 34228 tokens = 34227 reused + 1 read in 3 ms (359.7 tok/s), 1 generated in 37 ms (26.7 tok/s), drafts accepted 0 of 0, 3 checkpoints
strata serve: decode expert cache hit rate: 49.7% (215 hits / 433 lookups)
strata serve: KV streaming: 98.90% of 12773844 block reads hit VRAM, 566.8 MiB read from RAM
strata serve: prompt 34229 tokens = 34228 reused + 1 read in 3 ms (359.7 tok/s), 1 generated in 36 ms (27.5 tok/s), drafts accepted 0 of 0, 3 checkpoints
strata serve: decode expert cache hit rate: 48.6% (209 hits / 430 lookups)
strata serve: KV streaming: 98.90% of 12780012 block reads hit VRAM, 566.8 MiB read from RAM
strata serve: prompt 34230 tokens = 34229 reused + 1 read in 3 ms (360.4 tok/s), 1 generated in 41 ms (24.3 tok/s), drafts accepted 0 of 0, 3 checkpoints
strata serve: decode expert cache hit rate: 34.7% (144 hits / 415 lookups)
strata serve: KV streaming: 98.90% of 12786180 block reads hit VRAM, 566.8 MiB read from RAM
strata serve: prompt 34231 tokens = 34230 reused + 1 read in 3 ms (359.9 tok/s), 1 generated in 36 ms (27.4 tok/s), drafts accepted 0 of 0, 3 checkpoints
strata serve: decode expert cache hit rate: 49.5% (213 hits / 430 lookups)
strata serve: KV streaming: 98.90% of 12792336 block reads hit VRAM, 566.8 MiB read from RAM
strata serve: prompt 34232 tokens = 34231 reused + 1 read in 3 ms (360.5 tok/s), 1 generated in 36 ms (27.6 tok/s), drafts accepted 0 of 0, 3 checkpoints
strata serve: decode expert cache hit rate: 48.8% (212 hits / 434 lookups)
strata serve: KV streaming: 98.90% of 12798492 block reads hit VRAM, 566.8 MiB read from RAM
strata serve: prompt 34233 tokens = 34232 reused + 1 read in 3 ms (360.6 tok/s), 1 generated in 39 ms (25.4 tok/s), drafts accepted 0 of 0, 3 checkpoints
strata serve: decode expert cache hit rate: 40.0% (167 hits / 418 lookups)
strata serve: KV streaming: 98.90% of 12804660 block reads hit VRAM, 566.8 MiB read from RAM
strata serve: prompt 34234 tokens = 34233 reused + 1 read in 3 ms (360.6 tok/s), 1 generated in 40 ms (25.1 tok/s), drafts accepted 0 of 0, 3 checkpoints
strata serve: decode expert cache hit rate: 38.6% (160 hits / 415 lookups)
strata serve: KV streaming: 98.90% of 12810828 block reads hit VRAM, 566.8 MiB read from RAM
strata serve: prompt 34235 tokens = 34234 reused + 1 read in 3 ms (355.2 tok/s), 1 generated in 40 ms (24.7 tok/s), drafts accepted 0 of 0, 3 checkpoints
strata serve: decode expert cache hit rate: 34.5% (141 hits / 409 lookups)
strata serve: KV streaming: 98.90% of 12816984 block reads hit VRAM, 566.8 MiB read from RAM
strata serve: prompt 34236 tokens = 34235 reused + 1 read in 3 ms (356.4 tok/s), 1 generated in 38 ms (26.5 tok/s), drafts accepted 0 of 0, 3 checkpoints
strata serve: decode expert cache hit rate: 44.4% (188 hits / 423 lookups)
strata serve: KV streaming: 98.90% of 12823140 block reads hit VRAM, 566.8 MiB read from RAM
strata serve: prompt 34237 tokens = 34236 reused + 1 read in 3 ms (360.4 tok/s), 1 generated in 44 ms (22.9 tok/s), drafts accepted 0 of 0, 3 checkpoints
strata serve: decode expert cache hit rate: 35.9% (149 hits / 415 lookups)
strata serve: KV streaming: 98.90% of 12829308 block reads hit VRAM, 566.8 MiB read from RAM
strata serve: prompt 34238 tokens = 34237 reused + 1 read in 3 ms (355.4 tok/s), 1 generated in 40 ms (25.0 tok/s), drafts accepted 0 of 0, 3 checkpoints
strata serve: decode expert cache hit rate: 44.5% (189 hits / 425 lookups)
strata serve: KV streaming: 98.90% of 12835476 block reads hit VRAM, 566.8 MiB read from RAM
strata serve: prompt 34239 tokens = 34238 reused + 1 read in 3 ms (356.6 tok/s), 1 generated in 38 ms (26.3 tok/s), drafts accepted 0 of 0, 3 checkpoints
strata serve: decode expert cache hit rate: 53.0% (230 hits / 434 lookups)
strata serve: KV streaming: 98.90% of 12841632 block reads hit VRAM, 566.8 MiB read from RAM
strata serve: prompt 34240 tokens = 34239 reused + 1 read in 3 ms (357.7 tok/s), 1 generated in 39 ms (25.9 tok/s), drafts accepted 0 of 0, 3 checkpoints
strata serve: decode expert cache hit rate: 45.0% (191 hits / 424 lookups)
strata serve: KV streaming: 98.90% of 12847788 block reads hit VRAM, 566.8 MiB read from RAM
strata serve: prompt 34241 tokens = 34240 reused + 1 read in 3 ms (359.4 tok/s), 1 generated in 40 ms (25.0 tok/s), drafts accepted 0 of 0, 3 checkpoints
strata serve: decode expert cache hit rate: 39.9% (167 hits / 419 lookups)
strata serve: KV streaming: 98.91% of 12853956 block reads hit VRAM, 566.9 MiB read from RAM
strata serve: prompt 34242 tokens = 34241 reused + 1 read in 3 ms (360.4 tok/s), 1 generated in 38 ms (26.2 tok/s), drafts accepted 0 of 0, 3 checkpoints
strata serve: decode expert cache hit rate: 42.6% (180 hits / 423 lookups)
strata serve: KV streaming: 98.91% of 12860124 block reads hit VRAM, 566.9 MiB read from RAM
strata serve: prompt 34243 tokens = 34242 reused + 1 read in 3 ms (360.2 tok/s), 1 generated in 40 ms (25.2 tok/s), drafts accepted 0 of 0, 3 checkpoints
strata serve: decode expert cache hit rate: 32.7% (134 hits / 410 lookups)
strata serve: KV streaming: 98.91% of 12866280 block reads hit VRAM, 566.9 MiB read from RAM
strata serve: prompt 34244 tokens = 34243 reused + 1 read in 3 ms (359.2 tok/s), 1 generated in 34 ms (29.2 tok/s), drafts accepted 0 of 0, 3 checkpoints
strata serve: decode expert cache hit rate: 53.2% (231 hits / 434 lookups)
strata serve: KV streaming: 98.91% of 12872436 block reads hit VRAM, 566.9 MiB read from RAM
strata serve: prompt 34245 tokens = 34244 reused + 1 read in 3 ms (359.9 tok/s), 1 generated in 40 ms (25.0 tok/s), drafts accepted 0 of 0, 3 checkpoints
strata serve: decode expert cache hit rate: 37.5% (157 hits / 419 lookups)
strata serve: KV streaming: 98.91% of 12878604 block reads hit VRAM, 567.0 MiB read from RAM
strata serve: prompt 34246 tokens = 34245 reused + 1 read in 3 ms (360.1 tok/s), 1 generated in 37 ms (27.1 tok/s), drafts accepted 0 of 0, 3 checkpoints
strata serve: decode expert cache hit rate: 47.4% (204 hits / 430 lookups)
strata serve: KV streaming: 98.91% of 12884772 block reads hit VRAM, 567.0 MiB read from RAM
strata serve: prompt 34247 tokens = 34246 reused + 1 read in 3 ms (360.2 tok/s), 1 generated in 41 ms (24.7 tok/s), drafts accepted 0 of 0, 3 checkpoints
strata serve: decode expert cache hit rate: 34.5% (142 hits / 412 lookups)
strata serve: KV streaming: 98.91% of 12890928 block reads hit VRAM, 567.0 MiB read from RAM
strata serve: prompt 34248 tokens = 34247 reused + 1 read in 3 ms (359.6 tok/s), 1 generated in 39 ms (25.4 tok/s), drafts accepted 0 of 0, 3 checkpoints
strata serve: decode expert cache hit rate: 41.5% (175 hits / 422 lookups)
strata serve: KV streaming: 98.91% of 12897084 block reads hit VRAM, 567.0 MiB read from RAM
strata serve: prompt 34249 tokens = 34248 reused + 1 read in 3 ms (351.6 tok/s), 1 generated in 40 ms (24.7 tok/s), drafts accepted 0 of 0, 3 checkpoints
strata serve: decode expert cache hit rate: 37.7% (156 hits / 414 lookups)
strata serve: KV streaming: 98.91% of 12903252 block reads hit VRAM, 567.0 MiB read from RAM
strata serve: prompt 34250 tokens = 34249 reused + 1 read in 3 ms (360.9 tok/s), 1 generated in 39 ms (25.9 tok/s), drafts accepted 0 of 0, 3 checkpoints
strata serve: decode expert cache hit rate: 36.7% (151 hits / 412 lookups)
strata serve: KV streaming: 98.91% of 12909420 block reads hit VRAM, 567.0 MiB read from RAM
strata serve: prompt 34251 tokens = 34250 reused + 1 read in 3 ms (359.9 tok/s), 1 generated in 35 ms (28.9 tok/s), drafts accepted 0 of 0, 3 checkpoints
strata serve: decode expert cache hit rate: 54.1% (237 hits / 438 lookups)
strata serve: KV streaming: 98.91% of 12915576 block reads hit VRAM, 567.0 MiB read from RAM
strata serve: prompt 34252 tokens = 34251 reused + 1 read in 3 ms (359.2 tok/s), 1 generated in 39 ms (25.5 tok/s), drafts accepted 0 of 0, 3 checkpoints
strata serve: decode expert cache hit rate: 39.3% (163 hits / 415 lookups)
strata serve: KV streaming: 98.91% of 12921732 block reads hit VRAM, 567.0 MiB read from RAM
strata serve: prompt 34253 tokens = 34252 reused + 1 read in 3 ms (359.1 tok/s), 1 generated in 34 ms (29.8 tok/s), drafts accepted 0 of 0, 3 checkpoints
strata serve: decode expert cache hit rate: 60.7% (273 hits / 450 lookups)
strata serve: KV streaming: 98.91% of 12927900 block reads hit VRAM, 567.0 MiB read from RAM
strata serve: prompt 34254 tokens = 34253 reused + 1 read in 3 ms (359.8 tok/s), 1 generated in 37 ms (26.8 tok/s), drafts accepted 0 of 0, 3 checkpoints
strata serve: decode expert cache hit rate: 47.2% (201 hits / 426 lookups)
strata serve: KV streaming: 98.91% of 12934068 block reads hit VRAM, 567.1 MiB read from RAM
strata serve: prompt 34255 tokens = 34254 reused + 1 read in 3 ms (360.3 tok/s), 1 generated in 38 ms (26.4 tok/s), drafts accepted 0 of 0, 3 checkpoints
strata serve: decode expert cache hit rate: 43.4% (184 hits / 424 lookups)
strata serve: KV streaming: 98.91% of 12940224 block reads hit VRAM, 567.1 MiB read from RAM
strata serve: prompt 34256 tokens = 34255 reused + 1 read in 3 ms (360.2 tok/s), 1 generated in 36 ms (27.6 tok/s), drafts accepted 0 of 0, 3 checkpoints
strata serve: decode expert cache hit rate: 49.2% (210 hits / 427 lookups)
strata serve: KV streaming: 98.91% of 12946380 block reads hit VRAM, 567.1 MiB read from RAM
strata serve: prompt 34257 tokens = 34256 reused + 1 read in 3 ms (359.7 tok/s), 1 generated in 36 ms (27.4 tok/s), drafts accepted 0 of 0, 3 checkpoints
strata serve: decode expert cache hit rate: 46.6% (200 hits / 429 lookups)
strata serve: KV streaming: 98.91% of 12952548 block reads hit VRAM, 567.1 MiB read from RAM
strata serve: prompt 34258 tokens = 34257 reused + 1 read in 3 ms (360.1 tok/s), 1 generated in 37 ms (26.8 tok/s), drafts accepted 0 of 0, 3 checkpoints
strata serve: decode expert cache hit rate: 48.0% (206 hits / 429 lookups)
strata serve: KV streaming: 98.91% of 12958716 block reads hit VRAM, 567.1 MiB read from RAM
strata serve: prompt 34259 tokens = 34258 reused + 1 read in 3 ms (360.6 tok/s), 1 generated in 37 ms (26.8 tok/s), drafts accepted 0 of 0, 3 checkpoints
strata serve: decode expert cache hit rate: 45.8% (194 hits / 424 lookups)
strata serve: KV streaming: 98.91% of 12964872 block reads hit VRAM, 567.1 MiB read from RAM
strata serve: prompt 34260 tokens = 34259 reused + 1 read in 3 ms (357.5 tok/s), 1 generated in 37 ms (27.1 tok/s), drafts accepted 0 of 0, 3 checkpoints
strata serve: decode expert cache hit rate: 44.4% (187 hits / 421 lookups)
strata serve: KV streaming: 98.91% of 12971028 block reads hit VRAM, 567.2 MiB read from RAM
strata serve: prompt 34261 tokens = 34260 reused + 1 read in 3 ms (360.6 tok/s), 1 generated in 40 ms (25.2 tok/s), drafts accepted 0 of 0, 3 checkpoints
strata serve: decode expert cache hit rate: 37.3% (155 hits / 416 lookups)
strata serve: KV streaming: 98.92% of 12977196 block reads hit VRAM, 567.2 MiB read from RAM
strata serve: prompt 34262 tokens = 34261 reused + 1 read in 3 ms (349.6 tok/s), 1 generated in 40 ms (25.0 tok/s), drafts accepted 0 of 0, 3 checkpoints
strata serve: decode expert cache hit rate: 43.5% (186 hits / 428 lookups)
strata serve: KV streaming: 98.92% of 12983364 block reads hit VRAM, 567.2 MiB read from RAM
strata serve: prompt 34263 tokens = 34262 reused + 1 read in 3 ms (360.3 tok/s), 1 generated in 41 ms (24.6 tok/s), drafts accepted 0 of 0, 3 checkpoints
strata serve: decode expert cache hit rate: 33.4% (136 hits / 407 lookups)
strata serve: KV streaming: 98.92% of 12989520 block reads hit VRAM, 567.2 MiB read from RAM
strata serve: prompt 34264 tokens = 34263 reused + 1 read in 3 ms (359.7 tok/s), 1 generated in 41 ms (24.6 tok/s), drafts accepted 0 of 0, 3 checkpoints
strata serve: decode expert cache hit rate: 32.2% (132 hits / 410 lookups)
strata serve: KV streaming: 98.92% of 12995676 block reads hit VRAM, 567.2 MiB read from RAM
strata serve: prompt 34265 tokens = 34264 reused + 1 read in 3 ms (358.9 tok/s), 1 generated in 34 ms (29.0 tok/s), drafts accepted 0 of 0, 3 checkpoints
strata serve: decode expert cache hit rate: 57.8% (257 hits / 445 lookups)
strata serve: KV streaming: 98.92% of 13001844 block reads hit VRAM, 567.2 MiB read from RAM
strata serve: prompt 34266 tokens = 34265 reused + 1 read in 3 ms (360.9 tok/s), 1 generated in 36 ms (27.9 tok/s), drafts accepted 0 of 0, 3 checkpoints
strata serve: decode expert cache hit rate: 49.0% (211 hits / 431 lookups)
strata serve: KV streaming: 98.92% of 13008012 block reads hit VRAM, 567.3 MiB read from RAM
strata serve: prompt 34267 tokens = 34266 reused + 1 read in 3 ms (360.2 tok/s), 1 generated in 38 ms (26.5 tok/s), drafts accepted 0 of 0, 3 checkpoints
strata serve: decode expert cache hit rate: 45.3% (195 hits / 430 lookups)
strata serve: KV streaming: 98.92% of 13014168 block reads hit VRAM, 567.3 MiB read from RAM
strata serve: prompt 34268 tokens = 34267 reused + 1 read in 3 ms (359.5 tok/s), 1 generated in 40 ms (25.2 tok/s), drafts accepted 0 of 0, 3 checkpoints
strata serve: decode expert cache hit rate: 33.3% (137 hits / 411 lookups)
strata serve: KV streaming: 98.92% of 13020324 block reads hit VRAM, 567.3 MiB read from RAM
strata serve: prompt 34269 tokens = 34268 reused + 1 read in 3 ms (356.4 tok/s), 1 generated in 39 ms (25.4 tok/s), drafts accepted 0 of 0, 3 checkpoints
strata serve: decode expert cache hit rate: 40.8% (173 hits / 424 lookups)
strata serve: KV streaming: 98.92% of 13026492 block reads hit VRAM, 567.3 MiB read from RAM
strata serve: prompt 34270 tokens = 34269 reused + 1 read in 3 ms (360.5 tok/s), 1 generated in 37 ms (27.2 tok/s), drafts accepted 0 of 0, 3 checkpoints
strata serve: decode expert cache hit rate: 48.4% (207 hits / 428 lookups)
strata serve: KV streaming: 98.92% of 13032660 block reads hit VRAM, 567.3 MiB read from RAM
strata serve: prompt 34271 tokens = 34270 reused + 1 read in 3 ms (359.6 tok/s), 1 generated in 37 ms (27.4 tok/s), drafts accepted 0 of 0, 3 checkpoints
strata serve: decode expert cache hit rate: 46.4% (198 hits / 427 lookups)
strata serve: KV streaming: 98.92% of 13038816 block reads hit VRAM, 567.3 MiB read from RAM
strata serve: prompt 34272 tokens = 34271 reused + 1 read in 3 ms (360.2 tok/s), 1 generated in 38 ms (26.6 tok/s), drafts accepted 0 of 0, 3 checkpoints
strata serve: decode expert cache hit rate: 45.0% (191 hits / 424 lookups)
strata serve: KV streaming: 98.92% of 13044972 block reads hit VRAM, 567.3 MiB read from RAM
strata serve: prompt 34273 tokens = 34272 reused + 1 read in 3 ms (360.7 tok/s), 1 generated in 39 ms (25.9 tok/s), drafts accepted 0 of 0, 3 checkpoints
strata serve: decode expert cache hit rate: 43.6% (184 hits / 422 lookups)
strata serve: KV streaming: 98.92% of 13051140 block reads hit VRAM, 567.4 MiB read from RAM
strata serve: prompt 34274 tokens = 34273 reused + 1 read in 3 ms (359.2 tok/s), 1 generated in 38 ms (26.3 tok/s), drafts accepted 0 of 0, 3 checkpoints
strata serve: decode expert cache hit rate: 44.1% (188 hits / 426 lookups)
strata serve: KV streaming: 98.92% of 13057308 block reads hit VRAM, 567.4 MiB read from RAM
strata serve: prompt 34275 tokens = 34274 reused + 1 read in 3 ms (359.2 tok/s), 1 generated in 36 ms (27.8 tok/s), drafts accepted 0 of 0, 3 checkpoints
strata serve: decode expert cache hit rate: 62.1% (278 hits / 448 lookups)
strata serve: KV streaming: 98.92% of 13063464 block reads hit VRAM, 567.4 MiB read from RAM
strata serve: prompt 34276 tokens = 34275 reused + 1 read in 3 ms (352.8 tok/s), 1 generated in 40 ms (24.8 tok/s), drafts accepted 0 of 0, 3 checkpoints
strata serve: decode expert cache hit rate: 41.9% (177 hits / 422 lookups)
strata serve: KV streaming: 98.92% of 13069620 block reads hit VRAM, 567.4 MiB read from RAM
strata serve: prompt 34277 tokens = 34276 reused + 1 read in 3 ms (357.9 tok/s), 1 generated in 39 ms (25.4 tok/s), drafts accepted 0 of 0, 3 checkpoints
strata serve: decode expert cache hit rate: 47.2% (204 hits / 432 lookups)
strata serve: KV streaming: 98.92% of 13075788 block reads hit VRAM, 567.4 MiB read from RAM
strata serve: prompt 34278 tokens = 34277 reused + 1 read in 3 ms (357.3 tok/s), 1 generated in 35 ms (28.5 tok/s), drafts accepted 0 of 0, 3 checkpoints
strata serve: decode expert cache hit rate: 61.0% (274 hits / 449 lookups)
strata serve: KV streaming: 98.92% of 13081956 block reads hit VRAM, 567.4 MiB read from RAM
strata serve: prompt 34279 tokens = 34278 reused + 1 read in 3 ms (358.2 tok/s), 1 generated in 36 ms (27.6 tok/s), drafts accepted 0 of 0, 3 checkpoints
strata serve: decode expert cache hit rate: 56.2% (248 hits / 441 lookups)
strata serve: KV streaming: 98.92% of 13088112 block reads hit VRAM, 567.5 MiB read from RAM
strata serve: prompt 34280 tokens = 34279 reused + 1 read in 3 ms (357.8 tok/s), 1 generated in 38 ms (26.1 tok/s), drafts accepted 0 of 0, 3 checkpoints
strata serve: decode expert cache hit rate: 56.0% (249 hits / 445 lookups)
strata serve: KV streaming: 98.92% of 13094268 block reads hit VRAM, 567.5 MiB read from RAM
strata serve: prompt 34281 tokens = 34280 reused + 1 read in 3 ms (355.3 tok/s), 1 generated in 45 ms (22.1 tok/s), drafts accepted 0 of 0, 3 checkpoints
strata serve: decode expert cache hit rate: 34.5% (142 hits / 412 lookups)
strata serve: KV streaming: 98.92% of 13100436 block reads hit VRAM, 567.5 MiB read from RAM
strata serve: prompt 34282 tokens = 34281 reused + 1 read in 3 ms (349.2 tok/s), 1 generated in 39 ms (25.9 tok/s), drafts accepted 0 of 0, 3 checkpoints
strata serve: decode expert cache hit rate: 50.7% (218 hits / 430 lookups)
strata serve: KV streaming: 98.93% of 13106604 block reads hit VRAM, 567.5 MiB read from RAM
strata serve: prompt 34283 tokens = 34282 reused + 1 read in 3 ms (356.5 tok/s), 1 generated in 44 ms (22.7 tok/s), drafts accepted 0 of 0, 3 checkpoints
strata serve: decode expert cache hit rate: 35.8% (148 hits / 413 lookups)
strata serve: KV streaming: 98.93% of 13112760 block reads hit VRAM, 567.5 MiB read from RAM
strata serve: prompt 34284 tokens = 34283 reused + 1 read in 3 ms (357.8 tok/s), 1 generated in 43 ms (23.5 tok/s), drafts accepted 0 of 0, 3 checkpoints
strata serve: decode expert cache hit rate: 44.3% (188 hits / 424 lookups)
strata serve: KV streaming: 98.93% of 13118916 block reads hit VRAM, 567.5 MiB read from RAM
strata serve: prompt 34285 tokens = 34284 reused + 1 read in 3 ms (357.9 tok/s), 1 generated in 40 ms (25.2 tok/s), drafts accepted 0 of 0, 3 checkpoints
strata serve: decode expert cache hit rate: 47.7% (204 hits / 428 lookups)
strata serve: KV streaming: 98.93% of 13125084 block reads hit VRAM, 567.5 MiB read from RAM
strata serve: prompt 34286 tokens = 34285 reused + 1 read in 3 ms (358.5 tok/s), 1 generated in 43 ms (23.1 tok/s), drafts accepted 0 of 0, 3 checkpoints
strata serve: decode expert cache hit rate: 37.8% (159 hits / 421 lookups)
strata serve: KV streaming: 98.93% of 13131252 block reads hit VRAM, 567.5 MiB read from RAM
strata serve: prompt 34287 tokens = 34286 reused + 1 read in 3 ms (359.3 tok/s), 1 generated in 40 ms (25.1 tok/s), drafts accepted 0 of 0, 3 checkpoints
strata serve: decode expert cache hit rate: 39.6% (166 hits / 419 lookups)
strata serve: KV streaming: 98.93% of 13137408 block reads hit VRAM, 567.5 MiB read from RAM
strata serve: prompt 34288 tokens = 34287 reused + 1 read in 3 ms (358.2 tok/s), 1 generated in 39 ms (25.5 tok/s), drafts accepted 0 of 0, 3 checkpoints
strata serve: decode expert cache hit rate: 45.7% (196 hits / 429 lookups)
strata serve: KV streaming: 98.93% of 13143564 block reads hit VRAM, 567.5 MiB read from RAM
strata serve: prompt 34289 tokens = 34288 reused + 1 read in 3 ms (358.9 tok/s), 1 generated in 40 ms (24.7 tok/s), drafts accepted 0 of 0, 3 checkpoints
strata serve: decode expert cache hit rate: 44.6% (190 hits / 426 lookups)
strata serve: KV streaming: 98.93% of 13149732 block reads hit VRAM, 567.6 MiB read from RAM
strata serve: prompt 34290 tokens = 34289 reused + 1 read in 3 ms (358.9 tok/s), 1 generated in 38 ms (26.6 tok/s), drafts accepted 0 of 0, 3 checkpoints
strata serve: decode expert cache hit rate: 48.3% (207 hits / 429 lookups)
strata serve: KV streaming: 98.93% of 13155900 block reads hit VRAM, 567.6 MiB read from RAM
strata serve: prompt 34291 tokens = 34290 reused + 1 read in 3 ms (355.8 tok/s), 1 generated in 48 ms (21.0 tok/s), drafts accepted 0 of 0, 3 checkpoints
strata serve: decode expert cache hit rate: 37.3% (156 hits / 418 lookups)
strata serve: KV streaming: 98.93% of 13162056 block reads hit VRAM, 567.7 MiB read from RAM
strata serve: prompt 34292 tokens = 34291 reused + 1 read in 3 ms (356.4 tok/s), 1 generated in 48 ms (20.8 tok/s), drafts accepted 0 of 0, 3 checkpoints
strata serve: decode expert cache hit rate: 35.9% (149 hits / 415 lookups)
strata serve: KV streaming: 98.93% of 13168212 block reads hit VRAM, 567.7 MiB read from RAM
strata serve: prompt 34293 tokens = 34292 reused + 1 read in 3 ms (359.4 tok/s), 1 generated in 38 ms (26.5 tok/s), drafts accepted 0 of 0, 3 checkpoints
strata serve: decode expert cache hit rate: 49.0% (213 hits / 435 lookups)
strata serve: KV streaming: 98.93% of 13174380 block reads hit VRAM, 567.7 MiB read from RAM
strata serve: prompt 34294 tokens = 34293 reused + 1 read in 3 ms (356.7 tok/s), 1 generated in 37 ms (26.8 tok/s), drafts accepted 0 of 0, 3 checkpoints
strata serve: decode expert cache hit rate: 48.9% (209 hits / 427 lookups)
strata serve: KV streaming: 98.93% of 13180548 block reads hit VRAM, 567.7 MiB read from RAM
strata serve: prompt 34295 tokens = 34294 reused + 1 read in 3 ms (358.6 tok/s), 1 generated in 40 ms (24.8 tok/s), drafts accepted 0 of 0, 3 checkpoints
strata serve: decode expert cache hit rate: 48.0% (208 hits / 433 lookups)
strata serve: KV streaming: 98.93% of 13186704 block reads hit VRAM, 567.7 MiB read from RAM
strata serve: prompt 34296 tokens = 34295 reused + 1 read in 3 ms (355.2 tok/s), 1 generated in 41 ms (24.7 tok/s), drafts accepted 0 of 0, 3 checkpoints
strata serve: decode expert cache hit rate: 37.0% (154 hits / 416 lookups)
strata serve: KV streaming: 98.93% of 13192860 block reads hit VRAM, 567.8 MiB read from RAM
strata serve: prompt 34297 tokens = 34296 reused + 1 read in 3 ms (357.2 tok/s), 1 generated in 47 ms (21.4 tok/s), drafts accepted 0 of 0, 3 checkpoints
strata serve: decode expert cache hit rate: 35.4% (147 hits / 415 lookups)
strata serve: KV streaming: 98.93% of 13199028 block reads hit VRAM, 567.8 MiB read from RAM
strata serve: prompt 34298 tokens = 34297 reused + 1 read in 3 ms (355.7 tok/s), 1 generated in 41 ms (24.4 tok/s), drafts accepted 0 of 0, 3 checkpoints
strata serve: decode expert cache hit rate: 44.4% (191 hits / 430 lookups)
strata serve: KV streaming: 98.93% of 13205196 block reads hit VRAM, 567.8 MiB read from RAM
strata serve: prompt 34299 tokens = 34298 reused + 1 read in 3 ms (359.2 tok/s), 1 generated in 42 ms (23.8 tok/s), drafts accepted 0 of 0, 3 checkpoints
strata serve: decode expert cache hit rate: 49.1% (211 hits / 430 lookups)
strata serve: KV streaming: 98.93% of 13211352 block reads hit VRAM, 567.8 MiB read from RAM
strata serve: prompt 34300 tokens = 34299 reused + 1 read in 3 ms (357.6 tok/s), 1 generated in 38 ms (26.2 tok/s), drafts accepted 0 of 0, 3 checkpoints
strata serve: decode expert cache hit rate: 45.6% (196 hits / 430 lookups)
strata serve: KV streaming: 98.93% of 13217508 block reads hit VRAM, 567.8 MiB read from RAM
strata serve: prompt 34301 tokens = 34300 reused + 1 read in 3 ms (353.8 tok/s), 1 generated in 42 ms (24.0 tok/s), drafts accepted 0 of 0, 3 checkpoints
strata serve: decode expert cache hit rate: 32.8% (136 hits / 415 lookups)
strata serve: KV streaming: 98.93% of 13223676 block reads hit VRAM, 567.8 MiB read from RAM
strata serve: prompt 34302 tokens = 34301 reused + 1 read in 3 ms (359.3 tok/s), 1 generated in 41 ms (24.3 tok/s), drafts accepted 0 of 0, 3 checkpoints
strata serve: decode expert cache hit rate: 39.7% (167 hits / 421 lookups)
strata serve: KV streaming: 98.93% of 13229844 block reads hit VRAM, 567.8 MiB read from RAM
strata serve: prompt 34303 tokens = 34302 reused + 1 read in 3 ms (357.6 tok/s), 1 generated in 44 ms (22.7 tok/s), drafts accepted 0 of 0, 3 checkpoints
strata serve: decode expert cache hit rate: 36.6% (152 hits / 415 lookups)
strata serve: KV streaming: 98.94% of 13236000 block reads hit VRAM, 567.8 MiB read from RAM
strata serve: prompt 34304 tokens = 34303 reused + 1 read in 3 ms (358.8 tok/s), 1 generated in 44 ms (22.7 tok/s), drafts accepted 0 of 0, 3 checkpoints
strata serve: decode expert cache hit rate: 38.4% (161 hits / 419 lookups)
strata serve: KV streaming: 98.94% of 13242156 block reads hit VRAM, 567.8 MiB read from RAM
strata serve: prompt 34305 tokens = 34304 reused + 1 read in 3 ms (356.7 tok/s), 1 generated in 44 ms (22.5 tok/s), drafts accepted 0 of 0, 3 checkpoints
strata serve: decode expert cache hit rate: 29.3% (119 hits / 406 lookups)
strata serve: KV streaming: 98.94% of 13248324 block reads hit VRAM, 567.8 MiB read from RAM
strata serve: prompt 34306 tokens = 34305 reused + 1 read in 3 ms (358.3 tok/s), 1 generated in 41 ms (24.3 tok/s), drafts accepted 0 of 0, 3 checkpoints
strata serve: decode expert cache hit rate: 30.8% (126 hits / 409 lookups)
strata serve: KV streaming: 98.94% of 13254492 block reads hit VRAM, 567.8 MiB read from RAM
strata serve: prompt 34307 tokens = 34306 reused + 1 read in 3 ms (356.0 tok/s), 1 generated in 36 ms (28.1 tok/s), drafts accepted 0 of 0, 3 checkpoints
strata serve: decode expert cache hit rate: 51.0% (221 hits / 433 lookups)
strata serve: KV streaming: 98.94% of 13260648 block reads hit VRAM, 567.9 MiB read from RAM
strata serve: prompt 34308 tokens = 34307 reused + 1 read in 3 ms (334.1 tok/s), 1 generated in 39 ms (25.8 tok/s), drafts accepted 0 of 0, 3 checkpoints
strata serve: decode expert cache hit rate: 40.3% (169 hits / 419 lookups)
strata serve: KV streaming: 98.94% of 13266804 block reads hit VRAM, 567.9 MiB read from RAM
strata serve: prompt 34309 tokens = 34308 reused + 1 read in 3 ms (354.3 tok/s), 1 generated in 41 ms (24.4 tok/s), drafts accepted 0 of 0, 3 checkpoints
strata serve: decode expert cache hit rate: 34.3% (143 hits / 417 lookups)
strata serve: KV streaming: 98.94% of 13272972 block reads hit VRAM, 567.9 MiB read from RAM
strata serve: prompt 34310 tokens = 34309 reused + 1 read in 3 ms (359.6 tok/s), 1 generated in 41 ms (24.6 tok/s), drafts accepted 0 of 0, 3 checkpoints
strata serve: decode expert cache hit rate: 39.2% (165 hits / 421 lookups)
strata serve: KV streaming: 98.94% of 13279140 block reads hit VRAM, 567.9 MiB read from RAM
strata serve: prompt 34311 tokens = 34310 reused + 1 read in 3 ms (359.1 tok/s), 1 generated in 43 ms (23.1 tok/s), drafts accepted 0 of 0, 3 checkpoints
strata serve: decode expert cache hit rate: 38.4% (160 hits / 417 lookups)
strata serve: KV streaming: 98.94% of 13285296 block reads hit VRAM, 567.9 MiB read from RAM
strata serve: prompt 34312 tokens = 34311 reused + 1 read in 3 ms (358.2 tok/s), 1 generated in 38 ms (26.3 tok/s), drafts accepted 0 of 0, 3 checkpoints
strata serve: decode expert cache hit rate: 45.9% (195 hits / 425 lookups)
strata serve: KV streaming: 98.94% of 13291452 block reads hit VRAM, 567.9 MiB read from RAM
strata serve: prompt 34313 tokens = 34312 reused + 1 read in 3 ms (360.4 tok/s), 1 generated in 43 ms (23.4 tok/s), drafts accepted 0 of 0, 3 checkpoints
strata serve: decode expert cache hit rate: 31.6% (131 hits / 414 lookups)
strata serve: KV streaming: 98.94% of 13297620 block reads hit VRAM, 567.9 MiB read from RAM
strata serve: prompt 34314 tokens = 34313 reused + 1 read in 3 ms (356.9 tok/s), 1 generated in 37 ms (27.2 tok/s), drafts accepted 0 of 0, 3 checkpoints
strata serve: decode expert cache hit rate: 45.8% (196 hits / 428 lookups)
strata serve: KV streaming: 98.94% of 13303788 block reads hit VRAM, 567.9 MiB read from RAM
strata serve: prompt 34315 tokens = 34314 reused + 1 read in 3 ms (358.1 tok/s), 1 generated in 41 ms (24.6 tok/s), drafts accepted 0 of 0, 3 checkpoints
strata serve: decode expert cache hit rate: 42.2% (179 hits / 424 lookups)
strata serve: KV streaming: 98.94% of 13309944 block reads hit VRAM, 567.9 MiB read from RAM
strata serve: prompt 34316 tokens = 34315 reused + 1 read in 3 ms (358.0 tok/s), 1 generated in 42 ms (24.1 tok/s), drafts accepted 0 of 0, 3 checkpoints
strata serve: decode expert cache hit rate: 32.5% (133 hits / 409 lookups)
strata serve: KV streaming: 98.94% of 13316100 block reads hit VRAM, 567.9 MiB read from RAM
strata serve: prompt 34317 tokens = 34316 reused + 1 read in 3 ms (357.8 tok/s), 1 generated in 38 ms (26.5 tok/s), drafts accepted 0 of 0, 3 checkpoints
strata serve: decode expert cache hit rate: 49.5% (213 hits / 430 lookups)
strata serve: KV streaming: 98.94% of 13322268 block reads hit VRAM, 568.0 MiB read from RAM
strata serve: prompt 34318 tokens = 34317 reused + 1 read in 3 ms (356.5 tok/s), 1 generated in 40 ms (25.0 tok/s), drafts accepted 0 of 0, 3 checkpoints
strata serve: decode expert cache hit rate: 34.2% (142 hits / 415 lookups)
strata serve: KV streaming: 98.94% of 13328436 block reads hit VRAM, 568.0 MiB read from RAM
strata serve: prompt 34319 tokens = 34318 reused + 1 read in 3 ms (358.4 tok/s), 1 generated in 40 ms (24.9 tok/s), drafts accepted 0 of 0, 3 checkpoints
strata serve: decode expert cache hit rate: 39.1% (164 hits / 419 lookups)
strata serve: KV streaming: 98.94% of 13334592 block reads hit VRAM, 568.0 MiB read from RAM
strata serve: prompt 34320 tokens = 34319 reused + 1 read in 3 ms (359.2 tok/s), 1 generated in 42 ms (23.7 tok/s), drafts accepted 0 of 0, 3 checkpoints
strata serve: decode expert cache hit rate: 34.2% (141 hits / 412 lookups)
strata serve: KV streaming: 98.94% of 13340748 block reads hit VRAM, 568.0 MiB read from RAM
strata serve: prompt 34321 tokens = 34320 reused + 1 read in 3 ms (358.1 tok/s), 1 generated in 38 ms (26.3 tok/s), drafts accepted 0 of 0, 3 checkpoints
strata serve: decode expert cache hit rate: 45.3% (192 hits / 424 lookups)
strata serve: KV streaming: 98.94% of 13346916 block reads hit VRAM, 568.1 MiB read from RAM
strata serve: prompt 34322 tokens = 34321 reused + 1 read in 3 ms (360.5 tok/s), 1 generated in 45 ms (22.2 tok/s), drafts accepted 0 of 0, 3 checkpoints
strata serve: decode expert cache hit rate: 33.3% (137 hits / 411 lookups)
strata serve: KV streaming: 98.94% of 13353084 block reads hit VRAM, 568.1 MiB read from RAM
strata serve: prompt 34323 tokens = 34322 reused + 1 read in 3 ms (357.8 tok/s), 1 generated in 40 ms (25.3 tok/s), drafts accepted 0 of 0, 3 checkpoints
strata serve: decode expert cache hit rate: 44.3% (188 hits / 424 lookups)
strata serve: KV streaming: 98.94% of 13359240 block reads hit VRAM, 568.1 MiB read from RAM
strata serve: prompt 34324 tokens = 34323 reused + 1 read in 3 ms (358.7 tok/s), 1 generated in 45 ms (22.1 tok/s), drafts accepted 0 of 0, 3 checkpoints
strata serve: decode expert cache hit rate: 31.6% (130 hits / 411 lookups)
strata serve: KV streaming: 98.94% of 13365396 block reads hit VRAM, 568.1 MiB read from RAM
strata serve: prompt 34325 tokens = 34324 reused + 1 read in 3 ms (357.3 tok/s), 1 generated in 40 ms (24.8 tok/s), drafts accepted 0 of 0, 3 checkpoints
strata serve: decode expert cache hit rate: 43.8% (185 hits / 422 lookups)
strata serve: KV streaming: 98.95% of 13371564 block reads hit VRAM, 568.1 MiB read from RAM
strata serve: prompt 34326 tokens = 34325 reused + 1 read in 3 ms (354.1 tok/s), 1 generated in 46 ms (21.9 tok/s), drafts accepted 0 of 0, 3 checkpoints
strata serve: decode expert cache hit rate: 30.7% (126 hits / 410 lookups)
strata serve: KV streaming: 98.95% of 13377732 block reads hit VRAM, 568.1 MiB read from RAM
strata serve: prompt 34327 tokens = 34326 reused + 1 read in 3 ms (357.2 tok/s), 1 generated in 44 ms (22.8 tok/s), drafts accepted 0 of 0, 3 checkpoints
strata serve: decode expert cache hit rate: 37.5% (157 hits / 419 lookups)
strata serve: KV streaming: 98.95% of 13383888 block reads hit VRAM, 568.1 MiB read from RAM
strata serve: prompt 34328 tokens = 34327 reused + 1 read in 3 ms (356.7 tok/s), 1 generated in 42 ms (23.6 tok/s), drafts accepted 0 of 0, 3 checkpoints
strata serve: decode expert cache hit rate: 37.1% (156 hits / 420 lookups)
strata serve: KV streaming: 98.95% of 13390044 block reads hit VRAM, 568.1 MiB read from RAM
strata serve: prompt 34329 tokens = 34328 reused + 1 read in 3 ms (357.3 tok/s), 1 generated in 41 ms (24.5 tok/s), drafts accepted 0 of 0, 3 checkpoints
strata serve: decode expert cache hit rate: 43.2% (182 hits / 421 lookups)
strata serve: KV streaming: 98.95% of 13396212 block reads hit VRAM, 568.1 MiB read from RAM
strata serve: prompt 34330 tokens = 34329 reused + 1 read in 3 ms (359.3 tok/s), 1 generated in 41 ms (24.3 tok/s), drafts accepted 0 of 0, 3 checkpoints
strata serve: decode expert cache hit rate: 41.4% (174 hits / 420 lookups)
strata serve: KV streaming: 98.95% of 13402380 block reads hit VRAM, 568.1 MiB read from RAM
strata serve: prompt 34331 tokens = 34330 reused + 1 read in 3 ms (360.1 tok/s), 1 generated in 43 ms (23.2 tok/s), drafts accepted 0 of 0, 3 checkpoints
strata serve: decode expert cache hit rate: 40.7% (170 hits / 418 lookups)
strata serve: KV streaming: 98.95% of 13408536 block reads hit VRAM, 568.1 MiB read from RAM
strata serve: prompt 34332 tokens = 34331 reused + 1 read in 3 ms (358.5 tok/s), 1 generated in 40 ms (24.9 tok/s), drafts accepted 0 of 0, 3 checkpoints
strata serve: decode expert cache hit rate: 41.0% (173 hits / 422 lookups)
strata serve: KV streaming: 98.95% of 13414692 block reads hit VRAM, 568.1 MiB read from RAM
strata serve: prompt 34333 tokens = 34332 reused + 1 read in 3 ms (357.7 tok/s), 1 generated in 41 ms (24.3 tok/s), drafts accepted 0 of 0, 3 checkpoints
strata serve: decode expert cache hit rate: 36.5% (151 hits / 414 lookups)
strata serve: KV streaming: 98.95% of 13420860 block reads hit VRAM, 568.2 MiB read from RAM
strata serve: prompt 34334 tokens = 34333 reused + 1 read in 3 ms (358.8 tok/s), 1 generated in 40 ms (24.9 tok/s), drafts accepted 0 of 0, 3 checkpoints
strata serve: decode expert cache hit rate: 43.3% (185 hits / 427 lookups)
strata serve: KV streaming: 98.95% of 13427028 block reads hit VRAM, 568.2 MiB read from RAM
strata serve: prompt 34335 tokens = 34334 reused + 1 read in 3 ms (357.6 tok/s), 1 generated in 41 ms (24.4 tok/s), drafts accepted 0 of 0, 3 checkpoints
strata serve: decode expert cache hit rate: 36.1% (149 hits / 413 lookups)
strata serve: KV streaming: 98.95% of 13433184 block reads hit VRAM, 568.2 MiB read from RAM
strata serve: prompt 34336 tokens = 34335 reused + 1 read in 3 ms (358.6 tok/s), 1 generated in 40 ms (25.0 tok/s), drafts accepted 0 of 0, 3 checkpoints
strata serve: decode expert cache hit rate: 46.0% (195 hits / 424 lookups)
strata serve: KV streaming: 98.95% of 13439340 block reads hit VRAM, 568.2 MiB read from RAM
strata serve: prompt 34337 tokens = 34336 reused + 1 read in 3 ms (358.7 tok/s), 1 generated in 41 ms (24.5 tok/s), drafts accepted 0 of 0, 3 checkpoints
strata serve: decode expert cache hit rate: 40.0% (168 hits / 420 lookups)
strata serve: KV streaming: 98.95% of 13445508 block reads hit VRAM, 568.2 MiB read from RAM
strata serve: prompt 34338 tokens = 34337 reused + 1 read in 3 ms (358.3 tok/s), 1 generated in 39 ms (25.9 tok/s), drafts accepted 0 of 0, 3 checkpoints
strata serve: decode expert cache hit rate: 46.2% (196 hits / 424 lookups)
strata serve: KV streaming: 98.95% of 13451676 block reads hit VRAM, 568.2 MiB read from RAM
strata serve: prompt 34339 tokens = 34338 reused + 1 read in 3 ms (358.5 tok/s), 1 generated in 42 ms (23.7 tok/s), drafts accepted 0 of 0, 3 checkpoints
strata serve: decode expert cache hit rate: 38.1% (159 hits / 417 lookups)
strata serve: KV streaming: 98.95% of 13457832 block reads hit VRAM, 568.2 MiB read from RAM
strata serve: prompt 34340 tokens = 34339 reused + 1 read in 3 ms (358.9 tok/s), 1 generated in 42 ms (23.7 tok/s), drafts accepted 0 of 0, 3 checkpoints
strata serve: decode expert cache hit rate: 34.4% (142 hits / 413 lookups)
strata serve: KV streaming: 98.95% of 13463988 block reads hit VRAM, 568.2 MiB read from RAM
strata serve: prompt 34341 tokens = 34340 reused + 1 read in 3 ms (353.5 tok/s), 1 generated in 43 ms (23.2 tok/s), drafts accepted 0 of 0, 3 checkpoints
strata serve: decode expert cache hit rate: 35.3% (146 hits / 414 lookups)
strata serve: KV streaming: 98.95% of 13470156 block reads hit VRAM, 568.2 MiB read from RAM
strata serve: prompt 34342 tokens = 34341 reused + 1 read in 3 ms (358.6 tok/s), 1 generated in 44 ms (23.0 tok/s), drafts accepted 0 of 0, 3 checkpoints
strata serve: decode expert cache hit rate: 39.1% (164 hits / 419 lookups)
strata serve: KV streaming: 98.95% of 13476324 block reads hit VRAM, 568.2 MiB read from RAM
strata serve: prompt 34343 tokens = 34342 reused + 1 read in 3 ms (353.3 tok/s), 1 generated in 44 ms (22.6 tok/s), drafts accepted 0 of 0, 3 checkpoints
strata serve: decode expert cache hit rate: 40.4% (171 hits / 423 lookups)
strata serve: KV streaming: 98.95% of 13482480 block reads hit VRAM, 568.3 MiB read from RAM
strata serve: prompt 34344 tokens = 34343 reused + 1 read in 3 ms (357.9 tok/s), 1 generated in 46 ms (22.0 tok/s), drafts accepted 0 of 0, 3 checkpoints
strata serve: decode expert cache hit rate: 34.7% (144 hits / 415 lookups)
strata serve: KV streaming: 98.95% of 13488636 block reads hit VRAM, 568.3 MiB read from RAM
strata serve: prompt 34345 tokens = 34344 reused + 1 read in 3 ms (359.6 tok/s), 1 generated in 40 ms (25.0 tok/s), drafts accepted 0 of 0, 3 checkpoints
strata serve: decode expert cache hit rate: 41.7% (177 hits / 424 lookups)
strata serve: KV streaming: 98.95% of 13494804 block reads hit VRAM, 568.3 MiB read from RAM
strata serve: prompt 34346 tokens = 34345 reused + 1 read in 3 ms (359.3 tok/s), 1 generated in 40 ms (24.8 tok/s), drafts accepted 0 of 0, 3 checkpoints
strata serve: decode expert cache hit rate: 40.5% (170 hits / 420 lookups)
strata serve: KV streaming: 98.96% of 13500972 block reads hit VRAM, 568.3 MiB read from RAM
strata serve: prompt 34347 tokens = 34346 reused + 1 read in 3 ms (358.3 tok/s), 1 generated in 43 ms (23.5 tok/s), drafts accepted 0 of 0, 3 checkpoints
strata serve: decode expert cache hit rate: 38.3% (160 hits / 418 lookups)
strata serve: KV streaming: 98.96% of 13507128 block reads hit VRAM, 568.3 MiB read from RAM
strata serve: prompt 34348 tokens = 34347 reused + 1 read in 3 ms (354.1 tok/s), 1 generated in 44 ms (22.6 tok/s), drafts accepted 0 of 0, 3 checkpoints
strata serve: decode expert cache hit rate: 27.1% (111 hits / 410 lookups)
strata serve: KV streaming: 98.96% of 13513284 block reads hit VRAM, 568.3 MiB read from RAM
strata serve: prompt 34349 tokens = 34348 reused + 1 read in 3 ms (348.8 tok/s), 1 generated in 37 ms (27.2 tok/s), drafts accepted 0 of 0, 3 checkpoints
strata serve: decode expert cache hit rate: 54.6% (239 hits / 438 lookups)
strata serve: KV streaming: 98.96% of 13519452 block reads hit VRAM, 568.4 MiB read from RAM
strata serve: prompt 34350 tokens = 34349 reused + 1 read in 3 ms (359.1 tok/s), 1 generated in 41 ms (24.4 tok/s), drafts accepted 0 of 0, 3 checkpoints
strata serve: decode expert cache hit rate: 39.2% (164 hits / 418 lookups)
strata serve: KV streaming: 98.96% of 13525620 block reads hit VRAM, 568.4 MiB read from RAM
strata serve: prompt 34351 tokens = 34350 reused + 1 read in 3 ms (358.4 tok/s), 1 generated in 41 ms (24.2 tok/s), drafts accepted 0 of 0, 3 checkpoints
strata serve: decode expert cache hit rate: 39.3% (164 hits / 417 lookups)
strata serve: KV streaming: 98.96% of 13531776 block reads hit VRAM, 568.4 MiB read from RAM
strata serve: prompt 34352 tokens = 34351 reused + 1 read in 3 ms (358.0 tok/s), 1 generated in 39 ms (25.7 tok/s), drafts accepted 0 of 0, 3 checkpoints
strata serve: decode expert cache hit rate: 48.8% (209 hits / 428 lookups)
strata serve: KV streaming: 98.96% of 13537932 block reads hit VRAM, 568.4 MiB read from RAM
strata serve: prompt 34353 tokens = 34352 reused + 1 read in 3 ms (325.0 tok/s), 1 generated in 40 ms (25.1 tok/s), drafts accepted 0 of 0, 3 checkpoints
strata serve: decode expert cache hit rate: 43.8% (186 hits / 425 lookups)
strata serve: KV streaming: 98.96% of 13544100 block reads hit VRAM, 568.4 MiB read from RAM
strata serve: prompt 34354 tokens = 34353 reused + 1 read in 3 ms (360.3 tok/s), 1 generated in 42 ms (24.1 tok/s), drafts accepted 0 of 0, 3 checkpoints
strata serve: decode expert cache hit rate: 39.4% (165 hits / 419 lookups)
strata serve: KV streaming: 98.96% of 13550268 block reads hit VRAM, 568.4 MiB read from RAM
strata serve: prompt 34355 tokens = 34354 reused + 1 read in 3 ms (357.6 tok/s), 1 generated in 40 ms (25.2 tok/s), drafts accepted 0 of 0, 3 checkpoints
strata serve: decode expert cache hit rate: 31.5% (129 hits / 410 lookups)
strata serve: KV streaming: 98.96% of 13556424 block reads hit VRAM, 568.4 MiB read from RAM
strata serve: prompt 34356 tokens = 34355 reused + 1 read in 3 ms (358.7 tok/s), 1 generated in 39 ms (25.4 tok/s), drafts accepted 0 of 0, 3 checkpoints
strata serve: decode expert cache hit rate: 39.1% (164 hits / 419 lookups)
strata serve: KV streaming: 98.96% of 13562580 block reads hit VRAM, 568.4 MiB read from RAM
strata serve: prompt 34357 tokens = 34356 reused + 1 read in 3 ms (360.2 tok/s), 1 generated in 40 ms (25.2 tok/s), drafts accepted 0 of 0, 3 checkpoints
strata serve: decode expert cache hit rate: 40.5% (170 hits / 420 lookups)
strata serve: KV streaming: 98.96% of 13568748 block reads hit VRAM, 568.4 MiB read from RAM
strata serve: prompt 34358 tokens = 34357 reused + 1 read in 3 ms (359.9 tok/s), 1 generated in 41 ms (24.1 tok/s), drafts accepted 0 of 0, 3 checkpoints
strata serve: decode expert cache hit rate: 33.8% (140 hits / 414 lookups)
strata serve: KV streaming: 98.96% of 13574916 block reads hit VRAM, 568.4 MiB read from RAM
strata serve: prompt 34359 tokens = 34358 reused + 1 read in 3 ms (360.7 tok/s), 1 generated in 37 ms (27.4 tok/s), drafts accepted 0 of 0, 3 checkpoints
strata serve: decode expert cache hit rate: 56.6% (246 hits / 435 lookups)
strata serve: KV streaming: 98.96% of 13581072 block reads hit VRAM, 568.4 MiB read from RAM
strata serve: prompt 34360 tokens = 34359 reused + 1 read in 3 ms (359.2 tok/s), 1 generated in 40 ms (25.2 tok/s), drafts accepted 0 of 0, 3 checkpoints
strata serve: decode expert cache hit rate: 36.5% (151 hits / 414 lookups)
strata serve: KV streaming: 98.96% of 13587228 block reads hit VRAM, 568.4 MiB read from RAM
strata serve: prompt 34361 tokens = 34360 reused + 1 read in 3 ms (357.9 tok/s), 1 generated in 41 ms (24.5 tok/s), drafts accepted 0 of 0, 3 checkpoints
strata serve: decode expert cache hit rate: 40.7% (170 hits / 418 lookups)
strata serve: KV streaming: 98.96% of 13593396 block reads hit VRAM, 568.4 MiB read from RAM
strata serve: prompt 34362 tokens = 34361 reused + 1 read in 3 ms (346.6 tok/s), 1 generated in 42 ms (23.8 tok/s), drafts accepted 0 of 0, 3 checkpoints
strata serve: decode expert cache hit rate: 39.8% (167 hits / 420 lookups)
strata serve: KV streaming: 98.96% of 13599564 block reads hit VRAM, 568.4 MiB read from RAM
strata serve: prompt 34363 tokens = 34362 reused + 1 read in 3 ms (358.2 tok/s), 1 generated in 37 ms (27.3 tok/s), drafts accepted 0 of 0, 3 checkpoints
strata serve: decode expert cache hit rate: 56.6% (249 hits / 440 lookups)
strata serve: KV streaming: 98.96% of 13605720 block reads hit VRAM, 568.4 MiB read from RAM
strata serve: prompt 34364 tokens = 34363 reused + 1 read in 3 ms (357.9 tok/s), 1 generated in 43 ms (23.1 tok/s), drafts accepted 0 of 0, 3 checkpoints
strata serve: decode expert cache hit rate: 37.7% (158 hits / 419 lookups)
strata serve: KV streaming: 98.96% of 13611876 block reads hit VRAM, 568.5 MiB read from RAM
strata serve: prompt 34365 tokens = 34364 reused + 1 read in 3 ms (356.7 tok/s), 1 generated in 39 ms (25.7 tok/s), drafts accepted 0 of 0, 3 checkpoints
strata serve: decode expert cache hit rate: 44.4% (188 hits / 423 lookups)
strata serve: KV streaming: 98.96% of 13618044 block reads hit VRAM, 568.5 MiB read from RAM
strata serve: prompt 34366 tokens = 34365 reused + 1 read in 3 ms (356.6 tok/s), 1 generated in 41 ms (24.3 tok/s), drafts accepted 0 of 0, 3 checkpoints
strata serve: decode expert cache hit rate: 47.5% (205 hits / 432 lookups)
strata serve: KV streaming: 98.96% of 13624212 block reads hit VRAM, 568.5 MiB read from RAM
strata serve: prompt 34367 tokens = 34366 reused + 1 read in 3 ms (354.5 tok/s), 1 generated in 50 ms (20.0 tok/s), drafts accepted 0 of 0, 3 checkpoints
strata serve: decode expert cache hit rate: 36.5% (152 hits / 417 lookups)
strata serve: KV streaming: 98.96% of 13630368 block reads hit VRAM, 568.5 MiB read from RAM
strata serve: prompt 34368 tokens = 34367 reused + 1 read in 3 ms (356.2 tok/s), 1 generated in 35 ms (28.4 tok/s), drafts accepted 0 of 0, 3 checkpoints
strata serve: decode expert cache hit rate: 60.8% (271 hits / 446 lookups)
strata serve: KV streaming: 98.97% of 13636524 block reads hit VRAM, 568.5 MiB read from RAM
strata serve: prompt 34369 tokens = 34368 reused + 1 read in 3 ms (357.0 tok/s), 1 generated in 37 ms (26.8 tok/s), drafts accepted 0 of 0, 3 checkpoints
strata serve: decode expert cache hit rate: 54.3% (238 hits / 438 lookups)
strata serve: KV streaming: 98.97% of 13642692 block reads hit VRAM, 568.5 MiB read from RAM
strata serve: prompt 34370 tokens = 34369 reused + 1 read in 3 ms (356.9 tok/s), 1 generated in 45 ms (22.4 tok/s), drafts accepted 0 of 0, 3 checkpoints
strata serve: decode expert cache hit rate: 36.7% (153 hits / 417 lookups)
strata serve: KV streaming: 98.97% of 13648860 block reads hit VRAM, 568.5 MiB read from RAM
strata serve: prompt 34371 tokens = 34370 reused + 1 read in 3 ms (355.7 tok/s), 1 generated in 41 ms (24.6 tok/s), drafts accepted 0 of 0, 3 checkpoints
strata serve: decode expert cache hit rate: 41.7% (177 hits / 424 lookups)
strata serve: KV streaming: 98.97% of 13655016 block reads hit VRAM, 568.5 MiB read from RAM
strata serve: prompt 34372 tokens = 34371 reused + 1 read in 3 ms (356.1 tok/s), 1 generated in 43 ms (23.2 tok/s), drafts accepted 0 of 0, 3 checkpoints
strata serve: decode expert cache hit rate: 34.1% (140 hits / 411 lookups)
strata serve: KV streaming: 98.97% of 13661172 block reads hit VRAM, 568.5 MiB read from RAM
strata serve: prompt 34373 tokens = 34372 reused + 1 read in 3 ms (355.7 tok/s), 1 generated in 43 ms (23.2 tok/s), drafts accepted 0 of 0, 3 checkpoints
strata serve: decode expert cache hit rate: 32.1% (133 hits / 414 lookups)
strata serve: KV streaming: 98.97% of 13667340 block reads hit VRAM, 568.5 MiB read from RAM
strata serve: prompt 34374 tokens = 34373 reused + 1 read in 3 ms (356.5 tok/s), 1 generated in 44 ms (22.7 tok/s), drafts accepted 0 of 0, 3 checkpoints
strata serve: decode expert cache hit rate: 33.2% (136 hits / 410 lookups)
strata serve: KV streaming: 98.97% of 13673508 block reads hit VRAM, 568.5 MiB read from RAM
strata serve: prompt 34375 tokens = 34374 reused + 1 read in 3 ms (348.3 tok/s), 1 generated in 44 ms (22.6 tok/s), drafts accepted 0 of 0, 3 checkpoints
strata serve: decode expert cache hit rate: 35.9% (149 hits / 415 lookups)
strata serve: KV streaming: 98.97% of 13679664 block reads hit VRAM, 568.5 MiB read from RAM
strata serve: prompt 34376 tokens = 34375 reused + 1 read in 3 ms (358.5 tok/s), 1 generated in 59 ms (17.0 tok/s), drafts accepted 0 of 0, 3 checkpoints
strata serve: decode expert cache hit rate: 29.6% (120 hits / 406 lookups)
strata serve: KV streaming: 98.97% of 13685820 block reads hit VRAM, 568.5 MiB read from RAM
strata serve: prompt 34377 tokens = 34376 reused + 1 read in 3 ms (355.8 tok/s), 1 generated in 40 ms (24.8 tok/s), drafts accepted 0 of 0, 3 checkpoints
strata serve: decode expert cache hit rate: 46.9% (200 hits / 426 lookups)
strata serve: KV streaming: 98.97% of 13691988 block reads hit VRAM, 568.5 MiB read from RAM
strata serve: prompt 34378 tokens = 34377 reused + 1 read in 3 ms (355.1 tok/s), 1 generated in 39 ms (25.6 tok/s), drafts accepted 0 of 0, 3 checkpoints
strata serve: decode expert cache hit rate: 46.0% (195 hits / 424 lookups)
strata serve: KV streaming: 98.97% of 13698156 block reads hit VRAM, 568.5 MiB read from RAM
strata serve: prompt 34379 tokens = 34378 reused + 1 read in 3 ms (358.0 tok/s), 1 generated in 42 ms (24.0 tok/s), drafts accepted 0 of 0, 3 checkpoints
strata serve: decode expert cache hit rate: 28.3% (114 hits / 403 lookups)
strata serve: KV streaming: 98.97% of 13704312 block reads hit VRAM, 568.5 MiB read from RAM
strata serve: prompt 34380 tokens = 34379 reused + 1 read in 3 ms (352.2 tok/s), 1 generated in 42 ms (23.7 tok/s), drafts accepted 0 of 0, 3 checkpoints
strata serve: decode expert cache hit rate: 32.7% (133 hits / 407 lookups)
strata serve: KV streaming: 98.97% of 13710468 block reads hit VRAM, 568.5 MiB read from RAM
strata serve: prompt 34381 tokens = 34380 reused + 1 read in 3 ms (359.9 tok/s), 1 generated in 40 ms (24.8 tok/s), drafts accepted 0 of 0, 3 checkpoints
strata serve: decode expert cache hit rate: 30.1% (123 hits / 409 lookups)
strata serve: KV streaming: 98.97% of 13716636 block reads hit VRAM, 568.6 MiB read from RAM
strata serve: prompt 34382 tokens = 34381 reused + 1 read in 3 ms (360.0 tok/s), 1 generated in 38 ms (26.0 tok/s), drafts accepted 0 of 0, 3 checkpoints
strata serve: decode expert cache hit rate: 41.8% (176 hits / 421 lookups)
strata serve: KV streaming: 98.97% of 13722804 block reads hit VRAM, 568.6 MiB read from RAM
strata serve: prompt 34383 tokens = 34382 reused + 1 read in 3 ms (359.3 tok/s), 1 generated in 39 ms (25.9 tok/s), drafts accepted 0 of 0, 3 checkpoints
strata serve: decode expert cache hit rate: 46.5% (199 hits / 428 lookups)
strata serve: KV streaming: 98.97% of 13728960 block reads hit VRAM, 568.6 MiB read from RAM
strata serve: prompt 34384 tokens = 34383 reused + 1 read in 3 ms (357.3 tok/s), 1 generated in 44 ms (22.9 tok/s), drafts accepted 0 of 0, 3 checkpoints
strata serve: decode expert cache hit rate: 37.0% (154 hits / 416 lookups)
strata serve: KV streaming: 98.97% of 13735116 block reads hit VRAM, 568.6 MiB read from RAM
strata serve: prompt 34385 tokens = 34384 reused + 1 read in 3 ms (358.2 tok/s), 1 generated in 39 ms (25.9 tok/s), drafts accepted 0 of 0, 3 checkpoints
strata serve: decode expert cache hit rate: 42.7% (180 hits / 422 lookups)
strata serve: KV streaming: 98.97% of 13741284 block reads hit VRAM, 568.6 MiB read from RAM
strata serve: prompt 34386 tokens = 34385 reused + 1 read in 3 ms (360.3 tok/s), 1 generated in 38 ms (26.2 tok/s), drafts accepted 0 of 0, 3 checkpoints
strata serve: decode expert cache hit rate: 42.6% (180 hits / 423 lookups)
strata serve: KV streaming: 98.97% of 13747452 block reads hit VRAM, 568.6 MiB read from RAM
strata serve: prompt 34387 tokens = 34386 reused + 1 read in 3 ms (360.2 tok/s), 1 generated in 40 ms (25.2 tok/s), drafts accepted 0 of 0, 3 checkpoints
strata serve: decode expert cache hit rate: 38.8% (162 hits / 418 lookups)
strata serve: KV streaming: 98.97% of 13753608 block reads hit VRAM, 568.6 MiB read from RAM
strata serve: prompt 34388 tokens = 34387 reused + 1 read in 3 ms (358.6 tok/s), 1 generated in 39 ms (25.9 tok/s), drafts accepted 0 of 0, 3 checkpoints
strata serve: decode expert cache hit rate: 41.1% (172 hits / 418 lookups)
strata serve: KV streaming: 98.97% of 13759764 block reads hit VRAM, 568.6 MiB read from RAM
strata serve: prompt 34389 tokens = 34388 reused + 1 read in 3 ms (358.1 tok/s), 1 generated in 40 ms (25.1 tok/s), drafts accepted 0 of 0, 3 checkpoints
strata serve: decode expert cache hit rate: 42.1% (177 hits / 420 lookups)
strata serve: KV streaming: 98.97% of 13765932 block reads hit VRAM, 568.6 MiB read from RAM
strata serve: prompt 34390 tokens = 34389 reused + 1 read in 3 ms (359.2 tok/s), 1 generated in 37 ms (27.3 tok/s), drafts accepted 0 of 0, 3 checkpoints
strata serve: decode expert cache hit rate: 51.0% (221 hits / 433 lookups)
strata serve: KV streaming: 98.98% of 13772100 block reads hit VRAM, 568.6 MiB read from RAM
strata serve: prompt 34391 tokens = 34390 reused + 1 read in 3 ms (352.4 tok/s), 1 generated in 39 ms (25.7 tok/s), drafts accepted 0 of 0, 3 checkpoints
strata serve: decode expert cache hit rate: 47.6% (204 hits / 429 lookups)
strata serve: KV streaming: 98.98% of 13778256 block reads hit VRAM, 568.6 MiB read from RAM
strata serve: prompt 34392 tokens = 34391 reused + 1 read in 3 ms (359.0 tok/s), 1 generated in 43 ms (23.4 tok/s), drafts accepted 0 of 0, 3 checkpoints
strata serve: decode expert cache hit rate: 33.4% (138 hits / 413 lookups)
strata serve: KV streaming: 98.98% of 13784412 block reads hit VRAM, 568.6 MiB read from RAM
strata serve: prompt 34393 tokens = 34392 reused + 1 read in 3 ms (351.2 tok/s), 1 generated in 42 ms (23.8 tok/s), drafts accepted 0 of 0, 3 checkpoints
strata serve: decode expert cache hit rate: 33.5% (139 hits / 415 lookups)
strata serve: KV streaming: 98.98% of 13790580 block reads hit VRAM, 568.6 MiB read from RAM
strata serve: prompt 34394 tokens = 34393 reused + 1 read in 3 ms (359.9 tok/s), 1 generated in 44 ms (22.7 tok/s), drafts accepted 0 of 0, 3 checkpoints
strata serve: decode expert cache hit rate: 30.2% (124 hits / 410 lookups)
strata serve: KV streaming: 98.98% of 13796748 block reads hit VRAM, 568.6 MiB read from RAM
strata serve: prompt 34395 tokens = 34394 reused + 1 read in 3 ms (360.7 tok/s), 1 generated in 39 ms (25.5 tok/s), drafts accepted 0 of 0, 3 checkpoints
strata serve: decode expert cache hit rate: 44.1% (188 hits / 426 lookups)
strata serve: KV streaming: 98.98% of 13802904 block reads hit VRAM, 568.6 MiB read from RAM
strata serve: prompt 34396 tokens = 34395 reused + 1 read in 3 ms (358.7 tok/s), 1 generated in 40 ms (24.9 tok/s), drafts accepted 0 of 0, 3 checkpoints
strata serve: decode expert cache hit rate: 30.6% (125 hits / 408 lookups)
strata serve: KV streaming: 98.98% of 13809060 block reads hit VRAM, 568.6 MiB read from RAM
strata serve: prompt 34397 tokens = 34396 reused + 1 read in 3 ms (358.8 tok/s), 1 generated in 41 ms (24.6 tok/s), drafts accepted 0 of 0, 3 checkpoints
strata serve: decode expert cache hit rate: 38.6% (161 hits / 417 lookups)
strata serve: KV streaming: 98.98% of 13815228 block reads hit VRAM, 568.7 MiB read from RAM
strata serve: prompt 34398 tokens = 34397 reused + 1 read in 3 ms (358.2 tok/s), 1 generated in 39 ms (25.5 tok/s), drafts accepted 0 of 0, 3 checkpoints
strata serve: decode expert cache hit rate: 40.0% (167 hits / 418 lookups)
strata serve: KV streaming: 98.98% of 13821396 block reads hit VRAM, 568.7 MiB read from RAM
strata serve: prompt 34399 tokens = 34398 reused + 1 read in 3 ms (360.6 tok/s), 1 generated in 42 ms (23.9 tok/s), drafts accepted 0 of 0, 3 checkpoints
strata serve: decode expert cache hit rate: 35.8% (149 hits / 416 lookups)
strata serve: KV streaming: 98.98% of 13827552 block reads hit VRAM, 568.7 MiB read from RAM
strata serve: prompt 34400 tokens = 34399 reused + 1 read in 3 ms (359.9 tok/s), 1 generated in 38 ms (26.5 tok/s), drafts accepted 0 of 0, 3 checkpoints
strata serve: decode expert cache hit rate: 44.3% (188 hits / 424 lookups)
strata serve: KV streaming: 98.98% of 13833708 block reads hit VRAM, 568.7 MiB read from RAM
strata serve: prompt 34401 tokens = 34400 reused + 1 read in 3 ms (359.2 tok/s), 1 generated in 40 ms (25.3 tok/s), drafts accepted 0 of 0, 3 checkpoints
strata serve: decode expert cache hit rate: 35.9% (149 hits / 415 lookups)
strata serve: KV streaming: 98.98% of 13839876 block reads hit VRAM, 568.7 MiB read from RAM
strata serve: prompt 34402 tokens = 34401 reused + 1 read in 3 ms (360.2 tok/s), 1 generated in 39 ms (25.4 tok/s), drafts accepted 0 of 0, 3 checkpoints
strata serve: decode expert cache hit rate: 40.2% (170 hits / 423 lookups)
strata serve: KV streaming: 98.98% of 13846044 block reads hit VRAM, 568.7 MiB read from RAM
strata serve: prompt 34403 tokens = 34402 reused + 1 read in 3 ms (360.4 tok/s), 1 generated in 41 ms (24.5 tok/s), drafts accepted 0 of 0, 3 checkpoints
strata serve: decode expert cache hit rate: 46.2% (198 hits / 429 lookups)
strata serve: KV streaming: 98.98% of 13852200 block reads hit VRAM, 568.7 MiB read from RAM
strata serve: prompt 34404 tokens = 34403 reused + 1 read in 3 ms (360.2 tok/s), 1 generated in 36 ms (27.4 tok/s), drafts accepted 0 of 0, 3 checkpoints
strata serve: decode expert cache hit rate: 50.9% (220 hits / 432 lookups)
strata serve: KV streaming: 98.98% of 13858356 block reads hit VRAM, 568.7 MiB read from RAM
strata serve: prompt 34405 tokens = 34404 reused + 1 read in 3 ms (353.7 tok/s), 1 generated in 40 ms (25.0 tok/s), drafts accepted 0 of 0, 3 checkpoints
strata serve: decode expert cache hit rate: 41.3% (175 hits / 424 lookups)
strata serve: KV streaming: 98.98% of 13864524 block reads hit VRAM, 568.7 MiB read from RAM
strata serve: prompt 34406 tokens = 34405 reused + 1 read in 3 ms (354.6 tok/s), 1 generated in 42 ms (24.1 tok/s), drafts accepted 0 of 0, 3 checkpoints
strata serve: decode expert cache hit rate: 33.3% (137 hits / 412 lookups)
strata serve: KV streaming: 98.98% of 13870692 block reads hit VRAM, 568.7 MiB read from RAM
strata serve: prompt 34407 tokens = 34406 reused + 1 read in 3 ms (358.4 tok/s), 1 generated in 42 ms (24.0 tok/s), drafts accepted 0 of 0, 3 checkpoints
strata serve: decode expert cache hit rate: 43.5% (184 hits / 423 lookups)
strata serve: KV streaming: 98.98% of 13876848 block reads hit VRAM, 568.7 MiB read from RAM
strata serve: prompt 34408 tokens = 34407 reused + 1 read in 3 ms (357.7 tok/s), 1 generated in 44 ms (22.7 tok/s), drafts accepted 0 of 0, 3 checkpoints
strata serve: decode expert cache hit rate: 28.2% (115 hits / 408 lookups)
strata serve: KV streaming: 98.98% of 13883004 block reads hit VRAM, 568.7 MiB read from RAM
strata serve: prompt 34409 tokens = 34408 reused + 1 read in 3 ms (358.5 tok/s), 1 generated in 42 ms (23.6 tok/s), drafts accepted 0 of 0, 3 checkpoints
strata serve: decode expert cache hit rate: 43.5% (183 hits / 421 lookups)
strata serve: KV streaming: 98.98% of 13889172 block reads hit VRAM, 568.7 MiB read from RAM
strata serve: prompt 34410 tokens = 34409 reused + 1 read in 3 ms (360.2 tok/s), 1 generated in 41 ms (24.3 tok/s), drafts accepted 0 of 0, 3 checkpoints
strata serve: decode expert cache hit rate: 41.5% (174 hits / 419 lookups)
strata serve: KV streaming: 98.98% of 13895340 block reads hit VRAM, 568.7 MiB read from RAM
strata serve: prompt 34411 tokens = 34410 reused + 1 read in 3 ms (356.2 tok/s), 1 generated in 41 ms (24.6 tok/s), drafts accepted 0 of 0, 3 checkpoints
strata serve: decode expert cache hit rate: 39.8% (169 hits / 425 lookups)
strata serve: KV streaming: 98.98% of 13901496 block reads hit VRAM, 568.7 MiB read from RAM
strata serve: prompt 34412 tokens = 34411 reused + 1 read in 3 ms (360.0 tok/s), 1 generated in 41 ms (24.4 tok/s), drafts accepted 0 of 0, 3 checkpoints
strata serve: decode expert cache hit rate: 40.6% (171 hits / 421 lookups)
strata serve: KV streaming: 98.98% of 13907652 block reads hit VRAM, 568.7 MiB read from RAM
strata serve: prompt 34413 tokens = 34412 reused + 1 read in 3 ms (358.7 tok/s), 1 generated in 41 ms (24.2 tok/s), drafts accepted 0 of 0, 3 checkpoints
strata serve: decode expert cache hit rate: 37.5% (154 hits / 411 lookups)
strata serve: KV streaming: 98.99% of 13913820 block reads hit VRAM, 568.7 MiB read from RAM
strata serve: prompt 34414 tokens = 34413 reused + 1 read in 3 ms (349.4 tok/s), 1 generated in 43 ms (23.3 tok/s), drafts accepted 0 of 0, 3 checkpoints
strata serve: decode expert cache hit rate: 32.5% (134 hits / 412 lookups)
strata serve: KV streaming: 98.99% of 13919988 block reads hit VRAM, 568.7 MiB read from RAM
strata serve: prompt 34415 tokens = 34414 reused + 1 read in 3 ms (358.8 tok/s), 1 generated in 37 ms (26.8 tok/s), drafts accepted 0 of 0, 3 checkpoints
strata serve: decode expert cache hit rate: 55.8% (245 hits / 439 lookups)
strata serve: KV streaming: 98.99% of 13926144 block reads hit VRAM, 568.7 MiB read from RAM
strata serve: prompt 34416 tokens = 34415 reused + 1 read in 3 ms (360.6 tok/s), 1 generated in 42 ms (23.7 tok/s), drafts accepted 0 of 0, 3 checkpoints
strata serve: decode expert cache hit rate: 33.7% (139 hits / 412 lookups)
strata serve: KV streaming: 98.99% of 13932300 block reads hit VRAM, 568.8 MiB read from RAM
strata serve: prompt 34417 tokens = 34416 reused + 1 read in 3 ms (348.9 tok/s), 1 generated in 38 ms (26.0 tok/s), drafts accepted 0 of 0, 3 checkpoints
strata serve: decode expert cache hit rate: 47.0% (199 hits / 423 lookups)
strata serve: KV streaming: 98.99% of 13938468 block reads hit VRAM, 568.8 MiB read from RAM
strata serve: prompt 34418 tokens = 34417 reused + 1 read in 3 ms (359.4 tok/s), 1 generated in 36 ms (27.9 tok/s), drafts accepted 0 of 0, 3 checkpoints
strata serve: decode expert cache hit rate: 50.2% (217 hits / 432 lookups)
strata serve: KV streaming: 98.99% of 13944636 block reads hit VRAM, 568.8 MiB read from RAM
strata serve: prompt 34419 tokens = 34418 reused + 1 read in 3 ms (360.6 tok/s), 1 generated in 36 ms (28.0 tok/s), drafts accepted 0 of 0, 3 checkpoints
strata serve: decode expert cache hit rate: 53.4% (234 hits / 438 lookups)
strata serve: KV streaming: 98.99% of 13950792 block reads hit VRAM, 568.8 MiB read from RAM
strata serve: prompt 34420 tokens = 34419 reused + 1 read in 3 ms (356.2 tok/s), 1 generated in 40 ms (24.9 tok/s), drafts accepted 0 of 0, 3 checkpoints
strata serve: decode expert cache hit rate: 45.5% (192 hits / 422 lookups)
strata serve: KV streaming: 98.99% of 13956948 block reads hit VRAM, 568.8 MiB read from RAM
strata serve: prompt 34421 tokens = 34420 reused + 1 read in 3 ms (359.3 tok/s), 1 generated in 38 ms (26.4 tok/s), drafts accepted 0 of 0, 3 checkpoints
strata serve: decode expert cache hit rate: 49.7% (215 hits / 433 lookups)
strata serve: KV streaming: 98.99% of 13963116 block reads hit VRAM, 568.8 MiB read from RAM
strata serve: prompt 34422 tokens = 34421 reused + 1 read in 3 ms (360.8 tok/s), 1 generated in 45 ms (22.3 tok/s), drafts accepted 0 of 0, 3 checkpoints
strata serve: decode expert cache hit rate: 32.8% (135 hits / 412 lookups)
strata serve: KV streaming: 98.99% of 13969284 block reads hit VRAM, 568.8 MiB read from RAM
strata serve: prompt 34423 tokens = 34422 reused + 1 read in 3 ms (359.8 tok/s), 1 generated in 39 ms (25.6 tok/s), drafts accepted 0 of 0, 3 checkpoints
strata serve: decode expert cache hit rate: 43.3% (183 hits / 423 lookups)
strata serve: KV streaming: 98.99% of 13975440 block reads hit VRAM, 568.8 MiB read from RAM
strata serve: prompt 34424 tokens = 34423 reused + 1 read in 3 ms (360.0 tok/s), 1 generated in 43 ms (23.4 tok/s), drafts accepted 0 of 0, 3 checkpoints
strata serve: decode expert cache hit rate: 36.1% (151 hits / 418 lookups)
strata serve: KV streaming: 98.99% of 13981596 block reads hit VRAM, 568.8 MiB read from RAM
strata serve: prompt 34425 tokens = 34424 reused + 1 read in 3 ms (359.6 tok/s), 1 generated in 42 ms (23.9 tok/s), drafts accepted 0 of 0, 3 checkpoints
strata serve: decode expert cache hit rate: 31.1% (127 hits / 408 lookups)
strata serve: KV streaming: 98.99% of 13987764 block reads hit VRAM, 568.8 MiB read from RAM
strata serve: prompt 34426 tokens = 34425 reused + 1 read in 3 ms (359.3 tok/s), 1 generated in 41 ms (24.5 tok/s), drafts accepted 0 of 0, 3 checkpoints
strata serve: decode expert cache hit rate: 36.3% (150 hits / 413 lookups)
strata serve: KV streaming: 98.99% of 13993932 block reads hit VRAM, 568.8 MiB read from RAM
strata serve: prompt 34427 tokens = 34426 reused + 1 read in 3 ms (359.8 tok/s), 1 generated in 42 ms (23.7 tok/s), drafts accepted 0 of 0, 3 checkpoints
strata serve: decode expert cache hit rate: 28.5% (116 hits / 407 lookups)
strata serve: KV streaming: 98.99% of 14000088 block reads hit VRAM, 568.8 MiB read from RAM
strata serve: prompt 34428 tokens = 34427 reused + 1 read in 3 ms (360.2 tok/s), 1 generated in 41 ms (24.2 tok/s), drafts accepted 0 of 0, 3 checkpoints
strata serve: decode expert cache hit rate: 37.0% (153 hits / 413 lookups)
strata serve: KV streaming: 98.99% of 14006244 block reads hit VRAM, 568.8 MiB read from RAM
strata serve: prompt 34429 tokens = 34428 reused + 1 read in 3 ms (361.0 tok/s), 1 generated in 42 ms (23.5 tok/s), drafts accepted 0 of 0, 3 checkpoints
strata serve: decode expert cache hit rate: 32.4% (133 hits / 411 lookups)
strata serve: KV streaming: 98.99% of 14012412 block reads hit VRAM, 568.8 MiB read from RAM
strata serve: prompt 34430 tokens = 34429 reused + 1 read in 3 ms (360.2 tok/s), 1 generated in 42 ms (23.8 tok/s), drafts accepted 0 of 0, 3 checkpoints
strata serve: decode expert cache hit rate: 33.8% (140 hits / 414 lookups)
strata serve: KV streaming: 98.99% of 14018580 block reads hit VRAM, 568.8 MiB read from RAM
strata serve: prompt 34431 tokens = 34430 reused + 1 read in 3 ms (359.1 tok/s), 1 generated in 38 ms (26.1 tok/s), drafts accepted 0 of 0, 3 checkpoints
strata serve: decode expert cache hit rate: 45.4% (194 hits / 427 lookups)
strata serve: KV streaming: 98.99% of 14024736 block reads hit VRAM, 568.8 MiB read from RAM
strata serve: prompt 34432 tokens = 34431 reused + 1 read in 3 ms (360.6 tok/s), 1 generated in 43 ms (23.3 tok/s), drafts accepted 0 of 0, 3 checkpoints
strata serve: decode expert cache hit rate: 26.9% (108 hits / 402 lookups)
strata serve: KV streaming: 98.99% of 14030892 block reads hit VRAM, 568.8 MiB read from RAM
strata serve: prompt 34433 tokens = 34432 reused + 1 read in 3 ms (355.0 tok/s), 1 generated in 41 ms (24.3 tok/s), drafts accepted 0 of 0, 3 checkpoints
strata serve: decode expert cache hit rate: 36.7% (152 hits / 414 lookups)
strata serve: KV streaming: 98.99% of 14037060 block reads hit VRAM, 568.8 MiB read from RAM
strata serve: prompt 34434 tokens = 34433 reused + 1 read in 3 ms (360.1 tok/s), 1 generated in 47 ms (21.5 tok/s), drafts accepted 0 of 0, 3 checkpoints
strata serve: decode expert cache hit rate: 34.4% (142 hits / 413 lookups)
strata serve: KV streaming: 98.99% of 14043228 block reads hit VRAM, 568.8 MiB read from RAM
strata serve: prompt 34435 tokens = 34434 reused + 1 read in 4 ms (269.4 tok/s), 1 generated in 47 ms (21.1 tok/s), drafts accepted 0 of 0, 3 checkpoints
strata serve: decode expert cache hit rate: 28.4% (116 hits / 408 lookups)
strata serve: KV streaming: 98.99% of 14049384 block reads hit VRAM, 568.8 MiB read from RAM
strata serve: prompt 34436 tokens = 34435 reused + 1 read in 3 ms (358.1 tok/s), 1 generated in 38 ms (26.5 tok/s), drafts accepted 0 of 0, 3 checkpoints
strata serve: decode expert cache hit rate: 49.0% (210 hits / 429 lookups)
strata serve: KV streaming: 99.00% of 14055540 block reads hit VRAM, 568.8 MiB read from RAM
strata serve: prompt 34437 tokens = 34436 reused + 1 read in 3 ms (358.7 tok/s), 1 generated in 42 ms (24.1 tok/s), drafts accepted 0 of 0, 3 checkpoints
strata serve: decode expert cache hit rate: 36.1% (150 hits / 416 lookups)
strata serve: KV streaming: 99.00% of 14061708 block reads hit VRAM, 568.8 MiB read from RAM
strata serve: prompt 34438 tokens = 34437 reused + 1 read in 3 ms (358.3 tok/s), 1 generated in 39 ms (26.0 tok/s), drafts accepted 0 of 0, 3 checkpoints
strata serve: decode expert cache hit rate: 46.5% (199 hits / 428 lookups)
strata serve: KV streaming: 99.00% of 14067876 block reads hit VRAM, 568.8 MiB read from RAM
strata serve: prompt 34439 tokens = 34438 reused + 1 read in 3 ms (360.3 tok/s), 1 generated in 43 ms (23.0 tok/s), drafts accepted 0 of 0, 3 checkpoints
strata serve: decode expert cache hit rate: 27.0% (109 hits / 403 lookups)
strata serve: KV streaming: 99.00% of 14074032 block reads hit VRAM, 568.8 MiB read from RAM
strata serve: prompt 34440 tokens = 34439 reused + 1 read in 3 ms (359.1 tok/s), 1 generated in 42 ms (23.9 tok/s), drafts accepted 0 of 0, 3 checkpoints
strata serve: decode expert cache hit rate: 34.5% (143 hits / 415 lookups)
strata serve: KV streaming: 99.00% of 14080188 block reads hit VRAM, 568.8 MiB read from RAM
strata serve: prompt 34441 tokens = 34440 reused + 1 read in 3 ms (358.7 tok/s), 1 generated in 44 ms (22.5 tok/s), drafts accepted 0 of 0, 3 checkpoints
strata serve: decode expert cache hit rate: 29.4% (119 hits / 405 lookups)
strata serve: KV streaming: 99.00% of 14086356 block reads hit VRAM, 568.8 MiB read from RAM
strata serve: prompt 34442 tokens = 34441 reused + 1 read in 3 ms (359.5 tok/s), 1 generated in 44 ms (22.9 tok/s), drafts accepted 0 of 0, 3 checkpoints
strata serve: decode expert cache hit rate: 30.8% (126 hits / 409 lookups)
strata serve: KV streaming: 99.00% of 14092524 block reads hit VRAM, 568.8 MiB read from RAM
strata serve: prompt 34443 tokens = 34442 reused + 1 read in 3 ms (357.3 tok/s), 1 generated in 36 ms (28.0 tok/s), drafts accepted 0 of 0, 3 checkpoints
strata serve: decode expert cache hit rate: 58.5% (259 hits / 443 lookups)
strata serve: KV streaming: 99.00% of 14098680 block reads hit VRAM, 568.9 MiB read from RAM
strata serve: prompt 34444 tokens = 34443 reused + 1 read in 3 ms (357.1 tok/s), 1 generated in 45 ms (22.4 tok/s), drafts accepted 0 of 0, 3 checkpoints
strata serve: decode expert cache hit rate: 32.7% (134 hits / 410 lookups)
strata serve: KV streaming: 99.00% of 14104836 block reads hit VRAM, 568.9 MiB read from RAM
strata serve: prompt 34445 tokens = 34444 reused + 1 read in 3 ms (359.4 tok/s), 1 generated in 40 ms (25.1 tok/s), drafts accepted 0 of 0, 3 checkpoints
strata serve: decode expert cache hit rate: 42.5% (179 hits / 421 lookups)
strata serve: KV streaming: 99.00% of 14111004 block reads hit VRAM, 568.9 MiB read from RAM
strata serve: prompt 34446 tokens = 34445 reused + 1 read in 3 ms (358.0 tok/s), 1 generated in 39 ms (25.4 tok/s), drafts accepted 0 of 0, 3 checkpoints
strata serve: decode expert cache hit rate: 47.2% (202 hits / 428 lookups)
strata serve: KV streaming: 99.00% of 14117172 block reads hit VRAM, 568.9 MiB read from RAM
strata serve: prompt 34447 tokens = 34446 reused + 1 read in 3 ms (358.0 tok/s), 1 generated in 41 ms (24.2 tok/s), drafts accepted 0 of 0, 3 checkpoints
strata serve: decode expert cache hit rate: 38.5% (162 hits / 421 lookups)
strata serve: KV streaming: 99.00% of 14123328 block reads hit VRAM, 568.9 MiB read from RAM
strata serve: prompt 34448 tokens = 34447 reused + 1 read in 3 ms (358.8 tok/s), 1 generated in 39 ms (25.7 tok/s), drafts accepted 0 of 0, 3 checkpoints
strata serve: decode expert cache hit rate: 46.9% (199 hits / 424 lookups)
strata serve: KV streaming: 99.00% of 14129484 block reads hit VRAM, 568.9 MiB read from RAM
strata serve: prompt 34449 tokens = 34448 reused + 1 read in 3 ms (355.5 tok/s), 1 generated in 41 ms (24.3 tok/s), drafts accepted 0 of 0, 3 checkpoints
strata serve: decode expert cache hit rate: 37.3% (155 hits / 416 lookups)
strata serve: KV streaming: 99.00% of 14135652 block reads hit VRAM, 569.0 MiB read from RAM
strata serve: prompt 34450 tokens = 34449 reused + 1 read in 3 ms (359.2 tok/s), 1 generated in 39 ms (25.7 tok/s), drafts accepted 0 of 0, 3 checkpoints
strata serve: decode expert cache hit rate: 45.5% (195 hits / 429 lookups)
strata serve: KV streaming: 99.00% of 14141820 block reads hit VRAM, 569.0 MiB read from RAM
strata serve: prompt 34451 tokens = 34450 reused + 1 read in 3 ms (357.1 tok/s), 1 generated in 38 ms (26.4 tok/s), drafts accepted 0 of 0, 3 checkpoints
strata serve: decode expert cache hit rate: 47.9% (205 hits / 428 lookups)
strata serve: KV streaming: 99.00% of 14147976 block reads hit VRAM, 569.0 MiB read from RAM
strata serve: prompt 34452 tokens = 34451 reused + 1 read in 3 ms (358.7 tok/s), 1 generated in 43 ms (23.5 tok/s), drafts accepted 0 of 0, 3 checkpoints
strata serve: decode expert cache hit rate: 33.4% (138 hits / 413 lookups)
strata serve: KV streaming: 99.00% of 14154132 block reads hit VRAM, 569.0 MiB read from RAM
strata serve: prompt 34453 tokens = 34452 reused + 1 read in 3 ms (359.1 tok/s), 1 generated in 41 ms (24.4 tok/s), drafts accepted 0 of 0, 3 checkpoints
strata serve: decode expert cache hit rate: 35.3% (146 hits / 414 lookups)
strata serve: KV streaming: 99.00% of 14160300 block reads hit VRAM, 569.0 MiB read from RAM
strata serve: prompt 34454 tokens = 34453 reused + 1 read in 3 ms (359.7 tok/s), 1 generated in 41 ms (24.1 tok/s), drafts accepted 0 of 0, 3 checkpoints
strata serve: decode expert cache hit rate: 37.8% (158 hits / 418 lookups)
strata serve: KV streaming: 99.00% of 14166468 block reads hit VRAM, 569.0 MiB read from RAM
strata serve: prompt 34455 tokens = 34454 reused + 1 read in 3 ms (358.6 tok/s), 1 generated in 45 ms (22.3 tok/s), drafts accepted 0 of 0, 3 checkpoints
strata serve: decode expert cache hit rate: 29.1% (118 hits / 406 lookups)
strata serve: KV streaming: 99.00% of 14172624 block reads hit VRAM, 569.0 MiB read from RAM
strata serve: prompt 34456 tokens = 34455 reused + 1 read in 3 ms (360.2 tok/s), 1 generated in 46 ms (21.8 tok/s), drafts accepted 0 of 0, 3 checkpoints
strata serve: decode expert cache hit rate: 27.9% (113 hits / 405 lookups)
strata serve: KV streaming: 99.00% of 14178780 block reads hit VRAM, 569.0 MiB read from RAM
strata serve: prompt 34457 tokens = 34456 reused + 1 read in 3 ms (358.6 tok/s), 1 generated in 39 ms (25.8 tok/s), drafts accepted 0 of 0, 3 checkpoints
strata serve: decode expert cache hit rate: 44.6% (190 hits / 426 lookups)
strata serve: KV streaming: 99.00% of 14184948 block reads hit VRAM, 569.0 MiB read from RAM
strata serve: prompt 34458 tokens = 34457 reused + 1 read in 3 ms (348.0 tok/s), 1 generated in 41 ms (24.6 tok/s), drafts accepted 0 of 0, 3 checkpoints
strata serve: decode expert cache hit rate: 43.1% (182 hits / 422 lookups)
strata serve: KV streaming: 99.00% of 14191116 block reads hit VRAM, 569.0 MiB read from RAM
strata serve: prompt 34459 tokens = 34458 reused + 1 read in 3 ms (357.9 tok/s), 1 generated in 42 ms (24.0 tok/s), drafts accepted 0 of 0, 3 checkpoints
strata serve: decode expert cache hit rate: 41.7% (179 hits / 429 lookups)
strata serve: KV streaming: 99.01% of 14197272 block reads hit VRAM, 569.0 MiB read from RAM
strata serve: prompt 34460 tokens = 34459 reused + 1 read in 3 ms (356.4 tok/s), 1 generated in 48 ms (21.0 tok/s), drafts accepted 0 of 0, 3 checkpoints
strata serve: decode expert cache hit rate: 30.2% (124 hits / 411 lookups)
strata serve: KV streaming: 99.01% of 14203428 block reads hit VRAM, 569.0 MiB read from RAM
strata serve: prompt 34461 tokens = 34460 reused + 1 read in 3 ms (358.5 tok/s), 1 generated in 44 ms (22.8 tok/s), drafts accepted 0 of 0, 3 checkpoints
strata serve: decode expert cache hit rate: 36.1% (150 hits / 416 lookups)
strata serve: KV streaming: 99.01% of 14209596 block reads hit VRAM, 569.0 MiB read from RAM
strata serve: prompt 34462 tokens = 34461 reused + 1 read in 3 ms (358.6 tok/s), 1 generated in 36 ms (28.0 tok/s), drafts accepted 0 of 0, 3 checkpoints
strata serve: decode expert cache hit rate: 53.9% (236 hits / 438 lookups)
strata serve: KV streaming: 99.01% of 14215764 block reads hit VRAM, 569.1 MiB read from RAM
strata serve: prompt 34463 tokens = 34462 reused + 1 read in 3 ms (357.7 tok/s), 1 generated in 42 ms (23.6 tok/s), drafts accepted 0 of 0, 3 checkpoints
strata serve: decode expert cache hit rate: 43.7% (187 hits / 428 lookups)
strata serve: KV streaming: 99.01% of 14221920 block reads hit VRAM, 569.1 MiB read from RAM
strata serve: prompt 34464 tokens = 34463 reused + 1 read in 3 ms (358.9 tok/s), 1 generated in 41 ms (24.3 tok/s), drafts accepted 0 of 0, 3 checkpoints
strata serve: decode expert cache hit rate: 36.5% (152 hits / 417 lookups)
strata serve: KV streaming: 99.01% of 14228076 block reads hit VRAM, 569.1 MiB read from RAM
strata serve: prompt 34465 tokens = 34464 reused + 1 read in 3 ms (357.8 tok/s), 1 generated in 40 ms (25.1 tok/s), drafts accepted 0 of 0, 3 checkpoints
strata serve: decode expert cache hit rate: 41.4% (173 hits / 418 lookups)
strata serve: KV streaming: 99.01% of 14234244 block reads hit VRAM, 569.1 MiB read from RAM
strata serve: prompt 34466 tokens = 34465 reused + 1 read in 3 ms (358.3 tok/s), 1 generated in 41 ms (24.4 tok/s), drafts accepted 0 of 0, 3 checkpoints
strata serve: decode expert cache hit rate: 41.0% (173 hits / 422 lookups)
strata serve: KV streaming: 99.01% of 14240412 block reads hit VRAM, 569.1 MiB read from RAM
strata serve: prompt 34467 tokens = 34466 reused + 1 read in 3 ms (359.7 tok/s), 1 generated in 38 ms (26.0 tok/s), drafts accepted 0 of 0, 3 checkpoints
strata serve: decode expert cache hit rate: 46.4% (198 hits / 427 lookups)
strata serve: KV streaming: 99.01% of 14246568 block reads hit VRAM, 569.2 MiB read from RAM
strata serve: prompt 34468 tokens = 34467 reused + 1 read in 3 ms (359.5 tok/s), 1 generated in 45 ms (22.5 tok/s), drafts accepted 0 of 0, 3 checkpoints
strata serve: decode expert cache hit rate: 34.2% (142 hits / 415 lookups)
strata serve: KV streaming: 99.01% of 14252724 block reads hit VRAM, 569.2 MiB read from RAM
strata serve: prompt 34469 tokens = 34468 reused + 1 read in 3 ms (359.3 tok/s), 1 generated in 51 ms (19.5 tok/s), drafts accepted 0 of 0, 3 checkpoints
strata serve: decode expert cache hit rate: 40.6% (171 hits / 421 lookups)
strata serve: KV streaming: 99.01% of 14258892 block reads hit VRAM, 569.2 MiB read from RAM
strata serve: prompt 34470 tokens = 34469 reused + 1 read in 3 ms (360.4 tok/s), 1 generated in 37 ms (26.8 tok/s), drafts accepted 0 of 0, 3 checkpoints
strata serve: decode expert cache hit rate: 56.5% (249 hits / 441 lookups)
strata serve: KV streaming: 99.01% of 14265060 block reads hit VRAM, 569.2 MiB read from RAM
strata serve: prompt 34471 tokens = 34470 reused + 1 read in 3 ms (359.7 tok/s), 1 generated in 36 ms (28.0 tok/s), drafts accepted 0 of 0, 3 checkpoints
strata serve: decode expert cache hit rate: 58.4% (257 hits / 440 lookups)
strata serve: KV streaming: 99.01% of 14271216 block reads hit VRAM, 569.2 MiB read from RAM
strata serve: prompt 34472 tokens = 34471 reused + 1 read in 3 ms (357.8 tok/s), 1 generated in 37 ms (26.9 tok/s), drafts accepted 0 of 0, 3 checkpoints
strata serve: decode expert cache hit rate: 49.3% (211 hits / 428 lookups)
strata serve: KV streaming: 99.01% of 14277372 block reads hit VRAM, 569.2 MiB read from RAM
strata serve: prompt 34473 tokens = 34472 reused + 1 read in 3 ms (360.3 tok/s), 1 generated in 46 ms (22.0 tok/s), drafts accepted 0 of 0, 3 checkpoints
strata serve: decode expert cache hit rate: 31.4% (129 hits / 411 lookups)
strata serve: KV streaming: 99.01% of 14283540 block reads hit VRAM, 569.2 MiB read from RAM
strata serve: prompt 34474 tokens = 34473 reused + 1 read in 3 ms (360.3 tok/s), 1 generated in 39 ms (25.9 tok/s), drafts accepted 0 of 0, 3 checkpoints
strata serve: decode expert cache hit rate: 48.9% (209 hits / 427 lookups)
strata serve: KV streaming: 99.01% of 14289708 block reads hit VRAM, 569.2 MiB read from RAM
strata serve: prompt 34475 tokens = 34474 reused + 1 read in 3 ms (359.3 tok/s), 1 generated in 43 ms (23.3 tok/s), drafts accepted 0 of 0, 3 checkpoints
strata serve: decode expert cache hit rate: 32.3% (133 hits / 412 lookups)
strata serve: KV streaming: 99.01% of 14295864 block reads hit VRAM, 569.2 MiB read from RAM
strata serve: prompt 34476 tokens = 34475 reused + 1 read in 3 ms (359.6 tok/s), 1 generated in 43 ms (23.2 tok/s), drafts accepted 0 of 0, 3 checkpoints
strata serve: decode expert cache hit rate: 29.7% (120 hits / 404 lookups)
strata serve: KV streaming: 99.01% of 14302020 block reads hit VRAM, 569.2 MiB read from RAM
strata serve: prompt 34477 tokens = 34476 reused + 1 read in 3 ms (357.2 tok/s), 1 generated in 39 ms (25.3 tok/s), drafts accepted 0 of 0, 3 checkpoints
strata serve: decode expert cache hit rate: 42.4% (180 hits / 425 lookups)
strata serve: KV streaming: 99.01% of 14308188 block reads hit VRAM, 569.2 MiB read from RAM
strata serve: prompt 34478 tokens = 34477 reused + 1 read in 3 ms (358.5 tok/s), 1 generated in 43 ms (23.3 tok/s), drafts accepted 0 of 0, 3 checkpoints
strata serve: decode expert cache hit rate: 29.4% (121 hits / 412 lookups)
strata serve: KV streaming: 99.01% of 14314356 block reads hit VRAM, 569.2 MiB read from RAM
strata serve: prompt 34479 tokens = 34478 reused + 1 read in 3 ms (358.1 tok/s), 1 generated in 41 ms (24.1 tok/s), drafts accepted 0 of 0, 3 checkpoints
strata serve: decode expert cache hit rate: 39.2% (164 hits / 418 lookups)
strata serve: KV streaming: 99.01% of 14320512 block reads hit VRAM, 569.2 MiB read from RAM
strata serve: prompt 34480 tokens = 34479 reused + 1 read in 3 ms (354.7 tok/s), 1 generated in 41 ms (24.4 tok/s), drafts accepted 0 of 0, 3 checkpoints
strata serve: decode expert cache hit rate: 34.9% (146 hits / 418 lookups)
strata serve: KV streaming: 99.01% of 14326668 block reads hit VRAM, 569.2 MiB read from RAM
strata serve: prompt 34481 tokens = 34480 reused + 1 read in 3 ms (354.1 tok/s), 1 generated in 42 ms (24.0 tok/s), drafts accepted 0 of 0, 3 checkpoints
strata serve: decode expert cache hit rate: 36.1% (150 hits / 416 lookups)
strata serve: KV streaming: 99.01% of 14332836 block reads hit VRAM, 569.3 MiB read from RAM
strata serve: prompt 34482 tokens = 34481 reused + 1 read in 3 ms (359.5 tok/s), 1 generated in 40 ms (25.2 tok/s), drafts accepted 0 of 0, 3 checkpoints
strata serve: decode expert cache hit rate: 45.4% (196 hits / 432 lookups)
strata serve: KV streaming: 99.01% of 14339004 block reads hit VRAM, 569.3 MiB read from RAM
strata serve: prompt 34483 tokens = 34482 reused + 1 read in 3 ms (358.7 tok/s), 1 generated in 40 ms (25.1 tok/s), drafts accepted 0 of 0, 3 checkpoints
strata serve: decode expert cache hit rate: 40.6% (170 hits / 419 lookups)
strata serve: KV streaming: 99.01% of 14345160 block reads hit VRAM, 569.3 MiB read from RAM
strata serve: prompt 34484 tokens = 34483 reused + 1 read in 3 ms (357.9 tok/s), 1 generated in 41 ms (24.2 tok/s), drafts accepted 0 of 0, 3 checkpoints
strata serve: decode expert cache hit rate: 34.4% (142 hits / 413 lookups)
strata serve: KV streaming: 99.02% of 14351316 block reads hit VRAM, 569.3 MiB read from RAM
strata serve: prompt 34485 tokens = 34484 reused + 1 read in 3 ms (357.8 tok/s), 1 generated in 41 ms (24.2 tok/s), drafts accepted 0 of 0, 3 checkpoints
strata serve: decode expert cache hit rate: 39.5% (167 hits / 423 lookups)
strata serve: KV streaming: 99.02% of 14357484 block reads hit VRAM, 569.3 MiB read from RAM
strata serve: prompt 34486 tokens = 34485 reused + 1 read in 3 ms (353.7 tok/s), 1 generated in 40 ms (25.1 tok/s), drafts accepted 0 of 0, 3 checkpoints
strata serve: decode expert cache hit rate: 42.1% (177 hits / 420 lookups)
strata serve: KV streaming: 99.02% of 14363652 block reads hit VRAM, 569.3 MiB read from RAM
strata serve: prompt 34487 tokens = 34486 reused + 1 read in 3 ms (358.6 tok/s), 1 generated in 40 ms (24.7 tok/s), drafts accepted 0 of 0, 3 checkpoints
strata serve: decode expert cache hit rate: 42.1% (178 hits / 423 lookups)
strata serve: KV streaming: 99.02% of 14369808 block reads hit VRAM, 569.3 MiB read from RAM
strata serve: prompt 34488 tokens = 34487 reused + 1 read in 3 ms (357.6 tok/s), 1 generated in 44 ms (22.5 tok/s), drafts accepted 0 of 0, 3 checkpoints
strata serve: decode expert cache hit rate: 32.7% (134 hits / 410 lookups)
strata serve: KV streaming: 99.02% of 14375964 block reads hit VRAM, 569.3 MiB read from RAM
strata serve: prompt 34489 tokens = 34488 reused + 1 read in 3 ms (356.4 tok/s), 1 generated in 43 ms (23.4 tok/s), drafts accepted 0 of 0, 3 checkpoints
strata serve: decode expert cache hit rate: 34.5% (142 hits / 412 lookups)
strata serve: KV streaming: 99.02% of 14382132 block reads hit VRAM, 569.3 MiB read from RAM
strata serve: prompt 34490 tokens = 34489 reused + 1 read in 3 ms (351.3 tok/s), 1 generated in 45 ms (22.4 tok/s), drafts accepted 0 of 0, 3 checkpoints
strata serve: decode expert cache hit rate: 39.8% (168 hits / 422 lookups)
strata serve: KV streaming: 99.02% of 14388300 block reads hit VRAM, 569.3 MiB read from RAM
strata serve: prompt 34491 tokens = 34490 reused + 1 read in 3 ms (360.2 tok/s), 1 generated in 36 ms (28.0 tok/s), drafts accepted 0 of 0, 3 checkpoints
strata serve: decode expert cache hit rate: 56.0% (246 hits / 439 lookups)
strata serve: KV streaming: 99.02% of 14394456 block reads hit VRAM, 569.3 MiB read from RAM
strata serve: prompt 34492 tokens = 34491 reused + 1 read in 3 ms (359.9 tok/s), 1 generated in 41 ms (24.6 tok/s), drafts accepted 0 of 0, 3 checkpoints
strata serve: decode expert cache hit rate: 44.0% (187 hits / 425 lookups)
strata serve: KV streaming: 99.02% of 14400612 block reads hit VRAM, 569.3 MiB read from RAM
strata serve: prompt 34493 tokens = 34492 reused + 1 read in 3 ms (357.8 tok/s), 1 generated in 40 ms (24.8 tok/s), drafts accepted 0 of 0, 3 checkpoints
strata serve: decode expert cache hit rate: 35.8% (148 hits / 413 lookups)
strata serve: KV streaming: 99.02% of 14406780 block reads hit VRAM, 569.3 MiB read from RAM
strata serve: prompt 34494 tokens = 34493 reused + 1 read in 3 ms (359.1 tok/s), 1 generated in 41 ms (24.7 tok/s), drafts accepted 0 of 0, 3 checkpoints
strata serve: decode expert cache hit rate: 35.4% (146 hits / 412 lookups)
strata serve: KV streaming: 99.02% of 14412948 block reads hit VRAM, 569.3 MiB read from RAM
strata serve: prompt 34495 tokens = 34494 reused + 1 read in 3 ms (351.3 tok/s), 1 generated in 43 ms (23.1 tok/s), drafts accepted 0 of 0, 3 checkpoints
strata serve: decode expert cache hit rate: 29.6% (121 hits / 409 lookups)
strata serve: KV streaming: 99.02% of 14419104 block reads hit VRAM, 569.3 MiB read from RAM
strata serve: prompt 34496 tokens = 34495 reused + 1 read in 3 ms (358.0 tok/s), 1 generated in 43 ms (23.5 tok/s), drafts accepted 0 of 0, 3 checkpoints
strata serve: decode expert cache hit rate: 32.0% (132 hits / 413 lookups)
strata serve: KV streaming: 99.02% of 14425260 block reads hit VRAM, 569.4 MiB read from RAM
strata serve: prompt 34497 tokens = 34496 reused + 1 read in 3 ms (359.4 tok/s), 1 generated in 44 ms (22.6 tok/s), drafts accepted 0 of 0, 3 checkpoints
strata serve: decode expert cache hit rate: 26.2% (106 hits / 404 lookups)
strata serve: KV streaming: 99.02% of 14431428 block reads hit VRAM, 569.4 MiB read from RAM
strata serve: prompt 34498 tokens = 34497 reused + 1 read in 3 ms (357.4 tok/s), 1 generated in 45 ms (22.4 tok/s), drafts accepted 0 of 0, 3 checkpoints
strata serve: decode expert cache hit rate: 26.0% (106 hits / 407 lookups)
strata serve: KV streaming: 99.02% of 14437596 block reads hit VRAM, 569.4 MiB read from RAM
strata serve: prompt 34499 tokens = 34498 reused + 1 read in 3 ms (354.7 tok/s), 1 generated in 41 ms (24.1 tok/s), drafts accepted 0 of 0, 3 checkpoints
strata serve: decode expert cache hit rate: 40.0% (168 hits / 420 lookups)
strata serve: KV streaming: 99.02% of 14443752 block reads hit VRAM, 569.4 MiB read from RAM
strata serve: prompt 34500 tokens = 34499 reused + 1 read in 3 ms (353.7 tok/s), 1 generated in 42 ms (23.7 tok/s), drafts accepted 0 of 0, 3 checkpoints
strata serve: decode expert cache hit rate: 39.2% (166 hits / 424 lookups)
strata serve: KV streaming: 99.02% of 14449908 block reads hit VRAM, 569.4 MiB read from RAM
strata serve: prompt 34501 tokens = 34500 reused + 1 read in 3 ms (358.4 tok/s), 1 generated in 45 ms (22.2 tok/s), drafts accepted 0 of 0, 3 checkpoints
strata serve: decode expert cache hit rate: 30.6% (125 hits / 409 lookups)
strata serve: KV streaming: 99.02% of 14456076 block reads hit VRAM, 569.4 MiB read from RAM
strata serve: prompt 34502 tokens = 34501 reused + 1 read in 3 ms (359.1 tok/s), 1 generated in 43 ms (23.2 tok/s), drafts accepted 0 of 0, 3 checkpoints
strata serve: decode expert cache hit rate: 37.5% (157 hits / 419 lookups)
strata serve: KV streaming: 99.02% of 14462244 block reads hit VRAM, 569.4 MiB read from RAM
strata serve: prompt 34503 tokens = 34502 reused + 1 read in 3 ms (360.0 tok/s), 1 generated in 41 ms (24.5 tok/s), drafts accepted 0 of 0, 3 checkpoints
strata serve: decode expert cache hit rate: 41.5% (175 hits / 422 lookups)
strata serve: KV streaming: 99.02% of 14468400 block reads hit VRAM, 569.4 MiB read from RAM
strata serve: prompt 34504 tokens = 34503 reused + 1 read in 3 ms (358.9 tok/s), 1 generated in 36 ms (27.7 tok/s), drafts accepted 0 of 0, 3 checkpoints
strata serve: decode expert cache hit rate: 51.8% (227 hits / 438 lookups)
strata serve: KV streaming: 99.02% of 14474556 block reads hit VRAM, 569.4 MiB read from RAM
strata serve: prompt 34505 tokens = 34504 reused + 1 read in 3 ms (357.7 tok/s), 1 generated in 43 ms (23.1 tok/s), drafts accepted 0 of 0, 3 checkpoints
strata serve: decode expert cache hit rate: 29.1% (120 hits / 412 lookups)
strata serve: KV streaming: 99.02% of 14480724 block reads hit VRAM, 569.4 MiB read from RAM
strata serve: prompt 34506 tokens = 34505 reused + 1 read in 3 ms (351.7 tok/s), 1 generated in 41 ms (24.4 tok/s), drafts accepted 0 of 0, 3 checkpoints
strata serve: decode expert cache hit rate: 34.3% (141 hits / 411 lookups)
strata serve: KV streaming: 99.02% of 14486892 block reads hit VRAM, 569.4 MiB read from RAM
strata serve: prompt 34507 tokens = 34506 reused + 1 read in 3 ms (353.3 tok/s), 1 generated in 41 ms (24.7 tok/s), drafts accepted 0 of 0, 3 checkpoints
strata serve: decode expert cache hit rate: 37.1% (155 hits / 418 lookups)
strata serve: KV streaming: 99.02% of 14493048 block reads hit VRAM, 569.4 MiB read from RAM
strata serve: prompt 34508 tokens = 34507 reused + 1 read in 3 ms (358.5 tok/s), 1 generated in 49 ms (20.5 tok/s), drafts accepted 0 of 0, 3 checkpoints
strata serve: decode expert cache hit rate: 27.3% (111 hits / 406 lookups)
strata serve: KV streaming: 99.03% of 14499204 block reads hit VRAM, 569.4 MiB read from RAM
strata serve: prompt 34509 tokens = 34508 reused + 1 read in 3 ms (357.1 tok/s), 1 generated in 41 ms (24.3 tok/s), drafts accepted 0 of 0, 3 checkpoints
strata serve: decode expert cache hit rate: 41.6% (175 hits / 421 lookups)
strata serve: KV streaming: 99.03% of 14505372 block reads hit VRAM, 569.4 MiB read from RAM
strata serve: prompt 34510 tokens = 34509 reused + 1 read in 3 ms (348.6 tok/s), 1 generated in 44 ms (22.8 tok/s), drafts accepted 0 of 0, 3 checkpoints
strata serve: decode expert cache hit rate: 30.2% (124 hits / 410 lookups)
strata serve: KV streaming: 99.03% of 14511540 block reads hit VRAM, 569.4 MiB read from RAM
strata serve: prompt 34511 tokens = 34510 reused + 1 read in 3 ms (356.5 tok/s), 1 generated in 44 ms (22.5 tok/s), drafts accepted 0 of 0, 3 checkpoints
strata serve: decode expert cache hit rate: 30.3% (124 hits / 409 lookups)
strata serve: KV streaming: 99.03% of 14517696 block reads hit VRAM, 569.4 MiB read from RAM
strata serve: prompt 34512 tokens = 34511 reused + 1 read in 3 ms (357.5 tok/s), 1 generated in 41 ms (24.6 tok/s), drafts accepted 0 of 0, 3 checkpoints
strata serve: decode expert cache hit rate: 44.1% (186 hits / 422 lookups)
strata serve: KV streaming: 99.03% of 14523852 block reads hit VRAM, 569.5 MiB read from RAM
strata serve: prompt 34513 tokens = 34512 reused + 1 read in 3 ms (358.4 tok/s), 1 generated in 40 ms (24.8 tok/s), drafts accepted 0 of 0, 3 checkpoints
strata serve: decode expert cache hit rate: 38.6% (160 hits / 415 lookups)
strata serve: KV streaming: 99.03% of 14530020 block reads hit VRAM, 569.5 MiB read from RAM
strata serve: prompt 34514 tokens = 34513 reused + 1 read in 3 ms (344.2 tok/s), 1 generated in 41 ms (24.3 tok/s), drafts accepted 0 of 0, 3 checkpoints
strata serve: decode expert cache hit rate: 38.7% (161 hits / 416 lookups)
strata serve: KV streaming: 99.03% of 14536188 block reads hit VRAM, 569.5 MiB read from RAM
strata serve: prompt 34515 tokens = 34514 reused + 1 read in 3 ms (358.6 tok/s), 1 generated in 46 ms (22.0 tok/s), drafts accepted 0 of 0, 3 checkpoints
strata serve: decode expert cache hit rate: 34.4% (142 hits / 413 lookups)
strata serve: KV streaming: 99.03% of 14542344 block reads hit VRAM, 569.5 MiB read from RAM
strata serve: prompt 34516 tokens = 34515 reused + 1 read in 3 ms (358.7 tok/s), 1 generated in 45 ms (22.4 tok/s), drafts accepted 0 of 0, 3 checkpoints
strata serve: decode expert cache hit rate: 27.5% (112 hits / 408 lookups)
strata serve: KV streaming: 99.03% of 14548500 block reads hit VRAM, 569.5 MiB read from RAM
strata serve: prompt 34517 tokens = 34516 reused + 1 read in 3 ms (353.0 tok/s), 1 generated in 41 ms (24.5 tok/s), drafts accepted 0 of 0, 3 checkpoints
strata serve: decode expert cache hit rate: 37.6% (157 hits / 418 lookups)
strata serve: KV streaming: 99.03% of 14554668 block reads hit VRAM, 569.5 MiB read from RAM
strata serve: prompt 34518 tokens = 34517 reused + 1 read in 3 ms (347.9 tok/s), 1 generated in 45 ms (22.2 tok/s), drafts accepted 0 of 0, 3 checkpoints
strata serve: decode expert cache hit rate: 27.8% (113 hits / 407 lookups)
strata serve: KV streaming: 99.03% of 14560836 block reads hit VRAM, 569.5 MiB read from RAM
strata serve: prompt 34519 tokens = 34518 reused + 1 read in 3 ms (358.6 tok/s), 1 generated in 46 ms (21.9 tok/s), drafts accepted 0 of 0, 3 checkpoints
strata serve: decode expert cache hit rate: 31.7% (131 hits / 413 lookups)
strata serve: KV streaming: 99.03% of 14566992 block reads hit VRAM, 569.5 MiB read from RAM
strata serve: prompt 34520 tokens = 34519 reused + 1 read in 3 ms (359.8 tok/s), 1 generated in 46 ms (21.6 tok/s), drafts accepted 0 of 0, 3 checkpoints
strata serve: decode expert cache hit rate: 29.1% (120 hits / 413 lookups)
strata serve: KV streaming: 99.03% of 14573148 block reads hit VRAM, 569.5 MiB read from RAM
strata serve: prompt 34521 tokens = 34520 reused + 1 read in 3 ms (359.9 tok/s), 1 generated in 39 ms (25.7 tok/s), drafts accepted 0 of 0, 3 checkpoints
strata serve: decode expert cache hit rate: 45.2% (192 hits / 425 lookups)
strata serve: KV streaming: 99.03% of 14579316 block reads hit VRAM, 569.6 MiB read from RAM
strata serve: prompt 34522 tokens = 34521 reused + 1 read in 3 ms (358.6 tok/s), 1 generated in 41 ms (24.6 tok/s), drafts accepted 0 of 0, 3 checkpoints
strata serve: decode expert cache hit rate: 38.3% (159 hits / 415 lookups)
strata serve: KV streaming: 99.03% of 14585484 block reads hit VRAM, 569.6 MiB read from RAM
strata serve: prompt 34523 tokens = 34522 reused + 1 read in 3 ms (359.0 tok/s), 1 generated in 46 ms (21.7 tok/s), drafts accepted 0 of 0, 3 checkpoints
strata serve: decode expert cache hit rate: 31.1% (127 hits / 408 lookups)
strata serve: KV streaming: 99.03% of 14591640 block reads hit VRAM, 569.6 MiB read from RAM
strata serve: prompt 34524 tokens = 34523 reused + 1 read in 3 ms (358.0 tok/s), 1 generated in 45 ms (22.5 tok/s), drafts accepted 0 of 0, 3 checkpoints
strata serve: decode expert cache hit rate: 29.9% (122 hits / 408 lookups)
strata serve: KV streaming: 99.03% of 14597796 block reads hit VRAM, 569.6 MiB read from RAM
strata serve: prompt 34525 tokens = 34524 reused + 1 read in 3 ms (356.9 tok/s), 1 generated in 44 ms (22.8 tok/s), drafts accepted 0 of 0, 3 checkpoints
strata serve: decode expert cache hit rate: 29.4% (121 hits / 411 lookups)
strata serve: KV streaming: 99.03% of 14603964 block reads hit VRAM, 569.6 MiB read from RAM
strata serve: prompt 34526 tokens = 34525 reused + 1 read in 3 ms (352.7 tok/s), 1 generated in 45 ms (22.4 tok/s), drafts accepted 0 of 0, 3 checkpoints
strata serve: decode expert cache hit rate: 27.2% (111 hits / 408 lookups)
strata serve: KV streaming: 99.03% of 14610132 block reads hit VRAM, 569.6 MiB read from RAM
strata serve: prompt 34527 tokens = 34526 reused + 1 read in 3 ms (359.1 tok/s), 1 generated in 45 ms (22.4 tok/s), drafts accepted 0 of 0, 3 checkpoints
strata serve: decode expert cache hit rate: 30.5% (125 hits / 410 lookups)
strata serve: KV streaming: 99.03% of 14616288 block reads hit VRAM, 569.6 MiB read from RAM
strata serve: prompt 34528 tokens = 34527 reused + 1 read in 3 ms (359.6 tok/s), 1 generated in 42 ms (23.7 tok/s), drafts accepted 0 of 0, 3 checkpoints
strata serve: decode expert cache hit rate: 41.6% (176 hits / 423 lookups)
strata serve: KV streaming: 99.03% of 14622444 block reads hit VRAM, 569.6 MiB read from RAM
strata serve: prompt 34529 tokens = 34528 reused + 1 read in 3 ms (359.1 tok/s), 1 generated in 42 ms (23.7 tok/s), drafts accepted 0 of 0, 3 checkpoints
strata serve: decode expert cache hit rate: 35.3% (147 hits / 416 lookups)
strata serve: KV streaming: 99.03% of 14628612 block reads hit VRAM, 569.6 MiB read from RAM
strata serve: prompt 34530 tokens = 34529 reused + 1 read in 3 ms (357.6 tok/s), 1 generated in 38 ms (26.3 tok/s), drafts accepted 0 of 0, 3 checkpoints
strata serve: decode expert cache hit rate: 44.0% (188 hits / 427 lookups)
strata serve: KV streaming: 99.03% of 14634780 block reads hit VRAM, 569.7 MiB read from RAM
strata serve: prompt 34531 tokens = 34530 reused + 1 read in 3 ms (358.8 tok/s), 1 generated in 46 ms (21.7 tok/s), drafts accepted 0 of 0, 3 checkpoints
strata serve: decode expert cache hit rate: 29.1% (119 hits / 409 lookups)
strata serve: KV streaming: 99.03% of 14640936 block reads hit VRAM, 569.7 MiB read from RAM
strata serve: prompt 34532 tokens = 34531 reused + 1 read in 3 ms (356.7 tok/s), 1 generated in 43 ms (23.4 tok/s), drafts accepted 0 of 0, 3 checkpoints
strata serve: decode expert cache hit rate: 30.6% (126 hits / 412 lookups)
strata serve: KV streaming: 99.03% of 14647092 block reads hit VRAM, 569.7 MiB read from RAM
strata serve: prompt 34533 tokens = 34532 reused + 1 read in 3 ms (352.7 tok/s), 1 generated in 44 ms (22.8 tok/s), drafts accepted 0 of 0, 3 checkpoints
strata serve: decode expert cache hit rate: 28.7% (117 hits / 408 lookups)
strata serve: KV streaming: 99.03% of 14653260 block reads hit VRAM, 569.7 MiB read from RAM
strata serve: prompt 34534 tokens = 34533 reused + 1 read in 3 ms (359.3 tok/s), 1 generated in 40 ms (25.1 tok/s), drafts accepted 0 of 0, 3 checkpoints
strata serve: decode expert cache hit rate: 38.2% (159 hits / 416 lookups)
strata serve: KV streaming: 99.04% of 14659428 block reads hit VRAM, 569.7 MiB read from RAM
strata serve: prompt 34535 tokens = 34534 reused + 1 read in 3 ms (357.8 tok/s), 1 generated in 40 ms (25.1 tok/s), drafts accepted 0 of 0, 3 checkpoints
strata serve: decode expert cache hit rate: 40.1% (169 hits / 421 lookups)
strata serve: KV streaming: 99.04% of 14665584 block reads hit VRAM, 569.7 MiB read from RAM
strata serve: prompt 34536 tokens = 34535 reused + 1 read in 3 ms (356.8 tok/s), 1 generated in 45 ms (22.0 tok/s), drafts accepted 0 of 0, 3 checkpoints
strata serve: decode expert cache hit rate: 28.0% (114 hits / 407 lookups)
strata serve: KV streaming: 99.04% of 14671740 block reads hit VRAM, 569.7 MiB read from RAM
strata serve: prompt 34537 tokens = 34536 reused + 1 read in 3 ms (355.8 tok/s), 1 generated in 49 ms (20.4 tok/s), drafts accepted 0 of 0, 3 checkpoints
strata serve: decode expert cache hit rate: 38.3% (160 hits / 418 lookups)
strata serve: KV streaming: 99.04% of 14677908 block reads hit VRAM, 569.7 MiB read from RAM
strata serve: prompt 34538 tokens = 34537 reused + 1 read in 3 ms (354.8 tok/s), 1 generated in 43 ms (23.4 tok/s), drafts accepted 0 of 0, 3 checkpoints
strata serve: decode expert cache hit rate: 32.4% (134 hits / 414 lookups)
strata serve: KV streaming: 99.04% of 14684076 block reads hit VRAM, 569.7 MiB read from RAM
strata serve: prompt 34539 tokens = 34538 reused + 1 read in 3 ms (358.8 tok/s), 1 generated in 41 ms (24.2 tok/s), drafts accepted 0 of 0, 3 checkpoints
strata serve: decode expert cache hit rate: 31.7% (129 hits / 407 lookups)
strata serve: KV streaming: 99.04% of 14690232 block reads hit VRAM, 569.7 MiB read from RAM
strata serve: prompt 34540 tokens = 34539 reused + 1 read in 3 ms (355.3 tok/s), 1 generated in 45 ms (22.5 tok/s), drafts accepted 0 of 0, 3 checkpoints
strata serve: decode expert cache hit rate: 27.1% (111 hits / 410 lookups)
strata serve: KV streaming: 99.04% of 14696388 block reads hit VRAM, 569.7 MiB read from RAM
strata serve: prompt 34541 tokens = 34540 reused + 1 read in 3 ms (357.3 tok/s), 1 generated in 40 ms (25.2 tok/s), drafts accepted 0 of 0, 3 checkpoints
strata serve: decode expert cache hit rate: 47.5% (205 hits / 432 lookups)
strata serve: KV streaming: 99.04% of 14702556 block reads hit VRAM, 569.7 MiB read from RAM
strata serve: prompt 34542 tokens = 34541 reused + 1 read in 3 ms (358.6 tok/s), 1 generated in 48 ms (21.0 tok/s), drafts accepted 0 of 0, 3 checkpoints
strata serve: decode expert cache hit rate: 28.1% (114 hits / 406 lookups)
strata serve: KV streaming: 99.04% of 14708724 block reads hit VRAM, 569.7 MiB read from RAM
strata serve: prompt 34543 tokens = 34542 reused + 1 read in 3 ms (357.9 tok/s), 1 generated in 42 ms (23.9 tok/s), drafts accepted 0 of 0, 3 checkpoints
strata serve: decode expert cache hit rate: 36.7% (152 hits / 414 lookups)
strata serve: KV streaming: 99.04% of 14714880 block reads hit VRAM, 569.7 MiB read from RAM
strata serve: prompt 34544 tokens = 34543 reused + 1 read in 3 ms (357.5 tok/s), 1 generated in 43 ms (23.4 tok/s), drafts accepted 0 of 0, 3 checkpoints
strata serve: decode expert cache hit rate: 39.7% (168 hits / 423 lookups)
strata serve: KV streaming: 99.04% of 14721036 block reads hit VRAM, 569.7 MiB read from RAM
strata serve: prompt 34545 tokens = 34544 reused + 1 read in 3 ms (356.1 tok/s), 1 generated in 43 ms (23.1 tok/s), drafts accepted 0 of 0, 3 checkpoints
strata serve: decode expert cache hit rate: 43.2% (183 hits / 424 lookups)
strata serve: KV streaming: 99.04% of 14727204 block reads hit VRAM, 569.7 MiB read from RAM
strata serve: prompt 34546 tokens = 34545 reused + 1 read in 3 ms (356.4 tok/s), 1 generated in 44 ms (22.9 tok/s), drafts accepted 0 of 0, 3 checkpoints
strata serve: decode expert cache hit rate: 33.0% (137 hits / 415 lookups)
strata serve: KV streaming: 99.04% of 14733372 block reads hit VRAM, 569.7 MiB read from RAM
strata serve: prompt 34547 tokens = 34546 reused + 1 read in 3 ms (359.4 tok/s), 1 generated in 41 ms (24.4 tok/s), drafts accepted 0 of 0, 3 checkpoints
strata serve: decode expert cache hit rate: 29.6% (121 hits / 409 lookups)
strata serve: KV streaming: 99.04% of 14739528 block reads hit VRAM, 569.7 MiB read from RAM
strata serve: prompt 34548 tokens = 34547 reused + 1 read in 3 ms (358.2 tok/s), 1 generated in 41 ms (24.6 tok/s), drafts accepted 0 of 0, 3 checkpoints
strata serve: decode expert cache hit rate: 36.2% (150 hits / 414 lookups)
strata serve: KV streaming: 99.04% of 14745684 block reads hit VRAM, 569.7 MiB read from RAM
strata serve: prompt 34549 tokens = 34548 reused + 1 read in 3 ms (360.0 tok/s), 1 generated in 41 ms (24.4 tok/s), drafts accepted 0 of 0, 3 checkpoints
strata serve: decode expert cache hit rate: 36.3% (151 hits / 416 lookups)
strata serve: KV streaming: 99.04% of 14751852 block reads hit VRAM, 569.7 MiB read from RAM
strata serve: prompt 34550 tokens = 34549 reused + 1 read in 3 ms (360.0 tok/s), 1 generated in 43 ms (23.2 tok/s), drafts accepted 0 of 0, 3 checkpoints
strata serve: decode expert cache hit rate: 29.0% (119 hits / 411 lookups)
strata serve: KV streaming: 99.04% of 14758020 block reads hit VRAM, 569.7 MiB read from RAM
strata serve: prompt 34551 tokens = 34550 reused + 1 read in 3 ms (360.5 tok/s), 1 generated in 41 ms (24.3 tok/s), drafts accepted 0 of 0, 3 checkpoints
strata serve: decode expert cache hit rate: 47.4% (203 hits / 428 lookups)
strata serve: KV streaming: 99.04% of 14764176 block reads hit VRAM, 569.7 MiB read from RAM
strata serve: prompt 34552 tokens = 34551 reused + 1 read in 3 ms (356.5 tok/s), 1 generated in 42 ms (24.0 tok/s), drafts accepted 0 of 0, 3 checkpoints
strata serve: decode expert cache hit rate: 35.7% (148 hits / 415 lookups)
strata serve: KV streaming: 99.04% of 14770332 block reads hit VRAM, 569.7 MiB read from RAM
strata serve: prompt 34553 tokens = 34552 reused + 1 read in 3 ms (357.1 tok/s), 1 generated in 41 ms (24.1 tok/s), drafts accepted 0 of 0, 3 checkpoints
strata serve: decode expert cache hit rate: 35.3% (147 hits / 417 lookups)
strata serve: KV streaming: 99.04% of 14776500 block reads hit VRAM, 569.7 MiB read from RAM
strata serve: prompt 34554 tokens = 34553 reused + 1 read in 3 ms (358.1 tok/s), 1 generated in 46 ms (21.8 tok/s), drafts accepted 0 of 0, 3 checkpoints
strata serve: decode expert cache hit rate: 38.9% (163 hits / 419 lookups)
strata serve: KV streaming: 99.04% of 14782668 block reads hit VRAM, 569.7 MiB read from RAM
strata serve: prompt 34555 tokens = 34554 reused + 1 read in 3 ms (358.5 tok/s), 1 generated in 38 ms (26.4 tok/s), drafts accepted 0 of 0, 3 checkpoints
strata serve: decode expert cache hit rate: 44.0% (185 hits / 420 lookups)
strata serve: KV streaming: 99.04% of 14788824 block reads hit VRAM, 569.8 MiB read from RAM
strata serve: prompt 34556 tokens = 34555 reused + 1 read in 3 ms (356.6 tok/s), 1 generated in 43 ms (23.5 tok/s), drafts accepted 0 of 0, 3 checkpoints
strata serve: decode expert cache hit rate: 37.4% (156 hits / 417 lookups)
strata serve: KV streaming: 99.04% of 14794980 block reads hit VRAM, 569.8 MiB read from RAM
strata serve: prompt 34557 tokens = 34556 reused + 1 read in 3 ms (356.9 tok/s), 1 generated in 45 ms (22.0 tok/s), drafts accepted 0 of 0, 3 checkpoints
strata serve: decode expert cache hit rate: 35.3% (146 hits / 414 lookups)
strata serve: KV streaming: 99.04% of 14801148 block reads hit VRAM, 569.8 MiB read from RAM
strata serve: prompt 34558 tokens = 34557 reused + 1 read in 3 ms (355.2 tok/s), 1 generated in 43 ms (23.4 tok/s), drafts accepted 0 of 0, 3 checkpoints
strata serve: decode expert cache hit rate: 46.9% (202 hits / 431 lookups)
strata serve: KV streaming: 99.04% of 14807316 block reads hit VRAM, 569.8 MiB read from RAM
strata serve: prompt 34559 tokens = 34558 reused + 1 read in 3 ms (357.7 tok/s), 1 generated in 43 ms (23.3 tok/s), drafts accepted 0 of 0, 3 checkpoints
strata serve: decode expert cache hit rate: 30.5% (125 hits / 410 lookups)
strata serve: KV streaming: 99.05% of 14813472 block reads hit VRAM, 569.8 MiB read from RAM
strata serve: prompt 34560 tokens = 34559 reused + 1 read in 3 ms (353.0 tok/s), 1 generated in 37 ms (27.4 tok/s), drafts accepted 0 of 0, 3 checkpoints
strata serve: decode expert cache hit rate: 54.9% (243 hits / 443 lookups)
strata serve: KV streaming: 99.05% of 14819628 block reads hit VRAM, 569.8 MiB read from RAM
strata serve: prompt 34561 tokens = 34560 reused + 1 read in 3 ms (358.4 tok/s), 1 generated in 34 ms (29.2 tok/s), drafts accepted 0 of 0, 3 checkpoints
strata serve: decode expert cache hit rate: 57.3% (254 hits / 443 lookups)
strata serve: KV streaming: 99.05% of 14825796 block reads hit VRAM, 569.8 MiB read from RAM
strata serve: prompt 34562 tokens = 34561 reused + 1 read in 3 ms (359.5 tok/s), 1 generated in 42 ms (24.1 tok/s), drafts accepted 0 of 0, 3 checkpoints
strata serve: decode expert cache hit rate: 38.4% (161 hits / 419 lookups)
strata serve: KV streaming: 99.05% of 14831964 block reads hit VRAM, 569.8 MiB read from RAM
strata serve: prompt 34563 tokens = 34562 reused + 1 read in 3 ms (359.0 tok/s), 1 generated in 42 ms (23.8 tok/s), drafts accepted 0 of 0, 3 checkpoints
strata serve: decode expert cache hit rate: 37.1% (155 hits / 418 lookups)
strata serve: KV streaming: 99.05% of 14838120 block reads hit VRAM, 569.8 MiB read from RAM
strata serve: prompt 34564 tokens = 34563 reused + 1 read in 3 ms (359.0 tok/s), 1 generated in 37 ms (26.8 tok/s), drafts accepted 0 of 0, 3 checkpoints
strata serve: decode expert cache hit rate: 46.0% (198 hits / 430 lookups)
strata serve: KV streaming: 99.05% of 14844276 block reads hit VRAM, 569.8 MiB read from RAM
strata serve: prompt 34565 tokens = 34564 reused + 1 read in 3 ms (358.7 tok/s), 1 generated in 41 ms (24.4 tok/s), drafts accepted 0 of 0, 3 checkpoints
strata serve: decode expert cache hit rate: 27.8% (114 hits / 410 lookups)
strata serve: KV streaming: 99.05% of 14850444 block reads hit VRAM, 569.8 MiB read from RAM
strata serve: prompt 34566 tokens = 34565 reused + 1 read in 3 ms (357.0 tok/s), 1 generated in 45 ms (22.2 tok/s), drafts accepted 0 of 0, 3 checkpoints
strata serve: decode expert cache hit rate: 20.6% (82 hits / 399 lookups)
strata serve: KV streaming: 99.05% of 14856612 block reads hit VRAM, 569.8 MiB read from RAM
strata serve: prompt 34567 tokens = 34566 reused + 1 read in 3 ms (359.3 tok/s), 1 generated in 42 ms (23.6 tok/s), drafts accepted 0 of 0, 3 checkpoints
strata serve: decode expert cache hit rate: 34.4% (142 hits / 413 lookups)
strata serve: KV streaming: 99.05% of 14862768 block reads hit VRAM, 569.8 MiB read from RAM
strata serve: prompt 34568 tokens = 34567 reused + 1 read in 3 ms (357.3 tok/s), 1 generated in 45 ms (22.0 tok/s), drafts accepted 0 of 0, 3 checkpoints
strata serve: decode expert cache hit rate: 25.6% (104 hits / 407 lookups)
strata serve: KV streaming: 99.05% of 14868924 block reads hit VRAM, 569.8 MiB read from RAM
strata serve: prompt 34569 tokens = 34568 reused + 1 read in 3 ms (354.2 tok/s), 1 generated in 45 ms (22.1 tok/s), drafts accepted 0 of 0, 3 checkpoints
strata serve: decode expert cache hit rate: 32.8% (135 hits / 411 lookups)
strata serve: KV streaming: 99.05% of 14875092 block reads hit VRAM, 569.8 MiB read from RAM
strata serve: prompt 34570 tokens = 34569 reused + 1 read in 3 ms (357.4 tok/s), 1 generated in 40 ms (25.2 tok/s), drafts accepted 0 of 0, 3 checkpoints
strata serve: decode expert cache hit rate: 37.6% (157 hits / 417 lookups)
strata serve: KV streaming: 99.05% of 14881260 block reads hit VRAM, 569.8 MiB read from RAM
strata serve: prompt 34571 tokens = 34570 reused + 1 read in 3 ms (358.2 tok/s), 1 generated in 43 ms (23.4 tok/s), drafts accepted 0 of 0, 3 checkpoints
strata serve: decode expert cache hit rate: 25.4% (102 hits / 401 lookups)
strata serve: KV streaming: 99.05% of 14887416 block reads hit VRAM, 569.8 MiB read from RAM
strata serve: prompt 34572 tokens = 34571 reused + 1 read in 3 ms (360.0 tok/s), 1 generated in 40 ms (25.0 tok/s), drafts accepted 0 of 0, 3 checkpoints
strata serve: decode expert cache hit rate: 37.2% (155 hits / 417 lookups)
strata serve: KV streaming: 99.05% of 14893572 block reads hit VRAM, 569.8 MiB read from RAM
strata serve: prompt 34573 tokens = 34572 reused + 1 read in 3 ms (351.9 tok/s), 1 generated in 56 ms (17.9 tok/s), drafts accepted 0 of 0, 3 checkpoints
strata serve: decode expert cache hit rate: 26.5% (107 hits / 404 lookups)
strata serve: KV streaming: 99.05% of 14899740 block reads hit VRAM, 569.8 MiB read from RAM
strata serve: prompt 34574 tokens = 34573 reused + 1 read in 3 ms (352.3 tok/s), 1 generated in 43 ms (23.3 tok/s), drafts accepted 0 of 0, 3 checkpoints
strata serve: decode expert cache hit rate: 37.1% (154 hits / 415 lookups)
strata serve: KV streaming: 99.05% of 14905908 block reads hit VRAM, 569.8 MiB read from RAM
strata serve: prompt 34575 tokens = 34574 reused + 1 read in 3 ms (353.1 tok/s), 1 generated in 40 ms (25.1 tok/s), drafts accepted 0 of 0, 3 checkpoints
strata serve: decode expert cache hit rate: 46.9% (202 hits / 431 lookups)
strata serve: KV streaming: 99.05% of 14912064 block reads hit VRAM, 569.8 MiB read from RAM
strata serve: prompt 34576 tokens = 34575 reused + 1 read in 3 ms (350.0 tok/s), 1 generated in 45 ms (22.3 tok/s), drafts accepted 0 of 0, 3 checkpoints
strata serve: decode expert cache hit rate: 30.8% (127 hits / 413 lookups)
strata serve: KV streaming: 99.05% of 14918220 block reads hit VRAM, 569.8 MiB read from RAM
strata serve: prompt 34577 tokens = 34576 reused + 1 read in 3 ms (358.7 tok/s), 1 generated in 45 ms (22.4 tok/s), drafts accepted 0 of 0, 3 checkpoints
strata serve: decode expert cache hit rate: 34.5% (142 hits / 412 lookups)
strata serve: KV streaming: 99.05% of 14924388 block reads hit VRAM, 569.8 MiB read from RAM
strata serve: prompt 34578 tokens = 34577 reused + 1 read in 3 ms (359.3 tok/s), 1 generated in 45 ms (22.0 tok/s), drafts accepted 0 of 0, 3 checkpoints
strata serve: decode expert cache hit rate: 36.8% (154 hits / 419 lookups)
strata serve: KV streaming: 99.05% of 14930556 block reads hit VRAM, 569.8 MiB read from RAM
strata serve: prompt 34579 tokens = 34578 reused + 1 read in 3 ms (356.6 tok/s), 1 generated in 47 ms (21.4 tok/s), drafts accepted 0 of 0, 3 checkpoints
strata serve: decode expert cache hit rate: 34.0% (140 hits / 412 lookups)
strata serve: KV streaming: 99.05% of 14936712 block reads hit VRAM, 569.8 MiB read from RAM
strata serve: prompt 34580 tokens = 34579 reused + 1 read in 3 ms (358.2 tok/s), 1 generated in 46 ms (21.8 tok/s), drafts accepted 0 of 0, 3 checkpoints
strata serve: decode expert cache hit rate: 37.6% (157 hits / 417 lookups)
strata serve: KV streaming: 99.05% of 14942868 block reads hit VRAM, 569.9 MiB read from RAM
strata serve: prompt 34581 tokens = 34580 reused + 1 read in 3 ms (349.0 tok/s), 1 generated in 45 ms (22.2 tok/s), drafts accepted 0 of 0, 3 checkpoints
strata serve: decode expert cache hit rate: 36.9% (152 hits / 412 lookups)
strata serve: KV streaming: 99.05% of 14949036 block reads hit VRAM, 569.9 MiB read from RAM
strata serve: prompt 34582 tokens = 34581 reused + 1 read in 3 ms (342.8 tok/s), 1 generated in 43 ms (23.4 tok/s), drafts accepted 0 of 0, 3 checkpoints
strata serve: decode expert cache hit rate: 43.3% (182 hits / 420 lookups)
strata serve: KV streaming: 99.05% of 14955204 block reads hit VRAM, 569.9 MiB read from RAM
strata serve: prompt 34583 tokens = 34582 reused + 1 read in 3 ms (359.4 tok/s), 1 generated in 40 ms (25.0 tok/s), drafts accepted 0 of 0, 3 checkpoints
strata serve: decode expert cache hit rate: 46.0% (195 hits / 424 lookups)
strata serve: KV streaming: 99.05% of 14961360 block reads hit VRAM, 569.9 MiB read from RAM
strata serve: prompt 34584 tokens = 34583 reused + 1 read in 3 ms (360.6 tok/s), 1 generated in 40 ms (24.8 tok/s), drafts accepted 0 of 0, 3 checkpoints
strata serve: decode expert cache hit rate: 36.5% (151 hits / 414 lookups)
strata serve: KV streaming: 99.05% of 14967516 block reads hit VRAM, 569.9 MiB read from RAM
strata serve: prompt 34585 tokens = 34584 reused + 1 read in 3 ms (358.5 tok/s), 1 generated in 43 ms (23.4 tok/s), drafts accepted 0 of 0, 3 checkpoints
strata serve: decode expert cache hit rate: 29.8% (122 hits / 409 lookups)
strata serve: KV streaming: 99.06% of 14973684 block reads hit VRAM, 569.9 MiB read from RAM
strata serve: prompt 34586 tokens = 34585 reused + 1 read in 3 ms (358.7 tok/s), 1 generated in 42 ms (23.8 tok/s), drafts accepted 0 of 0, 3 checkpoints
strata serve: decode expert cache hit rate: 32.2% (133 hits / 413 lookups)
strata serve: KV streaming: 99.06% of 14979852 block reads hit VRAM, 569.9 MiB read from RAM
strata serve: prompt 34587 tokens = 34586 reused + 1 read in 3 ms (343.3 tok/s), 1 generated in 40 ms (25.0 tok/s), drafts accepted 0 of 0, 3 checkpoints
strata serve: decode expert cache hit rate: 43.2% (183 hits / 424 lookups)
strata serve: KV streaming: 99.06% of 14986008 block reads hit VRAM, 569.9 MiB read from RAM
strata serve: prompt 34588 tokens = 34587 reused + 1 read in 3 ms (358.4 tok/s), 1 generated in 46 ms (21.9 tok/s), drafts accepted 0 of 0, 3 checkpoints
strata serve: decode expert cache hit rate: 25.2% (101 hits / 401 lookups)
strata serve: KV streaming: 99.06% of 14992164 block reads hit VRAM, 569.9 MiB read from RAM
strata serve: prompt 34589 tokens = 34588 reused + 1 read in 3 ms (359.6 tok/s), 1 generated in 42 ms (23.6 tok/s), drafts accepted 0 of 0, 3 checkpoints
strata serve: decode expert cache hit rate: 33.3% (137 hits / 412 lookups)
strata serve: KV streaming: 99.06% of 14998332 block reads hit VRAM, 569.9 MiB read from RAM
strata serve: prompt 34590 tokens = 34589 reused + 1 read in 3 ms (358.6 tok/s), 1 generated in 40 ms (25.1 tok/s), drafts accepted 0 of 0, 3 checkpoints
strata serve: decode expert cache hit rate: 37.4% (155 hits / 414 lookups)
strata serve: KV streaming: 99.06% of 15004500 block reads hit VRAM, 569.9 MiB read from RAM
strata serve: prompt 34591 tokens = 34590 reused + 1 read in 3 ms (356.9 tok/s), 1 generated in 45 ms (22.2 tok/s), drafts accepted 0 of 0, 3 checkpoints
strata serve: decode expert cache hit rate: 30.5% (124 hits / 407 lookups)
strata serve: KV streaming: 99.06% of 15010656 block reads hit VRAM, 569.9 MiB read from RAM
strata serve: prompt 34592 tokens = 34591 reused + 1 read in 3 ms (356.5 tok/s), 1 generated in 41 ms (24.4 tok/s), drafts accepted 0 of 0, 3 checkpoints
strata serve: decode expert cache hit rate: 39.9% (167 hits / 419 lookups)
strata serve: KV streaming: 99.06% of 15016812 block reads hit VRAM, 569.9 MiB read from RAM
strata serve: prompt 34593 tokens = 34592 reused + 1 read in 3 ms (356.8 tok/s), 1 generated in 43 ms (23.4 tok/s), drafts accepted 0 of 0, 3 checkpoints
strata serve: decode expert cache hit rate: 32.2% (131 hits / 407 lookups)
strata serve: KV streaming: 99.06% of 15022980 block reads hit VRAM, 569.9 MiB read from RAM
strata serve: prompt 34594 tokens = 34593 reused + 1 read in 3 ms (357.6 tok/s), 1 generated in 43 ms (23.3 tok/s), drafts accepted 0 of 0, 3 checkpoints
strata serve: decode expert cache hit rate: 32.8% (135 hits / 411 lookups)
strata serve: KV streaming: 99.06% of 15029148 block reads hit VRAM, 569.9 MiB read from RAM
strata serve: prompt 34595 tokens = 34594 reused + 1 read in 3 ms (357.2 tok/s), 1 generated in 39 ms (25.9 tok/s), drafts accepted 0 of 0, 3 checkpoints
strata serve: decode expert cache hit rate: 45.2% (192 hits / 425 lookups)
strata serve: KV streaming: 99.06% of 15035304 block reads hit VRAM, 569.9 MiB read from RAM
strata serve: prompt 34596 tokens = 34595 reused + 1 read in 3 ms (357.1 tok/s), 1 generated in 40 ms (25.0 tok/s), drafts accepted 0 of 0, 3 checkpoints
strata serve: decode expert cache hit rate: 41.0% (172 hits / 420 lookups)
strata serve: KV streaming: 99.06% of 15041460 block reads hit VRAM, 569.9 MiB read from RAM
strata serve: prompt 34597 tokens = 34596 reused + 1 read in 3 ms (356.6 tok/s), 1 generated in 41 ms (24.5 tok/s), drafts accepted 0 of 0, 3 checkpoints
strata serve: decode expert cache hit rate: 39.0% (165 hits / 423 lookups)
strata serve: KV streaming: 99.06% of 15047628 block reads hit VRAM, 569.9 MiB read from RAM
strata serve: prompt 34598 tokens = 34597 reused + 1 read in 3 ms (357.1 tok/s), 1 generated in 40 ms (24.9 tok/s), drafts accepted 0 of 0, 3 checkpoints
strata serve: decode expert cache hit rate: 42.5% (181 hits / 426 lookups)
strata serve: KV streaming: 99.06% of 15053796 block reads hit VRAM, 569.9 MiB read from RAM
strata serve: prompt 34599 tokens = 34598 reused + 1 read in 3 ms (355.7 tok/s), 1 generated in 42 ms (23.6 tok/s), drafts accepted 0 of 0, 3 checkpoints
strata serve: decode expert cache hit rate: 37.6% (156 hits / 415 lookups)
strata serve: KV streaming: 99.06% of 15059952 block reads hit VRAM, 569.9 MiB read from RAM
strata serve: prompt 34600 tokens = 34599 reused + 1 read in 3 ms (360.0 tok/s), 1 generated in 43 ms (23.2 tok/s), drafts accepted 0 of 0, 3 checkpoints
strata serve: decode expert cache hit rate: 30.8% (125 hits / 406 lookups)
strata serve: KV streaming: 99.06% of 15066108 block reads hit VRAM, 569.9 MiB read from RAM
strata serve: prompt 34601 tokens = 34600 reused + 1 read in 3 ms (359.3 tok/s), 1 generated in 41 ms (24.4 tok/s), drafts accepted 0 of 0, 3 checkpoints
strata serve: decode expert cache hit rate: 38.0% (160 hits / 421 lookups)
strata serve: KV streaming: 99.06% of 15072276 block reads hit VRAM, 569.9 MiB read from RAM
strata serve: prompt 34602 tokens = 34601 reused + 1 read in 3 ms (358.1 tok/s), 1 generated in 43 ms (23.3 tok/s), drafts accepted 0 of 0, 3 checkpoints
strata serve: decode expert cache hit rate: 35.7% (149 hits / 417 lookups)
strata serve: KV streaming: 99.06% of 15078444 block reads hit VRAM, 569.9 MiB read from RAM
strata serve: prompt 34603 tokens = 34602 reused + 1 read in 3 ms (359.3 tok/s), 1 generated in 42 ms (23.8 tok/s), drafts accepted 0 of 0, 3 checkpoints
strata serve: decode expert cache hit rate: 34.1% (141 hits / 414 lookups)
strata serve: KV streaming: 99.06% of 15084600 block reads hit VRAM, 569.9 MiB read from RAM
strata serve: prompt 34604 tokens = 34603 reused + 1 read in 3 ms (346.6 tok/s), 1 generated in 41 ms (24.7 tok/s), drafts accepted 0 of 0, 3 checkpoints
strata serve: decode expert cache hit rate: 38.1% (158 hits / 415 lookups)
strata serve: KV streaming: 99.06% of 15090756 block reads hit VRAM, 569.9 MiB read from RAM
strata serve: prompt 34605 tokens = 34604 reused + 1 read in 3 ms (358.3 tok/s), 1 generated in 43 ms (23.3 tok/s), drafts accepted 0 of 0, 3 checkpoints
strata serve: decode expert cache hit rate: 41.7% (177 hits / 424 lookups)
strata serve: KV streaming: 99.06% of 15096924 block reads hit VRAM, 569.9 MiB read from RAM
strata serve: prompt 34606 tokens = 34605 reused + 1 read in 3 ms (359.2 tok/s), 1 generated in 45 ms (22.3 tok/s), drafts accepted 0 of 0, 3 checkpoints
strata serve: decode expert cache hit rate: 31.7% (130 hits / 410 lookups)
strata serve: KV streaming: 99.06% of 15103092 block reads hit VRAM, 569.9 MiB read from RAM
strata serve: prompt 34607 tokens = 34606 reused + 1 read in 3 ms (359.5 tok/s), 1 generated in 35 ms (28.3 tok/s), drafts accepted 0 of 0, 3 checkpoints
strata serve: decode expert cache hit rate: 55.9% (245 hits / 438 lookups)
strata serve: KV streaming: 99.06% of 15109248 block reads hit VRAM, 570.0 MiB read from RAM
strata serve: prompt 34608 tokens = 34607 reused + 1 read in 3 ms (358.4 tok/s), 1 generated in 42 ms (23.6 tok/s), drafts accepted 0 of 0, 3 checkpoints
strata serve: decode expert cache hit rate: 30.4% (125 hits / 411 lookups)
strata serve: KV streaming: 99.06% of 15115404 block reads hit VRAM, 570.0 MiB read from RAM
strata serve: prompt 34609 tokens = 34608 reused + 1 read in 3 ms (358.5 tok/s), 1 generated in 38 ms (26.4 tok/s), drafts accepted 0 of 0, 3 checkpoints
strata serve: decode expert cache hit rate: 47.2% (200 hits / 424 lookups)
strata serve: KV streaming: 99.06% of 15121572 block reads hit VRAM, 570.0 MiB read from RAM
strata serve: prompt 34610 tokens = 34609 reused + 1 read in 3 ms (359.0 tok/s), 1 generated in 37 ms (26.9 tok/s), drafts accepted 0 of 0, 3 checkpoints
strata serve: decode expert cache hit rate: 48.7% (209 hits / 429 lookups)
strata serve: KV streaming: 99.06% of 15127740 block reads hit VRAM, 570.0 MiB read from RAM
strata serve: prompt 34611 tokens = 34610 reused + 1 read in 3 ms (358.5 tok/s), 1 generated in 39 ms (25.4 tok/s), drafts accepted 0 of 0, 3 checkpoints
strata serve: decode expert cache hit rate: 45.0% (191 hits / 424 lookups)
strata serve: KV streaming: 99.07% of 15133896 block reads hit VRAM, 570.0 MiB read from RAM
strata serve: prompt 34612 tokens = 34611 reused + 1 read in 3 ms (356.7 tok/s), 1 generated in 39 ms (25.7 tok/s), drafts accepted 0 of 0, 3 checkpoints
strata serve: decode expert cache hit rate: 44.5% (190 hits / 427 lookups)
strata serve: KV streaming: 99.07% of 15140052 block reads hit VRAM, 570.0 MiB read from RAM
strata serve: prompt 34613 tokens = 34612 reused + 1 read in 3 ms (359.0 tok/s), 1 generated in 40 ms (25.2 tok/s), drafts accepted 0 of 0, 3 checkpoints
strata serve: decode expert cache hit rate: 47.3% (204 hits / 431 lookups)
strata serve: KV streaming: 99.07% of 15146220 block reads hit VRAM, 570.0 MiB read from RAM
strata serve: prompt 34614 tokens = 34613 reused + 1 read in 3 ms (358.7 tok/s), 1 generated in 42 ms (23.7 tok/s), drafts accepted 0 of 0, 3 checkpoints
strata serve: decode expert cache hit rate: 30.7% (126 hits / 410 lookups)
strata serve: KV streaming: 99.07% of 15152388 block reads hit VRAM, 570.0 MiB read from RAM
strata serve: prompt 34615 tokens = 34614 reused + 1 read in 3 ms (358.9 tok/s), 1 generated in 43 ms (23.1 tok/s), drafts accepted 0 of 0, 3 checkpoints
strata serve: decode expert cache hit rate: 28.2% (115 hits / 408 lookups)
strata serve: KV streaming: 99.07% of 15158544 block reads hit VRAM, 570.0 MiB read from RAM
strata serve: prompt 34616 tokens = 34615 reused + 1 read in 3 ms (355.1 tok/s), 1 generated in 43 ms (23.1 tok/s), drafts accepted 0 of 0, 3 checkpoints
strata serve: decode expert cache hit rate: 26.8% (109 hits / 406 lookups)
strata serve: KV streaming: 99.07% of 15164700 block reads hit VRAM, 570.0 MiB read from RAM
strata serve: prompt 34617 tokens = 34616 reused + 1 read in 3 ms (358.0 tok/s), 1 generated in 44 ms (22.8 tok/s), drafts accepted 0 of 0, 3 checkpoints
strata serve: decode expert cache hit rate: 26.9% (109 hits / 405 lookups)
strata serve: KV streaming: 99.07% of 15170868 block reads hit VRAM, 570.0 MiB read from RAM
strata serve: prompt 34618 tokens = 34617 reused + 1 read in 3 ms (346.9 tok/s), 1 generated in 42 ms (23.8 tok/s), drafts accepted 0 of 0, 3 checkpoints
strata serve: decode expert cache hit rate: 32.6% (133 hits / 408 lookups)
strata serve: KV streaming: 99.07% of 15177036 block reads hit VRAM, 570.0 MiB read from RAM
strata serve: prompt 34619 tokens = 34618 reused + 1 read in 3 ms (357.9 tok/s), 1 generated in 44 ms (22.7 tok/s), drafts accepted 0 of 0, 3 checkpoints
strata serve: decode expert cache hit rate: 26.3% (106 hits / 403 lookups)
strata serve: KV streaming: 99.07% of 15183192 block reads hit VRAM, 570.0 MiB read from RAM
strata serve: prompt 34620 tokens = 34619 reused + 1 read in 3 ms (359.2 tok/s), 1 generated in 45 ms (22.3 tok/s), drafts accepted 0 of 0, 3 checkpoints
strata serve: decode expert cache hit rate: 34.8% (145 hits / 417 lookups)
strata serve: KV streaming: 99.07% of 15189348 block reads hit VRAM, 570.0 MiB read from RAM
strata serve: prompt 34621 tokens = 34620 reused + 1 read in 3 ms (357.0 tok/s), 1 generated in 45 ms (22.1 tok/s), drafts accepted 0 of 0, 3 checkpoints
strata serve: decode expert cache hit rate: 29.2% (119 hits / 407 lookups)
strata serve: KV streaming: 99.07% of 15195516 block reads hit VRAM, 570.0 MiB read from RAM
strata serve: prompt 34622 tokens = 34621 reused + 1 read in 3 ms (359.1 tok/s), 1 generated in 42 ms (23.7 tok/s), drafts accepted 0 of 0, 3 checkpoints
strata serve: decode expert cache hit rate: 38.2% (159 hits / 416 lookups)
strata serve: KV streaming: 99.07% of 15201684 block reads hit VRAM, 570.0 MiB read from RAM
strata serve: prompt 34623 tokens = 34622 reused + 1 read in 3 ms (356.8 tok/s), 1 generated in 39 ms (25.9 tok/s), drafts accepted 0 of 0, 3 checkpoints
strata serve: decode expert cache hit rate: 44.1% (187 hits / 424 lookups)
strata serve: KV streaming: 99.07% of 15207840 block reads hit VRAM, 570.0 MiB read from RAM
strata serve: prompt 34624 tokens = 34623 reused + 1 read in 3 ms (359.1 tok/s), 1 generated in 46 ms (21.8 tok/s), drafts accepted 0 of 0, 3 checkpoints
strata serve: decode expert cache hit rate: 18.4% (73 hits / 396 lookups)
strata serve: KV streaming: 99.07% of 15213996 block reads hit VRAM, 570.0 MiB read from RAM
strata serve: prompt 34625 tokens = 34624 reused + 1 read in 3 ms (358.6 tok/s), 1 generated in 43 ms (23.0 tok/s), drafts accepted 0 of 0, 3 checkpoints
strata serve: decode expert cache hit rate: 27.5% (111 hits / 403 lookups)
strata serve: KV streaming: 99.07% of 15220164 block reads hit VRAM, 570.0 MiB read from RAM
strata serve: prompt 34626 tokens = 34625 reused + 1 read in 3 ms (358.0 tok/s), 1 generated in 41 ms (24.1 tok/s), drafts accepted 0 of 0, 3 checkpoints
strata serve: decode expert cache hit rate: 33.9% (141 hits / 416 lookups)
strata serve: KV streaming: 99.07% of 15226332 block reads hit VRAM, 570.0 MiB read from RAM
strata serve: prompt 34627 tokens = 34626 reused + 1 read in 3 ms (359.8 tok/s), 1 generated in 45 ms (22.3 tok/s), drafts accepted 0 of 0, 3 checkpoints
strata serve: decode expert cache hit rate: 25.1% (101 hits / 402 lookups)
strata serve: KV streaming: 99.07% of 15232488 block reads hit VRAM, 570.0 MiB read from RAM
strata serve: prompt 34628 tokens = 34627 reused + 1 read in 3 ms (359.8 tok/s), 1 generated in 38 ms (26.5 tok/s), drafts accepted 0 of 0, 3 checkpoints
strata serve: decode expert cache hit rate: 44.8% (192 hits / 429 lookups)
strata serve: KV streaming: 99.07% of 15238644 block reads hit VRAM, 570.0 MiB read from RAM
strata serve: prompt 34629 tokens = 34628 reused + 1 read in 3 ms (357.8 tok/s), 1 generated in 42 ms (23.7 tok/s), drafts accepted 0 of 0, 3 checkpoints
strata serve: decode expert cache hit rate: 29.7% (121 hits / 408 lookups)
strata serve: KV streaming: 99.07% of 15244812 block reads hit VRAM, 570.0 MiB read from RAM
strata serve: prompt 34630 tokens = 34629 reused + 1 read in 3 ms (358.3 tok/s), 1 generated in 40 ms (24.7 tok/s), drafts accepted 0 of 0, 3 checkpoints
strata serve: decode expert cache hit rate: 41.9% (178 hits / 425 lookups)
strata serve: KV streaming: 99.07% of 15250980 block reads hit VRAM, 570.0 MiB read from RAM
strata serve: prompt 34631 tokens = 34630 reused + 1 read in 3 ms (356.2 tok/s), 1 generated in 44 ms (22.5 tok/s), drafts accepted 0 of 0, 3 checkpoints
strata serve: decode expert cache hit rate: 24.9% (100 hits / 402 lookups)
strata serve: KV streaming: 99.07% of 15257136 block reads hit VRAM, 570.0 MiB read from RAM
strata serve: prompt 34632 tokens = 34631 reused + 1 read in 3 ms (359.4 tok/s), 1 generated in 43 ms (23.4 tok/s), drafts accepted 0 of 0, 3 checkpoints
strata serve: decode expert cache hit rate: 33.7% (138 hits / 409 lookups)
strata serve: KV streaming: 99.07% of 15263292 block reads hit VRAM, 570.0 MiB read from RAM
strata serve: prompt 34633 tokens = 34632 reused + 1 read in 3 ms (358.5 tok/s), 1 generated in 44 ms (22.7 tok/s), drafts accepted 0 of 0, 3 checkpoints
strata serve: decode expert cache hit rate: 30.8% (126 hits / 409 lookups)
strata serve: KV streaming: 99.07% of 15269460 block reads hit VRAM, 570.0 MiB read from RAM
strata serve: prompt 34634 tokens = 34633 reused + 1 read in 3 ms (360.4 tok/s), 1 generated in 44 ms (22.9 tok/s), drafts accepted 0 of 0, 3 checkpoints
strata serve: decode expert cache hit rate: 28.9% (118 hits / 408 lookups)
strata serve: KV streaming: 99.07% of 15275628 block reads hit VRAM, 570.0 MiB read from RAM
strata serve: prompt 34635 tokens = 34634 reused + 1 read in 3 ms (356.3 tok/s), 1 generated in 37 ms (27.0 tok/s), drafts accepted 0 of 0, 3 checkpoints
strata serve: decode expert cache hit rate: 48.0% (208 hits / 433 lookups)
strata serve: KV streaming: 99.07% of 15281784 block reads hit VRAM, 570.0 MiB read from RAM
strata serve: prompt 34636 tokens = 34635 reused + 1 read in 3 ms (358.7 tok/s), 1 generated in 44 ms (22.5 tok/s), drafts accepted 0 of 0, 3 checkpoints
strata serve: decode expert cache hit rate: 29.2% (119 hits / 408 lookups)
strata serve: KV streaming: 99.07% of 15287940 block reads hit VRAM, 570.0 MiB read from RAM
strata serve: prompt 34637 tokens = 34636 reused + 1 read in 3 ms (358.4 tok/s), 1 generated in 41 ms (24.6 tok/s), drafts accepted 0 of 0, 3 checkpoints
strata serve: decode expert cache hit rate: 37.3% (155 hits / 416 lookups)
strata serve: KV streaming: 99.07% of 15294108 block reads hit VRAM, 570.0 MiB read from RAM
strata serve: prompt 34638 tokens = 34637 reused + 1 read in 3 ms (359.3 tok/s), 1 generated in 40 ms (24.8 tok/s), drafts accepted 0 of 0, 3 checkpoints
strata serve: decode expert cache hit rate: 38.7% (162 hits / 419 lookups)
strata serve: KV streaming: 99.08% of 15300276 block reads hit VRAM, 570.0 MiB read from RAM
strata serve: prompt 34639 tokens = 34638 reused + 1 read in 3 ms (360.3 tok/s), 1 generated in 43 ms (23.1 tok/s), drafts accepted 0 of 0, 3 checkpoints
strata serve: decode expert cache hit rate: 35.2% (146 hits / 415 lookups)
strata serve: KV streaming: 99.08% of 15306432 block reads hit VRAM, 570.0 MiB read from RAM
strata serve: prompt 34640 tokens = 34639 reused + 1 read in 3 ms (359.9 tok/s), 1 generated in 39 ms (25.9 tok/s), drafts accepted 0 of 0, 3 checkpoints
strata serve: decode expert cache hit rate: 43.6% (185 hits / 424 lookups)
strata serve: KV streaming: 99.08% of 15312588 block reads hit VRAM, 570.0 MiB read from RAM
strata serve: prompt 34641 tokens = 34640 reused + 1 read in 3 ms (359.9 tok/s), 1 generated in 42 ms (24.0 tok/s), drafts accepted 0 of 0, 3 checkpoints
strata serve: decode expert cache hit rate: 35.1% (146 hits / 416 lookups)
strata serve: KV streaming: 99.08% of 15318756 block reads hit VRAM, 570.0 MiB read from RAM
strata serve: prompt 34642 tokens = 34641 reused + 1 read in 3 ms (358.7 tok/s), 1 generated in 38 ms (26.4 tok/s), drafts accepted 0 of 0, 3 checkpoints
strata serve: decode expert cache hit rate: 44.4% (188 hits / 423 lookups)
strata serve: KV streaming: 99.08% of 15324924 block reads hit VRAM, 570.1 MiB read from RAM
strata serve: prompt 34643 tokens = 34642 reused + 1 read in 3 ms (353.6 tok/s), 1 generated in 42 ms (24.0 tok/s), drafts accepted 0 of 0, 3 checkpoints
strata serve: decode expert cache hit rate: 35.7% (148 hits / 415 lookups)
strata serve: KV streaming: 99.08% of 15331080 block reads hit VRAM, 570.1 MiB read from RAM
strata serve: prompt 34644 tokens = 34643 reused + 1 read in 3 ms (360.3 tok/s), 1 generated in 44 ms (22.8 tok/s), drafts accepted 0 of 0, 3 checkpoints
strata serve: decode expert cache hit rate: 30.4% (125 hits / 411 lookups)
strata serve: KV streaming: 99.08% of 15337236 block reads hit VRAM, 570.1 MiB read from RAM
strata serve: prompt 34645 tokens = 34644 reused + 1 read in 3 ms (359.3 tok/s), 1 generated in 44 ms (22.8 tok/s), drafts accepted 0 of 0, 3 checkpoints
strata serve: decode expert cache hit rate: 30.6% (125 hits / 409 lookups)
strata serve: KV streaming: 99.08% of 15343404 block reads hit VRAM, 570.1 MiB read from RAM
strata serve: prompt 34646 tokens = 34645 reused + 1 read in 3 ms (359.4 tok/s), 1 generated in 42 ms (24.1 tok/s), drafts accepted 0 of 0, 3 checkpoints
strata serve: decode expert cache hit rate: 34.0% (141 hits / 415 lookups)
strata serve: KV streaming: 99.08% of 15349572 block reads hit VRAM, 570.1 MiB read from RAM
strata serve: prompt 34647 tokens = 34646 reused + 1 read in 3 ms (358.7 tok/s), 1 generated in 43 ms (23.2 tok/s), drafts accepted 0 of 0, 3 checkpoints
strata serve: decode expert cache hit rate: 25.6% (102 hits / 398 lookups)
strata serve: KV streaming: 99.08% of 15355728 block reads hit VRAM, 570.1 MiB read from RAM
strata serve: prompt 34648 tokens = 34647 reused + 1 read in 3 ms (359.1 tok/s), 1 generated in 44 ms (22.5 tok/s), drafts accepted 0 of 0, 3 checkpoints
strata serve: decode expert cache hit rate: 25.7% (103 hits / 401 lookups)
strata serve: KV streaming: 99.08% of 15361884 block reads hit VRAM, 570.1 MiB read from RAM
strata serve: prompt 34649 tokens = 34648 reused + 1 read in 3 ms (358.1 tok/s), 1 generated in 38 ms (26.7 tok/s), drafts accepted 0 of 0, 3 checkpoints
strata serve: decode expert cache hit rate: 47.3% (204 hits / 431 lookups)
strata serve: KV streaming: 99.08% of 15368052 block reads hit VRAM, 570.1 MiB read from RAM
strata serve: prompt 34650 tokens = 34649 reused + 1 read in 3 ms (359.8 tok/s), 1 generated in 42 ms (23.6 tok/s), drafts accepted 0 of 0, 3 checkpoints
strata serve: decode expert cache hit rate: 32.0% (132 hits / 413 lookups)
strata serve: KV streaming: 99.08% of 15374220 block reads hit VRAM, 570.1 MiB read from RAM
strata serve: prompt 34651 tokens = 34650 reused + 1 read in 3 ms (359.3 tok/s), 1 generated in 39 ms (25.5 tok/s), drafts accepted 0 of 0, 3 checkpoints
strata serve: decode expert cache hit rate: 41.7% (176 hits / 422 lookups)
strata serve: KV streaming: 99.08% of 15380376 block reads hit VRAM, 570.1 MiB read from RAM
strata serve: prompt 34652 tokens = 34651 reused + 1 read in 3 ms (359.5 tok/s), 1 generated in 43 ms (23.2 tok/s), drafts accepted 0 of 0, 3 checkpoints
strata serve: decode expert cache hit rate: 26.0% (105 hits / 404 lookups)
strata serve: KV streaming: 99.08% of 15386532 block reads hit VRAM, 570.1 MiB read from RAM
strata serve: prompt 34653 tokens = 34652 reused + 1 read in 3 ms (358.6 tok/s), 1 generated in 42 ms (23.8 tok/s), drafts accepted 0 of 0, 3 checkpoints
strata serve: decode expert cache hit rate: 35.8% (149 hits / 416 lookups)
strata serve: KV streaming: 99.08% of 15392700 block reads hit VRAM, 570.1 MiB read from RAM
strata serve: prompt 34654 tokens = 34653 reused + 1 read in 3 ms (359.3 tok/s), 1 generated in 38 ms (26.3 tok/s), drafts accepted 0 of 0, 3 checkpoints
strata serve: decode expert cache hit rate: 44.6% (190 hits / 426 lookups)
strata serve: KV streaming: 99.08% of 15398868 block reads hit VRAM, 570.1 MiB read from RAM
strata serve: prompt 34655 tokens = 34654 reused + 1 read in 3 ms (359.3 tok/s), 1 generated in 41 ms (24.1 tok/s), drafts accepted 0 of 0, 3 checkpoints
strata serve: decode expert cache hit rate: 34.6% (144 hits / 416 lookups)
strata serve: KV streaming: 99.08% of 15405024 block reads hit VRAM, 570.1 MiB read from RAM
strata serve: prompt 34656 tokens = 34655 reused + 1 read in 3 ms (359.1 tok/s), 1 generated in 41 ms (24.3 tok/s), drafts accepted 0 of 0, 3 checkpoints
strata serve: decode expert cache hit rate: 35.4% (146 hits / 412 lookups)
strata serve: KV streaming: 99.08% of 15411180 block reads hit VRAM, 570.2 MiB read from RAM
strata serve: prompt 34657 tokens = 34656 reused + 1 read in 3 ms (358.0 tok/s), 1 generated in 38 ms (26.0 tok/s), drafts accepted 0 of 0, 3 checkpoints
strata serve: decode expert cache hit rate: 44.0% (187 hits / 425 lookups)
strata serve: KV streaming: 99.08% of 15417348 block reads hit VRAM, 570.2 MiB read from RAM
strata serve: prompt 34658 tokens = 34657 reused + 1 read in 3 ms (358.4 tok/s), 1 generated in 41 ms (24.3 tok/s), drafts accepted 0 of 0, 3 checkpoints
strata serve: decode expert cache hit rate: 34.4% (142 hits / 413 lookups)
strata serve: KV streaming: 99.08% of 15423516 block reads hit VRAM, 570.2 MiB read from RAM
strata serve: prompt 34659 tokens = 34658 reused + 1 read in 3 ms (359.1 tok/s), 1 generated in 38 ms (26.3 tok/s), drafts accepted 0 of 0, 3 checkpoints
strata serve: decode expert cache hit rate: 47.2% (203 hits / 430 lookups)
strata serve: KV streaming: 99.08% of 15429672 block reads hit VRAM, 570.2 MiB read from RAM
strata serve: prompt 34660 tokens = 34659 reused + 1 read in 3 ms (358.8 tok/s), 1 generated in 44 ms (22.6 tok/s), drafts accepted 0 of 0, 3 checkpoints
strata serve: decode expert cache hit rate: 26.0% (106 hits / 408 lookups)
strata serve: KV streaming: 99.08% of 15435828 block reads hit VRAM, 570.2 MiB read from RAM
strata serve: prompt 34661 tokens = 34660 reused + 1 read in 3 ms (357.9 tok/s), 1 generated in 38 ms (26.5 tok/s), drafts accepted 0 of 0, 3 checkpoints
strata serve: decode expert cache hit rate: 45.9% (195 hits / 425 lookups)
strata serve: KV streaming: 99.08% of 15441996 block reads hit VRAM, 570.2 MiB read from RAM
strata serve: prompt 34662 tokens = 34661 reused + 1 read in 3 ms (358.5 tok/s), 1 generated in 38 ms (26.5 tok/s), drafts accepted 0 of 0, 3 checkpoints
strata serve: decode expert cache hit rate: 49.4% (213 hits / 431 lookups)
strata serve: KV streaming: 99.08% of 15448164 block reads hit VRAM, 570.2 MiB read from RAM
strata serve: prompt 34663 tokens = 34662 reused + 1 read in 3 ms (359.1 tok/s), 1 generated in 37 ms (27.2 tok/s), drafts accepted 0 of 0, 3 checkpoints
strata serve: decode expert cache hit rate: 56.0% (243 hits / 434 lookups)
strata serve: KV streaming: 99.08% of 15454320 block reads hit VRAM, 570.2 MiB read from RAM
strata serve: prompt 34664 tokens = 34663 reused + 1 read in 3 ms (359.4 tok/s), 1 generated in 41 ms (24.5 tok/s), drafts accepted 0 of 0, 3 checkpoints
strata serve: decode expert cache hit rate: 38.7% (161 hits / 416 lookups)
strata serve: KV streaming: 99.08% of 15460476 block reads hit VRAM, 570.2 MiB read from RAM
strata serve: prompt 34665 tokens = 34664 reused + 1 read in 3 ms (358.4 tok/s), 1 generated in 43 ms (23.4 tok/s), drafts accepted 0 of 0, 3 checkpoints
strata serve: decode expert cache hit rate: 29.0% (118 hits / 407 lookups)
strata serve: KV streaming: 99.08% of 15466644 block reads hit VRAM, 570.2 MiB read from RAM
strata serve: prompt 34666 tokens = 34665 reused + 1 read in 3 ms (358.5 tok/s), 1 generated in 41 ms (24.4 tok/s), drafts accepted 0 of 0, 3 checkpoints
strata serve: decode expert cache hit rate: 37.6% (156 hits / 415 lookups)
strata serve: KV streaming: 99.09% of 15472812 block reads hit VRAM, 570.2 MiB read from RAM
strata serve: prompt 34667 tokens = 34666 reused + 1 read in 3 ms (355.4 tok/s), 1 generated in 45 ms (22.2 tok/s), drafts accepted 0 of 0, 3 checkpoints
strata serve: decode expert cache hit rate: 28.9% (118 hits / 408 lookups)
strata serve: KV streaming: 99.09% of 15478968 block reads hit VRAM, 570.2 MiB read from RAM
strata serve: prompt 34668 tokens = 34667 reused + 1 read in 3 ms (359.7 tok/s), 1 generated in 44 ms (22.6 tok/s), drafts accepted 0 of 0, 3 checkpoints
strata serve: decode expert cache hit rate: 26.4% (106 hits / 401 lookups)
strata serve: KV streaming: 99.09% of 15485124 block reads hit VRAM, 570.2 MiB read from RAM
strata serve: prompt 34669 tokens = 34668 reused + 1 read in 3 ms (359.6 tok/s), 1 generated in 40 ms (25.2 tok/s), drafts accepted 0 of 0, 3 checkpoints
strata serve: decode expert cache hit rate: 40.3% (169 hits / 419 lookups)
strata serve: KV streaming: 99.09% of 15491292 block reads hit VRAM, 570.2 MiB read from RAM
strata serve: prompt 34670 tokens = 34669 reused + 1 read in 3 ms (359.5 tok/s), 1 generated in 39 ms (25.7 tok/s), drafts accepted 0 of 0, 3 checkpoints
strata serve: decode expert cache hit rate: 39.0% (165 hits / 423 lookups)
strata serve: KV streaming: 99.09% of 15497460 block reads hit VRAM, 570.2 MiB read from RAM
strata serve: prompt 34671 tokens = 34670 reused + 1 read in 3 ms (358.3 tok/s), 1 generated in 41 ms (24.7 tok/s), drafts accepted 0 of 0, 3 checkpoints
strata serve: decode expert cache hit rate: 36.1% (150 hits / 415 lookups)
strata serve: KV streaming: 99.09% of 15503616 block reads hit VRAM, 570.2 MiB read from RAM
strata serve: prompt 34672 tokens = 34671 reused + 1 read in 3 ms (358.4 tok/s), 1 generated in 43 ms (23.5 tok/s), drafts accepted 0 of 0, 3 checkpoints
strata serve: decode expert cache hit rate: 29.8% (122 hits / 410 lookups)
strata serve: KV streaming: 99.09% of 15509772 block reads hit VRAM, 570.2 MiB read from RAM
strata serve: prompt 34673 tokens = 34672 reused + 1 read in 3 ms (356.9 tok/s), 1 generated in 43 ms (23.5 tok/s), drafts accepted 0 of 0, 3 checkpoints
strata serve: decode expert cache hit rate: 32.4% (133 hits / 411 lookups)
strata serve: KV streaming: 99.09% of 15515940 block reads hit VRAM, 570.2 MiB read from RAM
strata serve: prompt 34674 tokens = 34673 reused + 1 read in 3 ms (359.4 tok/s), 1 generated in 40 ms (25.1 tok/s), drafts accepted 0 of 0, 3 checkpoints
strata serve: decode expert cache hit rate: 38.2% (159 hits / 416 lookups)
strata serve: KV streaming: 99.09% of 15522108 block reads hit VRAM, 570.2 MiB read from RAM
strata serve: prompt 34675 tokens = 34674 reused + 1 read in 3 ms (358.9 tok/s), 1 generated in 43 ms (23.5 tok/s), drafts accepted 0 of 0, 3 checkpoints
strata serve: decode expert cache hit rate: 30.3% (124 hits / 409 lookups)
strata serve: KV streaming: 99.09% of 15528264 block reads hit VRAM, 570.2 MiB read from RAM
strata serve: prompt 34676 tokens = 34675 reused + 1 read in 3 ms (359.1 tok/s), 1 generated in 44 ms (22.6 tok/s), drafts accepted 0 of 0, 3 checkpoints
strata serve: decode expert cache hit rate: 32.4% (132 hits / 408 lookups)
strata serve: KV streaming: 99.09% of 15534420 block reads hit VRAM, 570.2 MiB read from RAM
strata serve: prompt 34677 tokens = 34676 reused + 1 read in 3 ms (357.4 tok/s), 1 generated in 45 ms (22.4 tok/s), drafts accepted 0 of 0, 3 checkpoints
strata serve: decode expert cache hit rate: 32.1% (132 hits / 411 lookups)
strata serve: KV streaming: 99.09% of 15540588 block reads hit VRAM, 570.2 MiB read from RAM
strata serve: prompt 34678 tokens = 34677 reused + 1 read in 3 ms (354.3 tok/s), 1 generated in 43 ms (23.4 tok/s), drafts accepted 0 of 0, 3 checkpoints
strata serve: decode expert cache hit rate: 32.8% (135 hits / 412 lookups)
strata serve: KV streaming: 99.09% of 15546756 block reads hit VRAM, 570.3 MiB read from RAM
strata serve: prompt 34679 tokens = 34678 reused + 1 read in 3 ms (358.2 tok/s), 1 generated in 42 ms (23.9 tok/s), drafts accepted 0 of 0, 3 checkpoints
strata serve: decode expert cache hit rate: 42.8% (180 hits / 421 lookups)
strata serve: KV streaming: 99.09% of 15552912 block reads hit VRAM, 570.3 MiB read from RAM
strata serve: prompt 34680 tokens = 34679 reused + 1 read in 3 ms (360.1 tok/s), 1 generated in 45 ms (22.3 tok/s), drafts accepted 0 of 0, 3 checkpoints
strata serve: decode expert cache hit rate: 28.7% (116 hits / 404 lookups)
strata serve: KV streaming: 99.09% of 15559068 block reads hit VRAM, 570.3 MiB read from RAM
strata serve: prompt 34681 tokens = 34680 reused + 1 read in 3 ms (359.5 tok/s), 1 generated in 46 ms (21.9 tok/s), drafts accepted 0 of 0, 3 checkpoints
strata serve: decode expert cache hit rate: 28.7% (116 hits / 404 lookups)
strata serve: KV streaming: 99.09% of 15565236 block reads hit VRAM, 570.3 MiB read from RAM
strata serve: prompt 34682 tokens = 34681 reused + 1 read in 3 ms (360.1 tok/s), 1 generated in 42 ms (23.7 tok/s), drafts accepted 0 of 0, 3 checkpoints
strata serve: decode expert cache hit rate: 37.6% (157 hits / 417 lookups)
strata serve: KV streaming: 99.09% of 15571404 block reads hit VRAM, 570.3 MiB read from RAM
strata serve: prompt 34683 tokens = 34682 reused + 1 read in 3 ms (354.3 tok/s), 1 generated in 36 ms (27.5 tok/s), drafts accepted 0 of 0, 3 checkpoints
strata serve: decode expert cache hit rate: 52.5% (228 hits / 434 lookups)
strata serve: KV streaming: 99.09% of 15577560 block reads hit VRAM, 570.3 MiB read from RAM
strata serve: prompt 34684 tokens = 34683 reused + 1 read in 3 ms (357.9 tok/s), 1 generated in 41 ms (24.4 tok/s), drafts accepted 0 of 0, 3 checkpoints
strata serve: decode expert cache hit rate: 38.1% (159 hits / 417 lookups)
strata serve: KV streaming: 99.09% of 15583716 block reads hit VRAM, 570.3 MiB read from RAM
strata serve: prompt 34685 tokens = 34684 reused + 1 read in 3 ms (357.5 tok/s), 1 generated in 39 ms (25.8 tok/s), drafts accepted 0 of 0, 3 checkpoints
strata serve: decode expert cache hit rate: 45.0% (193 hits / 429 lookups)
strata serve: KV streaming: 99.09% of 15589884 block reads hit VRAM, 570.3 MiB read from RAM
strata serve: prompt 34686 tokens = 34685 reused + 1 read in 3 ms (358.8 tok/s), 1 generated in 47 ms (21.1 tok/s), drafts accepted 0 of 0, 3 checkpoints
strata serve: decode expert cache hit rate: 28.9% (118 hits / 408 lookups)
strata serve: KV streaming: 99.09% of 15596052 block reads hit VRAM, 570.3 MiB read from RAM
strata serve: prompt 34687 tokens = 34686 reused + 1 read in 3 ms (359.5 tok/s), 1 generated in 46 ms (21.8 tok/s), drafts accepted 0 of 0, 3 checkpoints
strata serve: decode expert cache hit rate: 27.5% (111 hits / 404 lookups)
strata serve: KV streaming: 99.09% of 15602208 block reads hit VRAM, 570.3 MiB read from RAM
strata serve: prompt 34688 tokens = 34687 reused + 1 read in 3 ms (358.8 tok/s), 1 generated in 45 ms (22.3 tok/s), drafts accepted 0 of 0, 3 checkpoints
strata serve: decode expert cache hit rate: 31.2% (128 hits / 410 lookups)
strata serve: KV streaming: 99.09% of 15608364 block reads hit VRAM, 570.3 MiB read from RAM
strata serve: prompt 34689 tokens = 34688 reused + 1 read in 3 ms (359.1 tok/s), 1 generated in 44 ms (22.5 tok/s), drafts accepted 0 of 0, 3 checkpoints
strata serve: decode expert cache hit rate: 25.3% (102 hits / 403 lookups)
strata serve: KV streaming: 99.09% of 15614532 block reads hit VRAM, 570.3 MiB read from RAM
strata serve: prompt 34690 tokens = 34689 reused + 1 read in 3 ms (360.0 tok/s), 1 generated in 44 ms (22.8 tok/s), drafts accepted 0 of 0, 3 checkpoints
strata serve: decode expert cache hit rate: 24.2% (98 hits / 405 lookups)
strata serve: KV streaming: 99.09% of 15620700 block reads hit VRAM, 570.3 MiB read from RAM
strata serve: prompt 34691 tokens = 34690 reused + 1 read in 3 ms (357.5 tok/s), 1 generated in 39 ms (25.4 tok/s), drafts accepted 0 of 0, 3 checkpoints
strata serve: decode expert cache hit rate: 45.1% (192 hits / 426 lookups)
strata serve: KV streaming: 99.09% of 15626856 block reads hit VRAM, 570.3 MiB read from RAM
strata serve: prompt 34692 tokens = 34691 reused + 1 read in 3 ms (356.3 tok/s), 1 generated in 43 ms (23.2 tok/s), drafts accepted 0 of 0, 3 checkpoints
strata serve: decode expert cache hit rate: 27.6% (113 hits / 409 lookups)
strata serve: KV streaming: 99.09% of 15633012 block reads hit VRAM, 570.3 MiB read from RAM
strata serve: prompt 34693 tokens = 34692 reused + 1 read in 3 ms (358.9 tok/s), 1 generated in 43 ms (23.5 tok/s), drafts accepted 0 of 0, 3 checkpoints
strata serve: decode expert cache hit rate: 28.6% (117 hits / 409 lookups)
strata serve: KV streaming: 99.09% of 15639180 block reads hit VRAM, 570.3 MiB read from RAM
strata serve: prompt 34694 tokens = 34693 reused + 1 read in 3 ms (343.4 tok/s), 1 generated in 47 ms (21.1 tok/s), drafts accepted 0 of 0, 3 checkpoints
strata serve: decode expert cache hit rate: 39.6% (165 hits / 417 lookups)
strata serve: KV streaming: 99.10% of 15645348 block reads hit VRAM, 570.3 MiB read from RAM
strata serve: prompt 34695 tokens = 34694 reused + 1 read in 3 ms (359.7 tok/s), 1 generated in 40 ms (25.1 tok/s), drafts accepted 0 of 0, 3 checkpoints
strata serve: decode expert cache hit rate: 42.2% (180 hits / 427 lookups)
strata serve: KV streaming: 99.10% of 15651504 block reads hit VRAM, 570.3 MiB read from RAM
strata serve: prompt 34696 tokens = 34695 reused + 1 read in 3 ms (359.8 tok/s), 1 generated in 41 ms (24.3 tok/s), drafts accepted 0 of 0, 3 checkpoints
strata serve: decode expert cache hit rate: 34.1% (141 hits / 414 lookups)
strata serve: KV streaming: 99.10% of 15657660 block reads hit VRAM, 570.4 MiB read from RAM
strata serve: prompt 34697 tokens = 34696 reused + 1 read in 3 ms (359.8 tok/s), 1 generated in 43 ms (23.2 tok/s), drafts accepted 0 of 0, 3 checkpoints
strata serve: decode expert cache hit rate: 31.0% (127 hits / 410 lookups)
strata serve: KV streaming: 99.10% of 15663828 block reads hit VRAM, 570.4 MiB read from RAM
strata serve: prompt 34698 tokens = 34697 reused + 1 read in 3 ms (357.3 tok/s), 1 generated in 42 ms (23.8 tok/s), drafts accepted 0 of 0, 3 checkpoints
strata serve: decode expert cache hit rate: 31.8% (131 hits / 412 lookups)
strata serve: KV streaming: 99.10% of 15669996 block reads hit VRAM, 570.4 MiB read from RAM
strata serve: prompt 34699 tokens = 34698 reused + 1 read in 3 ms (358.7 tok/s), 1 generated in 41 ms (24.2 tok/s), drafts accepted 0 of 0, 3 checkpoints
strata serve: decode expert cache hit rate: 37.6% (158 hits / 420 lookups)
strata serve: KV streaming: 99.10% of 15676152 block reads hit VRAM, 570.4 MiB read from RAM
strata serve: prompt 34700 tokens = 34699 reused + 1 read in 3 ms (358.4 tok/s), 1 generated in 44 ms (22.7 tok/s), drafts accepted 0 of 0, 3 checkpoints
strata serve: decode expert cache hit rate: 25.8% (104 hits / 403 lookups)
strata serve: KV streaming: 99.10% of 15682308 block reads hit VRAM, 570.4 MiB read from RAM
strata serve: prompt 34701 tokens = 34700 reused + 1 read in 3 ms (358.4 tok/s), 1 generated in 39 ms (25.5 tok/s), drafts accepted 0 of 0, 3 checkpoints
strata serve: decode expert cache hit rate: 40.1% (168 hits / 419 lookups)
strata serve: KV streaming: 99.10% of 15688476 block reads hit VRAM, 570.4 MiB read from RAM
strata serve: prompt 34702 tokens = 34701 reused + 1 read in 3 ms (360.8 tok/s), 1 generated in 43 ms (23.5 tok/s), drafts accepted 0 of 0, 3 checkpoints
strata serve: decode expert cache hit rate: 28.3% (115 hits / 407 lookups)
strata serve: KV streaming: 99.10% of 15694644 block reads hit VRAM, 570.4 MiB read from RAM
strata serve: prompt 34703 tokens = 34702 reused + 1 read in 3 ms (360.5 tok/s), 1 generated in 41 ms (24.3 tok/s), drafts accepted 0 of 0, 3 checkpoints
strata serve: decode expert cache hit rate: 34.9% (146 hits / 418 lookups)
strata serve: KV streaming: 99.10% of 15700800 block reads hit VRAM, 570.4 MiB read from RAM
strata serve: prompt 34704 tokens = 34703 reused + 1 read in 3 ms (359.5 tok/s), 1 generated in 41 ms (24.5 tok/s), drafts accepted 0 of 0, 3 checkpoints
strata serve: decode expert cache hit rate: 35.7% (148 hits / 414 lookups)
strata serve: KV streaming: 99.10% of 15706956 block reads hit VRAM, 570.4 MiB read from RAM
strata serve: prompt 34705 tokens = 34704 reused + 1 read in 3 ms (359.1 tok/s), 1 generated in 40 ms (25.2 tok/s), drafts accepted 0 of 0, 3 checkpoints
strata serve: decode expert cache hit rate: 36.5% (152 hits / 416 lookups)
strata serve: KV streaming: 99.10% of 15713124 block reads hit VRAM, 570.4 MiB read from RAM
strata serve: prompt 34706 tokens = 34705 reused + 1 read in 3 ms (360.2 tok/s), 1 generated in 44 ms (22.7 tok/s), drafts accepted 0 of 0, 3 checkpoints
strata serve: decode expert cache hit rate: 32.7% (134 hits / 410 lookups)
strata serve: KV streaming: 99.10% of 15719292 block reads hit VRAM, 570.4 MiB read from RAM
strata serve: prompt 34707 tokens = 34706 reused + 1 read in 3 ms (360.0 tok/s), 1 generated in 47 ms (21.5 tok/s), drafts accepted 0 of 0, 3 checkpoints
strata serve: decode expert cache hit rate: 25.7% (104 hits / 404 lookups)
strata serve: KV streaming: 99.10% of 15725448 block reads hit VRAM, 570.4 MiB read from RAM
strata serve: prompt 34708 tokens = 34707 reused + 1 read in 3 ms (360.5 tok/s), 1 generated in 46 ms (21.9 tok/s), drafts accepted 0 of 0, 3 checkpoints
strata serve: decode expert cache hit rate: 25.1% (102 hits / 407 lookups)
strata serve: KV streaming: 99.10% of 15731604 block reads hit VRAM, 570.4 MiB read from RAM
strata serve: prompt 34709 tokens = 34708 reused + 1 read in 3 ms (357.4 tok/s), 1 generated in 42 ms (24.0 tok/s), drafts accepted 0 of 0, 3 checkpoints
strata serve: decode expert cache hit rate: 33.7% (138 hits / 409 lookups)
strata serve: KV streaming: 99.10% of 15737772 block reads hit VRAM, 570.4 MiB read from RAM
strata serve: prompt 34710 tokens = 34709 reused + 1 read in 3 ms (360.1 tok/s), 1 generated in 42 ms (23.6 tok/s), drafts accepted 0 of 0, 3 checkpoints
strata serve: decode expert cache hit rate: 28.7% (117 hits / 407 lookups)
strata serve: KV streaming: 99.10% of 15743940 block reads hit VRAM, 570.4 MiB read from RAM
strata serve: prompt 34711 tokens = 34710 reused + 1 read in 3 ms (358.3 tok/s), 1 generated in 42 ms (23.7 tok/s), drafts accepted 0 of 0, 3 checkpoints
strata serve: decode expert cache hit rate: 29.1% (120 hits / 412 lookups)
strata serve: KV streaming: 99.10% of 15750096 block reads hit VRAM, 570.4 MiB read from RAM
strata serve: prompt 34712 tokens = 34711 reused + 1 read in 3 ms (358.2 tok/s), 1 generated in 43 ms (23.4 tok/s), drafts accepted 0 of 0, 3 checkpoints
strata serve: decode expert cache hit rate: 27.0% (110 hits / 407 lookups)
strata serve: KV streaming: 99.10% of 15756252 block reads hit VRAM, 570.4 MiB read from RAM
strata serve: prompt 34713 tokens = 34712 reused + 1 read in 3 ms (358.5 tok/s), 1 generated in 39 ms (25.5 tok/s), drafts accepted 0 of 0, 3 checkpoints
strata serve: decode expert cache hit rate: 41.8% (177 hits / 423 lookups)
strata serve: KV streaming: 99.10% of 15762420 block reads hit VRAM, 570.4 MiB read from RAM
strata serve: prompt 34714 tokens = 34713 reused + 1 read in 3 ms (360.3 tok/s), 1 generated in 44 ms (22.5 tok/s), drafts accepted 0 of 0, 3 checkpoints
strata serve: decode expert cache hit rate: 29.1% (119 hits / 409 lookups)
strata serve: KV streaming: 99.10% of 15768588 block reads hit VRAM, 570.4 MiB read from RAM
strata serve: prompt 34715 tokens = 34714 reused + 1 read in 3 ms (359.2 tok/s), 1 generated in 46 ms (21.6 tok/s), drafts accepted 0 of 0, 3 checkpoints
strata serve: decode expert cache hit rate: 24.2% (97 hits / 400 lookups)
strata serve: KV streaming: 99.10% of 15774744 block reads hit VRAM, 570.4 MiB read from RAM
strata serve: prompt 34716 tokens = 34715 reused + 1 read in 3 ms (359.6 tok/s), 1 generated in 46 ms (21.8 tok/s), drafts accepted 0 of 0, 3 checkpoints
strata serve: decode expert cache hit rate: 26.9% (109 hits / 405 lookups)
strata serve: KV streaming: 99.10% of 15780900 block reads hit VRAM, 570.4 MiB read from RAM
strata serve: prompt 34717 tokens = 34716 reused + 1 read in 3 ms (359.8 tok/s), 1 generated in 43 ms (23.2 tok/s), drafts accepted 0 of 0, 3 checkpoints
strata serve: decode expert cache hit rate: 32.3% (132 hits / 409 lookups)
strata serve: KV streaming: 99.10% of 15787068 block reads hit VRAM, 570.4 MiB read from RAM
strata serve: prompt 34718 tokens = 34717 reused + 1 read in 3 ms (357.8 tok/s), 1 generated in 44 ms (22.7 tok/s), drafts accepted 0 of 0, 3 checkpoints
strata serve: decode expert cache hit rate: 26.6% (108 hits / 406 lookups)
strata serve: KV streaming: 99.10% of 15793236 block reads hit VRAM, 570.5 MiB read from RAM
strata serve: prompt 34719 tokens = 34718 reused + 1 read in 3 ms (356.9 tok/s), 1 generated in 50 ms (20.0 tok/s), drafts accepted 0 of 0, 3 checkpoints
strata serve: decode expert cache hit rate: 28.7% (117 hits / 408 lookups)
strata serve: KV streaming: 99.10% of 15799392 block reads hit VRAM, 570.5 MiB read from RAM
strata serve: prompt 34720 tokens = 34719 reused + 1 read in 3 ms (355.8 tok/s), 1 generated in 43 ms (23.0 tok/s), drafts accepted 0 of 0, 3 checkpoints
strata serve: decode expert cache hit rate: 32.8% (135 hits / 411 lookups)
strata serve: KV streaming: 99.10% of 15805548 block reads hit VRAM, 570.5 MiB read from RAM
strata serve: prompt 34721 tokens = 34720 reused + 1 read in 3 ms (357.2 tok/s), 1 generated in 58 ms (17.2 tok/s), drafts accepted 0 of 0, 3 checkpoints
strata serve: decode expert cache hit rate: 26.8% (109 hits / 407 lookups)
strata serve: KV streaming: 99.10% of 15811716 block reads hit VRAM, 570.5 MiB read from RAM
strata serve: prompt 34722 tokens = 34721 reused + 1 read in 3 ms (358.6 tok/s), 1 generated in 45 ms (22.1 tok/s), drafts accepted 0 of 0, 3 checkpoints
strata serve: decode expert cache hit rate: 39.8% (166 hits / 417 lookups)
strata serve: KV streaming: 99.10% of 15817884 block reads hit VRAM, 570.5 MiB read from RAM
strata serve: prompt 34723 tokens = 34722 reused + 1 read in 3 ms (356.5 tok/s), 1 generated in 47 ms (21.1 tok/s), drafts accepted 0 of 0, 3 checkpoints
strata serve: decode expert cache hit rate: 25.9% (104 hits / 402 lookups)
strata serve: KV streaming: 99.11% of 15824040 block reads hit VRAM, 570.5 MiB read from RAM
strata serve: prompt 34724 tokens = 34723 reused + 1 read in 3 ms (358.1 tok/s), 1 generated in 47 ms (21.4 tok/s), drafts accepted 0 of 0, 3 checkpoints
strata serve: decode expert cache hit rate: 28.3% (116 hits / 410 lookups)
strata serve: KV streaming: 99.11% of 15830196 block reads hit VRAM, 570.5 MiB read from RAM
strata serve: prompt 34725 tokens = 34724 reused + 1 read in 3 ms (358.4 tok/s), 1 generated in 47 ms (21.3 tok/s), drafts accepted 0 of 0, 3 checkpoints
strata serve: decode expert cache hit rate: 26.5% (107 hits / 404 lookups)
strata serve: KV streaming: 99.11% of 15836364 block reads hit VRAM, 570.5 MiB read from RAM
strata serve: prompt 34726 tokens = 34725 reused + 1 read in 3 ms (357.5 tok/s), 1 generated in 43 ms (23.3 tok/s), drafts accepted 0 of 0, 3 checkpoints
strata serve: decode expert cache hit rate: 32.0% (131 hits / 410 lookups)
strata serve: KV streaming: 99.11% of 15842532 block reads hit VRAM, 570.5 MiB read from RAM
strata serve: prompt 34727 tokens = 34726 reused + 1 read in 3 ms (357.4 tok/s), 1 generated in 42 ms (23.7 tok/s), drafts accepted 0 of 0, 3 checkpoints
strata serve: decode expert cache hit rate: 39.3% (165 hits / 420 lookups)
strata serve: KV streaming: 99.11% of 15848688 block reads hit VRAM, 570.5 MiB read from RAM
strata serve: prompt 34728 tokens = 34727 reused + 1 read in 3 ms (356.5 tok/s), 1 generated in 43 ms (23.1 tok/s), drafts accepted 0 of 0, 3 checkpoints
strata serve: decode expert cache hit rate: 27.6% (112 hits / 406 lookups)
strata serve: KV streaming: 99.11% of 15854844 block reads hit VRAM, 570.5 MiB read from RAM
strata serve: prompt 34729 tokens = 34728 reused + 1 read in 3 ms (356.9 tok/s), 1 generated in 44 ms (22.7 tok/s), drafts accepted 0 of 0, 3 checkpoints
strata serve: decode expert cache hit rate: 31.6% (129 hits / 408 lookups)
strata serve: KV streaming: 99.11% of 15861012 block reads hit VRAM, 570.5 MiB read from RAM
strata serve: prompt 34730 tokens = 34729 reused + 1 read in 3 ms (357.6 tok/s), 1 generated in 44 ms (22.6 tok/s), drafts accepted 0 of 0, 3 checkpoints
strata serve: decode expert cache hit rate: 31.3% (129 hits / 412 lookups)
strata serve: KV streaming: 99.11% of 15867180 block reads hit VRAM, 570.6 MiB read from RAM
strata serve: prompt 34731 tokens = 34730 reused + 1 read in 3 ms (356.5 tok/s), 1 generated in 43 ms (23.0 tok/s), drafts accepted 0 of 0, 3 checkpoints
strata serve: decode expert cache hit rate: 33.0% (135 hits / 409 lookups)
strata serve: KV streaming: 99.11% of 15873336 block reads hit VRAM, 570.6 MiB read from RAM
strata serve: prompt 34732 tokens = 34731 reused + 1 read in 3 ms (358.7 tok/s), 1 generated in 43 ms (23.5 tok/s), drafts accepted 0 of 0, 3 checkpoints
strata serve: decode expert cache hit rate: 29.3% (120 hits / 409 lookups)
strata serve: KV streaming: 99.11% of 15879492 block reads hit VRAM, 570.6 MiB read from RAM
strata serve: prompt 34733 tokens = 34732 reused + 1 read in 3 ms (341.7 tok/s), 1 generated in 38 ms (26.0 tok/s), drafts accepted 0 of 0, 3 checkpoints
strata serve: decode expert cache hit rate: 47.6% (204 hits / 429 lookups)
strata serve: KV streaming: 99.11% of 15885660 block reads hit VRAM, 570.6 MiB read from RAM
strata serve: prompt 34734 tokens = 34733 reused + 1 read in 3 ms (353.8 tok/s), 1 generated in 46 ms (21.8 tok/s), drafts accepted 0 of 0, 3 checkpoints
strata serve: decode expert cache hit rate: 27.0% (110 hits / 407 lookups)
strata serve: KV streaming: 99.11% of 15891828 block reads hit VRAM, 570.6 MiB read from RAM
strata serve: prompt 34735 tokens = 34734 reused + 1 read in 3 ms (359.3 tok/s), 1 generated in 43 ms (23.5 tok/s), drafts accepted 0 of 0, 3 checkpoints
strata serve: decode expert cache hit rate: 33.5% (137 hits / 409 lookups)
strata serve: KV streaming: 99.11% of 15897984 block reads hit VRAM, 570.6 MiB read from RAM
strata serve: prompt 34736 tokens = 34735 reused + 1 read in 3 ms (358.8 tok/s), 1 generated in 40 ms (25.2 tok/s), drafts accepted 0 of 0, 3 checkpoints
strata serve: decode expert cache hit rate: 41.0% (173 hits / 422 lookups)
strata serve: KV streaming: 99.11% of 15904140 block reads hit VRAM, 570.6 MiB read from RAM
strata serve: prompt 34737 tokens = 34736 reused + 1 read in 3 ms (357.9 tok/s), 1 generated in 41 ms (24.6 tok/s), drafts accepted 0 of 0, 3 checkpoints
strata serve: decode expert cache hit rate: 36.2% (151 hits / 417 lookups)
strata serve: KV streaming: 99.11% of 15910308 block reads hit VRAM, 570.6 MiB read from RAM
strata serve: prompt 34738 tokens = 34737 reused + 1 read in 3 ms (356.6 tok/s), 1 generated in 44 ms (22.6 tok/s), drafts accepted 0 of 0, 3 checkpoints
strata serve: decode expert cache hit rate: 29.7% (123 hits / 414 lookups)
strata serve: KV streaming: 99.11% of 15916476 block reads hit VRAM, 570.6 MiB read from RAM
strata serve: prompt 34739 tokens = 34738 reused + 1 read in 3 ms (351.0 tok/s), 1 generated in 47 ms (21.3 tok/s), drafts accepted 0 of 0, 3 checkpoints
strata serve: decode expert cache hit rate: 26.0% (105 hits / 404 lookups)
strata serve: KV streaming: 99.11% of 15922632 block reads hit VRAM, 570.6 MiB read from RAM
strata serve: prompt 34740 tokens = 34739 reused + 1 read in 3 ms (357.2 tok/s), 1 generated in 43 ms (23.3 tok/s), drafts accepted 0 of 0, 3 checkpoints
strata serve: decode expert cache hit rate: 33.2% (136 hits / 410 lookups)
strata serve: KV streaming: 99.11% of 15928788 block reads hit VRAM, 570.6 MiB read from RAM
strata serve: prompt 34741 tokens = 34740 reused + 1 read in 4 ms (243.5 tok/s), 1 generated in 43 ms (23.2 tok/s), drafts accepted 0 of 0, 3 checkpoints
strata serve: decode expert cache hit rate: 29.7% (121 hits / 407 lookups)
strata serve: KV streaming: 99.11% of 15934956 block reads hit VRAM, 570.6 MiB read from RAM
strata serve: prompt 34742 tokens = 34741 reused + 1 read in 3 ms (359.2 tok/s), 1 generated in 48 ms (20.8 tok/s), drafts accepted 0 of 0, 3 checkpoints
strata serve: decode expert cache hit rate: 27.1% (111 hits / 410 lookups)
strata serve: KV streaming: 99.11% of 15941124 block reads hit VRAM, 570.6 MiB read from RAM
strata serve: prompt 34743 tokens = 34742 reused + 1 read in 3 ms (346.7 tok/s), 1 generated in 39 ms (25.4 tok/s), drafts accepted 0 of 0, 3 checkpoints
strata serve: decode expert cache hit rate: 48.4% (207 hits / 428 lookups)
strata serve: KV streaming: 99.11% of 15947280 block reads hit VRAM, 570.6 MiB read from RAM
strata serve: prompt 34744 tokens = 34743 reused + 1 read in 3 ms (359.6 tok/s), 1 generated in 44 ms (22.7 tok/s), drafts accepted 0 of 0, 3 checkpoints
strata serve: decode expert cache hit rate: 31.6% (130 hits / 411 lookups)
strata serve: KV streaming: 99.11% of 15953436 block reads hit VRAM, 570.6 MiB read from RAM
strata serve: prompt 34745 tokens = 34744 reused + 1 read in 3 ms (354.8 tok/s), 1 generated in 51 ms (19.5 tok/s), drafts accepted 0 of 0, 3 checkpoints
strata serve: decode expert cache hit rate: 31.6% (131 hits / 414 lookups)
strata serve: KV streaming: 99.11% of 15959604 block reads hit VRAM, 570.6 MiB read from RAM
strata serve: prompt 34746 tokens = 34745 reused + 1 read in 3 ms (356.6 tok/s), 1 generated in 48 ms (21.0 tok/s), drafts accepted 0 of 0, 3 checkpoints
strata serve: decode expert cache hit rate: 36.0% (149 hits / 414 lookups)
strata serve: KV streaming: 99.11% of 15965772 block reads hit VRAM, 570.6 MiB read from RAM
strata serve: prompt 34747 tokens = 34746 reused + 1 read in 3 ms (354.0 tok/s), 1 generated in 45 ms (22.3 tok/s), drafts accepted 0 of 0, 3 checkpoints
strata serve: decode expert cache hit rate: 35.9% (149 hits / 415 lookups)
strata serve: KV streaming: 99.11% of 15971928 block reads hit VRAM, 570.6 MiB read from RAM
strata serve: prompt 34748 tokens = 34747 reused + 1 read in 3 ms (357.7 tok/s), 1 generated in 47 ms (21.2 tok/s), drafts accepted 0 of 0, 3 checkpoints
strata serve: decode expert cache hit rate: 33.3% (137 hits / 411 lookups)
strata serve: KV streaming: 99.11% of 15978084 block reads hit VRAM, 570.6 MiB read from RAM
strata serve: prompt 34749 tokens = 34748 reused + 1 read in 3 ms (355.7 tok/s), 1 generated in 46 ms (21.7 tok/s), drafts accepted 0 of 0, 3 checkpoints
strata serve: decode expert cache hit rate: 31.3% (128 hits / 409 lookups)
strata serve: KV streaming: 99.11% of 15984252 block reads hit VRAM, 570.6 MiB read from RAM
strata serve: prompt 34750 tokens = 34749 reused + 1 read in 3 ms (358.4 tok/s), 1 generated in 40 ms (25.2 tok/s), drafts accepted 0 of 0, 3 checkpoints
strata serve: decode expert cache hit rate: 42.1% (179 hits / 425 lookups)
strata serve: KV streaming: 99.11% of 15990420 block reads hit VRAM, 570.6 MiB read from RAM
strata serve: prompt 34751 tokens = 34750 reused + 1 read in 3 ms (358.5 tok/s), 1 generated in 43 ms (23.4 tok/s), drafts accepted 0 of 0, 3 checkpoints
strata serve: decode expert cache hit rate: 28.1% (115 hits / 409 lookups)
strata serve: KV streaming: 99.11% of 15996576 block reads hit VRAM, 570.6 MiB read from RAM
strata serve: prompt 34752 tokens = 34751 reused + 1 read in 3 ms (358.2 tok/s), 1 generated in 39 ms (25.9 tok/s), drafts accepted 0 of 0, 3 checkpoints
strata serve: decode expert cache hit rate: 50.6% (219 hits / 433 lookups)
strata serve: KV streaming: 99.11% of 16002732 block reads hit VRAM, 570.6 MiB read from RAM
strata serve: prompt 34753 tokens = 34752 reused + 1 read in 3 ms (358.3 tok/s), 1 generated in 34 ms (29.2 tok/s), drafts accepted 0 of 0, 3 checkpoints
strata serve: decode expert cache hit rate: 54.1% (236 hits / 436 lookups)
strata serve: KV streaming: 99.12% of 16008900 block reads hit VRAM, 570.6 MiB read from RAM
strata serve: prompt 34754 tokens = 34753 reused + 1 read in 3 ms (359.7 tok/s), 1 generated in 40 ms (25.0 tok/s), drafts accepted 0 of 0, 3 checkpoints
strata serve: decode expert cache hit rate: 36.1% (150 hits / 415 lookups)
strata serve: KV streaming: 99.12% of 16015068 block reads hit VRAM, 570.6 MiB read from RAM
strata serve: prompt 34755 tokens = 34754 reused + 1 read in 3 ms (358.8 tok/s), 1 generated in 42 ms (23.9 tok/s), drafts accepted 0 of 0, 3 checkpoints
strata serve: decode expert cache hit rate: 33.9% (140 hits / 413 lookups)
strata serve: KV streaming: 99.12% of 16021224 block reads hit VRAM, 570.6 MiB read from RAM
strata serve: prompt 34756 tokens = 34755 reused + 1 read in 3 ms (357.8 tok/s), 1 generated in 38 ms (26.5 tok/s), drafts accepted 0 of 0, 3 checkpoints
strata serve: decode expert cache hit rate: 43.8% (186 hits / 425 lookups)
strata serve: KV streaming: 99.12% of 16027380 block reads hit VRAM, 570.6 MiB read from RAM
strata serve: prompt 34757 tokens = 34756 reused + 1 read in 3 ms (360.1 tok/s), 1 generated in 45 ms (22.0 tok/s), drafts accepted 0 of 0, 3 checkpoints
strata serve: decode expert cache hit rate: 25.7% (104 hits / 405 lookups)
strata serve: KV streaming: 99.12% of 16033548 block reads hit VRAM, 570.6 MiB read from RAM
strata serve: prompt 34758 tokens = 34757 reused + 1 read in 3 ms (358.7 tok/s), 1 generated in 46 ms (21.6 tok/s), drafts accepted 0 of 0, 3 checkpoints
strata serve: decode expert cache hit rate: 19.7% (78 hits / 395 lookups)
strata serve: KV streaming: 99.12% of 16039716 block reads hit VRAM, 570.6 MiB read from RAM
strata serve: prompt 34759 tokens = 34758 reused + 1 read in 3 ms (358.6 tok/s), 1 generated in 42 ms (23.7 tok/s), drafts accepted 0 of 0, 3 checkpoints
strata serve: decode expert cache hit rate: 32.2% (132 hits / 410 lookups)
strata serve: KV streaming: 99.12% of 16045872 block reads hit VRAM, 570.6 MiB read from RAM
strata serve: prompt 34760 tokens = 34759 reused + 1 read in 3 ms (360.2 tok/s), 1 generated in 43 ms (23.2 tok/s), drafts accepted 0 of 0, 3 checkpoints
strata serve: decode expert cache hit rate: 23.0% (93 hits / 404 lookups)
strata serve: KV streaming: 99.12% of 16052028 block reads hit VRAM, 570.6 MiB read from RAM
strata serve: prompt 34761 tokens = 34760 reused + 1 read in 3 ms (359.3 tok/s), 1 generated in 40 ms (24.7 tok/s), drafts accepted 0 of 0, 3 checkpoints
strata serve: decode expert cache hit rate: 35.7% (150 hits / 420 lookups)
strata serve: KV streaming: 99.12% of 16058196 block reads hit VRAM, 570.6 MiB read from RAM
strata serve: prompt 34762 tokens = 34761 reused + 1 read in 3 ms (356.8 tok/s), 1 generated in 39 ms (25.7 tok/s), drafts accepted 0 of 0, 3 checkpoints
strata serve: decode expert cache hit rate: 38.3% (160 hits / 418 lookups)
strata serve: KV streaming: 99.12% of 16064364 block reads hit VRAM, 570.6 MiB read from RAM
strata serve: prompt 34763 tokens = 34762 reused + 1 read in 3 ms (347.1 tok/s), 1 generated in 44 ms (22.9 tok/s), drafts accepted 0 of 0, 3 checkpoints
strata serve: decode expert cache hit rate: 23.4% (94 hits / 401 lookups)
strata serve: KV streaming: 99.12% of 16070520 block reads hit VRAM, 570.6 MiB read from RAM
strata serve: prompt 34764 tokens = 34763 reused + 1 read in 3 ms (360.8 tok/s), 1 generated in 40 ms (25.0 tok/s), drafts accepted 0 of 0, 3 checkpoints
strata serve: decode expert cache hit rate: 37.9% (158 hits / 417 lookups)
strata serve: KV streaming: 99.12% of 16076676 block reads hit VRAM, 570.6 MiB read from RAM
strata serve: prompt 34765 tokens = 34764 reused + 1 read in 3 ms (360.5 tok/s), 1 generated in 44 ms (22.7 tok/s), drafts accepted 0 of 0, 3 checkpoints
strata serve: decode expert cache hit rate: 22.8% (91 hits / 399 lookups)
strata serve: KV streaming: 99.12% of 16082844 block reads hit VRAM, 570.6 MiB read from RAM
strata serve: prompt 34766 tokens = 34765 reused + 1 read in 3 ms (358.9 tok/s), 1 generated in 38 ms (26.1 tok/s), drafts accepted 0 of 0, 3 checkpoints
strata serve: decode expert cache hit rate: 40.1% (169 hits / 421 lookups)
strata serve: KV streaming: 99.12% of 16089012 block reads hit VRAM, 570.7 MiB read from RAM
strata serve: prompt 34767 tokens = 34766 reused + 1 read in 3 ms (359.3 tok/s), 1 generated in 38 ms (26.5 tok/s), drafts accepted 0 of 0, 3 checkpoints
strata serve: decode expert cache hit rate: 43.5% (185 hits / 425 lookups)
strata serve: KV streaming: 99.12% of 16095168 block reads hit VRAM, 570.7 MiB read from RAM
strata serve: prompt 34768 tokens = 34767 reused + 1 read in 3 ms (360.4 tok/s), 1 generated in 42 ms (23.5 tok/s), drafts accepted 0 of 0, 3 checkpoints
strata serve: decode expert cache hit rate: 26.5% (108 hits / 408 lookups)
strata serve: KV streaming: 99.12% of 16101324 block reads hit VRAM, 570.7 MiB read from RAM
strata serve: prompt 34769 tokens = 34768 reused + 1 read in 3 ms (360.4 tok/s), 1 generated in 40 ms (24.8 tok/s), drafts accepted 0 of 0, 3 checkpoints
strata serve: decode expert cache hit rate: 33.2% (136 hits / 410 lookups)
strata serve: KV streaming: 99.12% of 16107492 block reads hit VRAM, 570.7 MiB read from RAM
strata serve: prompt 34770 tokens = 34769 reused + 1 read in 3 ms (357.3 tok/s), 1 generated in 42 ms (23.9 tok/s), drafts accepted 0 of 0, 3 checkpoints
strata serve: decode expert cache hit rate: 33.8% (140 hits / 414 lookups)
strata serve: KV streaming: 99.12% of 16113660 block reads hit VRAM, 570.7 MiB read from RAM
strata serve: prompt 34771 tokens = 34770 reused + 1 read in 3 ms (358.7 tok/s), 1 generated in 42 ms (24.0 tok/s), drafts accepted 0 of 0, 3 checkpoints
strata serve: decode expert cache hit rate: 28.7% (117 hits / 408 lookups)
strata serve: KV streaming: 99.12% of 16119816 block reads hit VRAM, 570.7 MiB read from RAM
strata serve: prompt 34772 tokens = 34771 reused + 1 read in 3 ms (359.4 tok/s), 1 generated in 43 ms (23.3 tok/s), drafts accepted 0 of 0, 3 checkpoints
strata serve: decode expert cache hit rate: 32.4% (134 hits / 414 lookups)
strata serve: KV streaming: 99.12% of 16125972 block reads hit VRAM, 570.7 MiB read from RAM
strata serve: prompt 34773 tokens = 34772 reused + 1 read in 3 ms (358.6 tok/s), 1 generated in 42 ms (23.7 tok/s), drafts accepted 0 of 0, 3 checkpoints
strata serve: decode expert cache hit rate: 31.6% (129 hits / 408 lookups)
strata serve: KV streaming: 99.12% of 16132140 block reads hit VRAM, 570.7 MiB read from RAM
strata serve: prompt 34774 tokens = 34773 reused + 1 read in 3 ms (353.6 tok/s), 1 generated in 41 ms (24.2 tok/s), drafts accepted 0 of 0, 3 checkpoints
strata serve: decode expert cache hit rate: 36.1% (150 hits / 415 lookups)
strata serve: KV streaming: 99.12% of 16138308 block reads hit VRAM, 570.7 MiB read from RAM
strata serve: prompt 34775 tokens = 34774 reused + 1 read in 3 ms (360.3 tok/s), 1 generated in 41 ms (24.1 tok/s), drafts accepted 0 of 0, 3 checkpoints
strata serve: decode expert cache hit rate: 38.1% (159 hits / 417 lookups)
strata serve: KV streaming: 99.12% of 16144464 block reads hit VRAM, 570.7 MiB read from RAM
strata serve: prompt 34776 tokens = 34775 reused + 1 read in 3 ms (358.7 tok/s), 1 generated in 41 ms (24.6 tok/s), drafts accepted 0 of 0, 3 checkpoints
strata serve: decode expert cache hit rate: 34.2% (142 hits / 415 lookups)
strata serve: KV streaming: 99.12% of 16150620 block reads hit VRAM, 570.7 MiB read from RAM
strata serve: prompt 34777 tokens = 34776 reused + 1 read in 3 ms (358.5 tok/s), 1 generated in 42 ms (24.1 tok/s), drafts accepted 0 of 0, 3 checkpoints
strata serve: decode expert cache hit rate: 33.3% (137 hits / 412 lookups)
strata serve: KV streaming: 99.12% of 16156788 block reads hit VRAM, 570.7 MiB read from RAM
strata serve: prompt 34778 tokens = 34777 reused + 1 read in 3 ms (359.8 tok/s), 1 generated in 41 ms (24.1 tok/s), drafts accepted 0 of 0, 3 checkpoints
strata serve: decode expert cache hit rate: 30.3% (124 hits / 409 lookups)
strata serve: KV streaming: 99.12% of 16162956 block reads hit VRAM, 570.7 MiB read from RAM
strata serve: prompt 34779 tokens = 34778 reused + 1 read in 3 ms (353.2 tok/s), 1 generated in 39 ms (25.4 tok/s), drafts accepted 0 of 0, 3 checkpoints
strata serve: decode expert cache hit rate: 40.3% (169 hits / 419 lookups)
strata serve: KV streaming: 99.12% of 16169112 block reads hit VRAM, 570.7 MiB read from RAM
strata serve: prompt 34780 tokens = 34779 reused + 1 read in 3 ms (360.0 tok/s), 1 generated in 46 ms (21.7 tok/s), drafts accepted 0 of 0, 3 checkpoints
strata serve: decode expert cache hit rate: 21.2% (85 hits / 400 lookups)
strata serve: KV streaming: 99.12% of 16175268 block reads hit VRAM, 570.7 MiB read from RAM
strata serve: prompt 34781 tokens = 34780 reused + 1 read in 3 ms (360.3 tok/s), 1 generated in 43 ms (23.4 tok/s), drafts accepted 0 of 0, 3 checkpoints
strata serve: decode expert cache hit rate: 30.9% (126 hits / 408 lookups)
strata serve: KV streaming: 99.12% of 16181436 block reads hit VRAM, 570.7 MiB read from RAM
strata serve: prompt 34782 tokens = 34781 reused + 1 read in 3 ms (359.9 tok/s), 1 generated in 41 ms (24.5 tok/s), drafts accepted 0 of 0, 3 checkpoints
strata serve: decode expert cache hit rate: 35.4% (146 hits / 413 lookups)
strata serve: KV streaming: 99.12% of 16187604 block reads hit VRAM, 570.7 MiB read from RAM
strata serve: prompt 34783 tokens = 34782 reused + 1 read in 3 ms (358.7 tok/s), 1 generated in 43 ms (23.3 tok/s), drafts accepted 0 of 0, 3 checkpoints
strata serve: decode expert cache hit rate: 28.8% (116 hits / 403 lookups)
strata serve: KV streaming: 99.13% of 16193760 block reads hit VRAM, 570.7 MiB read from RAM
strata serve: prompt 34784 tokens = 34783 reused + 1 read in 3 ms (359.2 tok/s), 1 generated in 41 ms (24.5 tok/s), drafts accepted 0 of 0, 3 checkpoints
strata serve: decode expert cache hit rate: 36.3% (151 hits / 416 lookups)
strata serve: KV streaming: 99.13% of 16199916 block reads hit VRAM, 570.7 MiB read from RAM
strata serve: prompt 34785 tokens = 34784 reused + 1 read in 3 ms (359.3 tok/s), 1 generated in 42 ms (23.5 tok/s), drafts accepted 0 of 0, 3 checkpoints
strata serve: decode expert cache hit rate: 30.1% (123 hits / 409 lookups)
strata serve: KV streaming: 99.13% of 16206084 block reads hit VRAM, 570.7 MiB read from RAM
strata serve: prompt 34786 tokens = 34785 reused + 1 read in 3 ms (360.2 tok/s), 1 generated in 44 ms (22.7 tok/s), drafts accepted 0 of 0, 3 checkpoints
strata serve: decode expert cache hit rate: 29.7% (121 hits / 408 lookups)
strata serve: KV streaming: 99.13% of 16212252 block reads hit VRAM, 570.7 MiB read from RAM
strata serve: prompt 34787 tokens = 34786 reused + 1 read in 3 ms (360.5 tok/s), 1 generated in 39 ms (25.9 tok/s), drafts accepted 0 of 0, 3 checkpoints
strata serve: decode expert cache hit rate: 46.7% (201 hits / 430 lookups)
strata serve: KV streaming: 99.13% of 16218408 block reads hit VRAM, 570.7 MiB read from RAM
strata serve: prompt 34788 tokens = 34787 reused + 1 read in 3 ms (359.5 tok/s), 1 generated in 42 ms (23.7 tok/s), drafts accepted 0 of 0, 3 checkpoints
strata serve: decode expert cache hit rate: 30.4% (124 hits / 408 lookups)
strata serve: KV streaming: 99.13% of 16224564 block reads hit VRAM, 570.7 MiB read from RAM
strata serve: prompt 34789 tokens = 34788 reused + 1 read in 3 ms (359.0 tok/s), 1 generated in 40 ms (24.9 tok/s), drafts accepted 0 of 0, 3 checkpoints
strata serve: decode expert cache hit rate: 42.0% (178 hits / 424 lookups)
strata serve: KV streaming: 99.13% of 16230732 block reads hit VRAM, 570.7 MiB read from RAM
strata serve: prompt 34790 tokens = 34789 reused + 1 read in 3 ms (359.6 tok/s), 1 generated in 41 ms (24.7 tok/s), drafts accepted 0 of 0, 3 checkpoints
strata serve: decode expert cache hit rate: 35.0% (145 hits / 414 lookups)
strata serve: KV streaming: 99.13% of 16236900 block reads hit VRAM, 570.7 MiB read from RAM
strata serve: prompt 34791 tokens = 34790 reused + 1 read in 3 ms (357.4 tok/s), 1 generated in 41 ms (24.4 tok/s), drafts accepted 0 of 0, 3 checkpoints
strata serve: decode expert cache hit rate: 40.6% (170 hits / 419 lookups)
strata serve: KV streaming: 99.13% of 16243056 block reads hit VRAM, 570.7 MiB read from RAM
strata serve: prompt 34792 tokens = 34791 reused + 1 read in 3 ms (360.3 tok/s), 1 generated in 44 ms (23.0 tok/s), drafts accepted 0 of 0, 3 checkpoints
strata serve: decode expert cache hit rate: 27.2% (110 hits / 405 lookups)
strata serve: KV streaming: 99.13% of 16249212 block reads hit VRAM, 570.7 MiB read from RAM
strata serve: prompt 34793 tokens = 34792 reused + 1 read in 3 ms (359.8 tok/s), 1 generated in 43 ms (23.1 tok/s), drafts accepted 0 of 0, 3 checkpoints
strata serve: decode expert cache hit rate: 32.6% (135 hits / 414 lookups)
strata serve: KV streaming: 99.13% of 16255380 block reads hit VRAM, 570.7 MiB read from RAM
strata serve: prompt 34794 tokens = 34793 reused + 1 read in 3 ms (358.5 tok/s), 1 generated in 43 ms (23.4 tok/s), drafts accepted 0 of 0, 3 checkpoints
strata serve: decode expert cache hit rate: 30.1% (123 hits / 409 lookups)
strata serve: KV streaming: 99.13% of 16261548 block reads hit VRAM, 570.7 MiB read from RAM
strata serve: prompt 34795 tokens = 34794 reused + 1 read in 3 ms (359.3 tok/s), 1 generated in 45 ms (22.0 tok/s), drafts accepted 0 of 0, 3 checkpoints
strata serve: decode expert cache hit rate: 28.8% (117 hits / 406 lookups)
strata serve: KV streaming: 99.13% of 16267704 block reads hit VRAM, 570.7 MiB read from RAM
strata serve: prompt 34796 tokens = 34795 reused + 1 read in 3 ms (357.9 tok/s), 1 generated in 43 ms (23.4 tok/s), drafts accepted 0 of 0, 3 checkpoints
strata serve: decode expert cache hit rate: 35.7% (148 hits / 414 lookups)
strata serve: KV streaming: 99.13% of 16273860 block reads hit VRAM, 570.7 MiB read from RAM
strata serve: prompt 34797 tokens = 34796 reused + 1 read in 3 ms (358.6 tok/s), 1 generated in 40 ms (24.7 tok/s), drafts accepted 0 of 0, 3 checkpoints
strata serve: decode expert cache hit rate: 37.3% (156 hits / 418 lookups)
strata serve: KV streaming: 99.13% of 16280028 block reads hit VRAM, 570.7 MiB read from RAM
strata serve: prompt 34798 tokens = 34797 reused + 1 read in 3 ms (359.5 tok/s), 1 generated in 43 ms (23.1 tok/s), drafts accepted 0 of 0, 3 checkpoints
strata serve: decode expert cache hit rate: 28.8% (117 hits / 406 lookups)
strata serve: KV streaming: 99.13% of 16286196 block reads hit VRAM, 570.7 MiB read from RAM
strata serve: prompt 34799 tokens = 34798 reused + 1 read in 3 ms (360.8 tok/s), 1 generated in 38 ms (26.1 tok/s), drafts accepted 0 of 0, 3 checkpoints
strata serve: decode expert cache hit rate: 47.9% (205 hits / 428 lookups)
strata serve: KV streaming: 99.13% of 16292352 block reads hit VRAM, 570.7 MiB read from RAM
strata serve: prompt 34800 tokens = 34799 reused + 1 read in 3 ms (359.7 tok/s), 1 generated in 44 ms (22.8 tok/s), drafts accepted 0 of 0, 3 checkpoints
strata serve: decode expert cache hit rate: 28.9% (118 hits / 408 lookups)
strata serve: KV streaming: 99.13% of 16298508 block reads hit VRAM, 570.7 MiB read from RAM
strata serve: prompt 34801 tokens = 34800 reused + 1 read in 3 ms (359.0 tok/s), 1 generated in 41 ms (24.3 tok/s), drafts accepted 0 of 0, 3 checkpoints
strata serve: decode expert cache hit rate: 37.9% (158 hits / 417 lookups)
strata serve: KV streaming: 99.13% of 16304676 block reads hit VRAM, 570.8 MiB read from RAM
strata serve: prompt 34802 tokens = 34801 reused + 1 read in 3 ms (358.2 tok/s), 1 generated in 37 ms (27.3 tok/s), drafts accepted 0 of 0, 3 checkpoints
strata serve: decode expert cache hit rate: 46.2% (197 hits / 426 lookups)
strata serve: KV streaming: 99.13% of 16310844 block reads hit VRAM, 570.8 MiB read from RAM
strata serve: prompt 34803 tokens = 34802 reused + 1 read in 3 ms (360.5 tok/s), 1 generated in 41 ms (24.2 tok/s), drafts accepted 0 of 0, 3 checkpoints
strata serve: decode expert cache hit rate: 36.5% (152 hits / 416 lookups)
strata serve: KV streaming: 99.13% of 16317000 block reads hit VRAM, 570.8 MiB read from RAM
strata serve: prompt 34804 tokens = 34803 reused + 1 read in 3 ms (361.1 tok/s), 1 generated in 39 ms (25.6 tok/s), drafts accepted 0 of 0, 3 checkpoints
strata serve: decode expert cache hit rate: 42.1% (177 hits / 420 lookups)
strata serve: KV streaming: 99.13% of 16323156 block reads hit VRAM, 570.8 MiB read from RAM
strata serve: prompt 34805 tokens = 34804 reused + 1 read in 3 ms (358.7 tok/s), 1 generated in 38 ms (26.3 tok/s), drafts accepted 0 of 0, 3 checkpoints
strata serve: decode expert cache hit rate: 42.8% (180 hits / 421 lookups)
strata serve: KV streaming: 99.13% of 16329324 block reads hit VRAM, 570.8 MiB read from RAM
strata serve: prompt 34806 tokens = 34805 reused + 1 read in 3 ms (359.1 tok/s), 1 generated in 41 ms (24.6 tok/s), drafts accepted 0 of 0, 3 checkpoints
strata serve: decode expert cache hit rate: 30.2% (124 hits / 410 lookups)
strata serve: KV streaming: 99.13% of 16335492 block reads hit VRAM, 570.8 MiB read from RAM
strata serve: prompt 34807 tokens = 34806 reused + 1 read in 3 ms (346.2 tok/s), 1 generated in 43 ms (23.2 tok/s), drafts accepted 0 of 0, 3 checkpoints
strata serve: decode expert cache hit rate: 28.6% (116 hits / 406 lookups)
strata serve: KV streaming: 99.13% of 16341648 block reads hit VRAM, 570.8 MiB read from RAM
strata serve: prompt 34808 tokens = 34807 reused + 1 read in 3 ms (360.4 tok/s), 1 generated in 47 ms (21.5 tok/s), drafts accepted 0 of 0, 3 checkpoints
strata serve: decode expert cache hit rate: 28.3% (115 hits / 407 lookups)
strata serve: KV streaming: 99.13% of 16347804 block reads hit VRAM, 570.8 MiB read from RAM
strata serve: prompt 34809 tokens = 34808 reused + 1 read in 3 ms (360.1 tok/s), 1 generated in 43 ms (23.5 tok/s), drafts accepted 0 of 0, 3 checkpoints
strata serve: decode expert cache hit rate: 25.7% (104 hits / 405 lookups)
strata serve: KV streaming: 99.13% of 16353972 block reads hit VRAM, 570.8 MiB read from RAM
strata serve: prompt 34810 tokens = 34809 reused + 1 read in 3 ms (359.8 tok/s), 1 generated in 45 ms (22.0 tok/s), drafts accepted 0 of 0, 3 checkpoints
strata serve: decode expert cache hit rate: 29.6% (120 hits / 406 lookups)
strata serve: KV streaming: 99.13% of 16360140 block reads hit VRAM, 570.8 MiB read from RAM
strata serve: prompt 34811 tokens = 34810 reused + 1 read in 3 ms (357.8 tok/s), 1 generated in 44 ms (22.9 tok/s), drafts accepted 0 of 0, 3 checkpoints
strata serve: decode expert cache hit rate: 25.9% (105 hits / 405 lookups)
strata serve: KV streaming: 99.13% of 16366296 block reads hit VRAM, 570.8 MiB read from RAM
strata serve: prompt 34812 tokens = 34811 reused + 1 read in 3 ms (358.4 tok/s), 1 generated in 45 ms (22.2 tok/s), drafts accepted 0 of 0, 3 checkpoints
strata serve: decode expert cache hit rate: 23.9% (96 hits / 402 lookups)
strata serve: KV streaming: 99.13% of 16372452 block reads hit VRAM, 570.8 MiB read from RAM
strata serve: prompt 34813 tokens = 34812 reused + 1 read in 3 ms (359.6 tok/s), 1 generated in 43 ms (23.5 tok/s), drafts accepted 0 of 0, 3 checkpoints
strata serve: decode expert cache hit rate: 29.1% (119 hits / 409 lookups)
strata serve: KV streaming: 99.13% of 16378620 block reads hit VRAM, 570.8 MiB read from RAM
strata serve: prompt 34814 tokens = 34813 reused + 1 read in 3 ms (358.6 tok/s), 1 generated in 42 ms (23.6 tok/s), drafts accepted 0 of 0, 3 checkpoints
strata serve: decode expert cache hit rate: 27.7% (113 hits / 408 lookups)
strata serve: KV streaming: 99.14% of 16384788 block reads hit VRAM, 570.8 MiB read from RAM
strata serve: prompt 34815 tokens = 34814 reused + 1 read in 3 ms (359.8 tok/s), 1 generated in 40 ms (25.3 tok/s), drafts accepted 0 of 0, 3 checkpoints
strata serve: decode expert cache hit rate: 38.6% (162 hits / 420 lookups)
strata serve: KV streaming: 99.14% of 16390944 block reads hit VRAM, 570.8 MiB read from RAM
strata serve: prompt 34816 tokens = 34815 reused + 1 read in 3 ms (360.7 tok/s), 1 generated in 45 ms (22.4 tok/s), drafts accepted 0 of 0, 3 checkpoints
strata serve: decode expert cache hit rate: 25.4% (102 hits / 401 lookups)
strata serve: KV streaming: 99.14% of 16397100 block reads hit VRAM, 570.8 MiB read from RAM
strata serve: prompt 34817 tokens = 34816 reused + 1 read in 3 ms (359.4 tok/s), 1 generated in 45 ms (22.4 tok/s), drafts accepted 0 of 0, 3 checkpoints
strata serve: decode expert cache hit rate: 28.0% (113 hits / 404 lookups)
strata serve: KV streaming: 99.14% of 16403268 block reads hit VRAM, 570.8 MiB read from RAM
strata serve: prompt 34818 tokens = 34817 reused + 1 read in 3 ms (360.2 tok/s), 1 generated in 47 ms (21.1 tok/s), drafts accepted 0 of 0, 3 checkpoints
strata serve: decode expert cache hit rate: 22.7% (91 hits / 401 lookups)
strata serve: KV streaming: 99.14% of 16409436 block reads hit VRAM, 570.8 MiB read from RAM
strata serve: prompt 34819 tokens = 34818 reused + 1 read in 3 ms (360.4 tok/s), 1 generated in 45 ms (22.1 tok/s), drafts accepted 0 of 0, 3 checkpoints
strata serve: decode expert cache hit rate: 22.6% (91 hits / 402 lookups)
strata serve: KV streaming: 99.14% of 16415592 block reads hit VRAM, 570.8 MiB read from RAM
strata serve: prompt 34820 tokens = 34819 reused + 1 read in 3 ms (360.7 tok/s), 1 generated in 42 ms (23.8 tok/s), drafts accepted 0 of 0, 3 checkpoints
strata serve: decode expert cache hit rate: 26.8% (108 hits / 403 lookups)
strata serve: KV streaming: 99.14% of 16421748 block reads hit VRAM, 570.8 MiB read from RAM
strata serve: prompt 34821 tokens = 34820 reused + 1 read in 3 ms (360.3 tok/s), 1 generated in 42 ms (23.7 tok/s), drafts accepted 0 of 0, 3 checkpoints
strata serve: decode expert cache hit rate: 30.7% (126 hits / 411 lookups)
strata serve: KV streaming: 99.14% of 16427916 block reads hit VRAM, 570.8 MiB read from RAM
strata serve: prompt 34822 tokens = 34821 reused + 1 read in 3 ms (357.6 tok/s), 1 generated in 39 ms (25.8 tok/s), drafts accepted 0 of 0, 3 checkpoints
strata serve: decode expert cache hit rate: 42.5% (180 hits / 424 lookups)
strata serve: KV streaming: 99.14% of 16434084 block reads hit VRAM, 570.8 MiB read from RAM
strata serve: prompt 34823 tokens = 34822 reused + 1 read in 3 ms (357.1 tok/s), 1 generated in 44 ms (22.7 tok/s), drafts accepted 0 of 0, 3 checkpoints
strata serve: decode expert cache hit rate: 24.8% (100 hits / 403 lookups)
strata serve: KV streaming: 99.14% of 16440240 block reads hit VRAM, 570.8 MiB read from RAM
strata serve: prompt 34824 tokens = 34823 reused + 1 read in 3 ms (359.0 tok/s), 1 generated in 41 ms (24.3 tok/s), drafts accepted 0 of 0, 3 checkpoints
strata serve: decode expert cache hit rate: 31.5% (129 hits / 409 lookups)
strata serve: KV streaming: 99.14% of 16446396 block reads hit VRAM, 570.8 MiB read from RAM
strata serve: prompt 34825 tokens = 34824 reused + 1 read in 3 ms (359.6 tok/s), 1 generated in 43 ms (23.3 tok/s), drafts accepted 0 of 0, 3 checkpoints
strata serve: decode expert cache hit rate: 28.1% (114 hits / 405 lookups)
strata serve: KV streaming: 99.14% of 16452564 block reads hit VRAM, 570.8 MiB read from RAM
strata serve: prompt 34826 tokens = 34825 reused + 1 read in 3 ms (356.4 tok/s), 1 generated in 43 ms (23.2 tok/s), drafts accepted 0 of 0, 3 checkpoints
strata serve: decode expert cache hit rate: 28.1% (114 hits / 405 lookups)
strata serve: KV streaming: 99.14% of 16458732 block reads hit VRAM, 570.8 MiB read from RAM
strata serve: prompt 34827 tokens = 34826 reused + 1 read in 3 ms (355.2 tok/s), 1 generated in 40 ms (25.2 tok/s), drafts accepted 0 of 0, 3 checkpoints
strata serve: decode expert cache hit rate: 40.1% (168 hits / 419 lookups)
strata serve: KV streaming: 99.14% of 16464888 block reads hit VRAM, 570.8 MiB read from RAM
strata serve: prompt 34828 tokens = 34827 reused + 1 read in 3 ms (360.6 tok/s), 1 generated in 46 ms (21.7 tok/s), drafts accepted 0 of 0, 3 checkpoints
strata serve: decode expert cache hit rate: 26.2% (106 hits / 405 lookups)
strata serve: KV streaming: 99.14% of 16471044 block reads hit VRAM, 570.8 MiB read from RAM
strata serve: prompt 34829 tokens = 34828 reused + 1 read in 3 ms (356.2 tok/s), 1 generated in 41 ms (24.4 tok/s), drafts accepted 0 of 0, 3 checkpoints
strata serve: decode expert cache hit rate: 36.3% (151 hits / 416 lookups)
strata serve: KV streaming: 99.14% of 16477212 block reads hit VRAM, 570.8 MiB read from RAM
strata serve: prompt 34830 tokens = 34829 reused + 1 read in 3 ms (360.0 tok/s), 1 generated in 42 ms (23.7 tok/s), drafts accepted 0 of 0, 3 checkpoints
strata serve: decode expert cache hit rate: 31.1% (127 hits / 409 lookups)
strata serve: KV streaming: 99.14% of 16483380 block reads hit VRAM, 570.8 MiB read from RAM
strata serve: prompt 34831 tokens = 34830 reused + 1 read in 3 ms (358.9 tok/s), 1 generated in 42 ms (23.8 tok/s), drafts accepted 0 of 0, 3 checkpoints
strata serve: decode expert cache hit rate: 33.6% (139 hits / 414 lookups)
strata serve: KV streaming: 99.14% of 16489536 block reads hit VRAM, 570.8 MiB read from RAM
strata serve: prompt 34832 tokens = 34831 reused + 1 read in 3 ms (358.4 tok/s), 1 generated in 40 ms (24.7 tok/s), drafts accepted 0 of 0, 3 checkpoints
strata serve: decode expert cache hit rate: 41.6% (175 hits / 421 lookups)
strata serve: KV streaming: 99.14% of 16495692 block reads hit VRAM, 570.8 MiB read from RAM
strata serve: prompt 34833 tokens = 34832 reused + 1 read in 3 ms (360.3 tok/s), 1 generated in 42 ms (24.0 tok/s), drafts accepted 0 of 0, 3 checkpoints
strata serve: decode expert cache hit rate: 34.9% (145 hits / 415 lookups)
strata serve: KV streaming: 99.14% of 16501860 block reads hit VRAM, 570.8 MiB read from RAM
strata serve: prompt 34834 tokens = 34833 reused + 1 read in 3 ms (354.8 tok/s), 1 generated in 42 ms (23.8 tok/s), drafts accepted 0 of 0, 3 checkpoints
strata serve: decode expert cache hit rate: 36.5% (152 hits / 416 lookups)
strata serve: KV streaming: 99.14% of 16508028 block reads hit VRAM, 570.9 MiB read from RAM
strata serve: prompt 34835 tokens = 34834 reused + 1 read in 3 ms (360.1 tok/s), 1 generated in 42 ms (23.7 tok/s), drafts accepted 0 of 0, 3 checkpoints
strata serve: decode expert cache hit rate: 33.7% (139 hits / 413 lookups)
strata serve: KV streaming: 99.14% of 16514184 block reads hit VRAM, 570.9 MiB read from RAM
strata serve: prompt 34836 tokens = 34835 reused + 1 read in 3 ms (359.5 tok/s), 1 generated in 42 ms (24.0 tok/s), drafts accepted 0 of 0, 3 checkpoints
strata serve: decode expert cache hit rate: 27.6% (113 hits / 409 lookups)
strata serve: KV streaming: 99.14% of 16520340 block reads hit VRAM, 570.9 MiB read from RAM
strata serve: prompt 34837 tokens = 34836 reused + 1 read in 3 ms (360.1 tok/s), 1 generated in 44 ms (23.0 tok/s), drafts accepted 0 of 0, 3 checkpoints
strata serve: decode expert cache hit rate: 28.0% (114 hits / 407 lookups)
strata serve: KV streaming: 99.14% of 16526508 block reads hit VRAM, 570.9 MiB read from RAM
strata serve: prompt 34838 tokens = 34837 reused + 1 read in 3 ms (358.6 tok/s), 1 generated in 41 ms (24.6 tok/s), drafts accepted 0 of 0, 3 checkpoints
strata serve: decode expert cache hit rate: 33.1% (137 hits / 414 lookups)
strata serve: KV streaming: 99.14% of 16532676 block reads hit VRAM, 570.9 MiB read from RAM
strata serve: prompt 34839 tokens = 34838 reused + 1 read in 3 ms (359.2 tok/s), 1 generated in 44 ms (22.5 tok/s), drafts accepted 0 of 0, 3 checkpoints
strata serve: decode expert cache hit rate: 24.9% (100 hits / 401 lookups)
strata serve: KV streaming: 99.14% of 16538832 block reads hit VRAM, 570.9 MiB read from RAM
strata serve: prompt 34840 tokens = 34839 reused + 1 read in 3 ms (360.3 tok/s), 1 generated in 47 ms (21.2 tok/s), drafts accepted 0 of 0, 3 checkpoints
strata serve: decode expert cache hit rate: 24.4% (98 hits / 402 lookups)
strata serve: KV streaming: 99.14% of 16544988 block reads hit VRAM, 570.9 MiB read from RAM
strata serve: prompt 34841 tokens = 34840 reused + 1 read in 3 ms (360.9 tok/s), 1 generated in 39 ms (25.3 tok/s), drafts accepted 0 of 0, 3 checkpoints
strata serve: decode expert cache hit rate: 45.3% (193 hits / 426 lookups)
strata serve: KV streaming: 99.14% of 16551156 block reads hit VRAM, 570.9 MiB read from RAM
strata serve: prompt 34842 tokens = 34841 reused + 1 read in 3 ms (360.6 tok/s), 1 generated in 41 ms (24.4 tok/s), drafts accepted 0 of 0, 3 checkpoints
strata serve: decode expert cache hit rate: 34.1% (141 hits / 414 lookups)
strata serve: KV streaming: 99.14% of 16557324 block reads hit VRAM, 570.9 MiB read from RAM
strata serve: prompt 34843 tokens = 34842 reused + 1 read in 3 ms (359.2 tok/s), 1 generated in 40 ms (25.2 tok/s), drafts accepted 0 of 0, 3 checkpoints
strata serve: decode expert cache hit rate: 37.6% (157 hits / 417 lookups)
strata serve: KV streaming: 99.14% of 16563480 block reads hit VRAM, 570.9 MiB read from RAM
strata serve: prompt 34844 tokens = 34843 reused + 1 read in 3 ms (359.3 tok/s), 1 generated in 43 ms (23.1 tok/s), drafts accepted 0 of 0, 3 checkpoints
strata serve: decode expert cache hit rate: 25.1% (101 hits / 403 lookups)
strata serve: KV streaming: 99.14% of 16569636 block reads hit VRAM, 570.9 MiB read from RAM
strata serve: prompt 34845 tokens = 34844 reused + 1 read in 3 ms (359.2 tok/s), 1 generated in 42 ms (23.8 tok/s), drafts accepted 0 of 0, 3 checkpoints
strata serve: decode expert cache hit rate: 31.5% (129 hits / 410 lookups)
strata serve: KV streaming: 99.14% of 16575804 block reads hit VRAM, 570.9 MiB read from RAM
strata serve: prompt 34846 tokens = 34845 reused + 1 read in 3 ms (352.5 tok/s), 1 generated in 40 ms (24.9 tok/s), drafts accepted 0 of 0, 3 checkpoints
strata serve: decode expert cache hit rate: 39.5% (167 hits / 423 lookups)
strata serve: KV streaming: 99.15% of 16581972 block reads hit VRAM, 570.9 MiB read from RAM
