0	8678	-0.858879834	846	-0.551398068	0	-20.021251708	-0.858879832	846:-0.551398	8678:-0.858880	1785:-11.500609	2244:-11.870873	1156:-12.048045	1421:-12.956091	6246:-13.245606	74455:-13.292465	3208:-13.328952	784:-13.388369	7545:-13.539165	7686:-13.579582	17161:-13.631196	4079:-13.781960	3215:-13.873599	44037:-13.948850	96746:-14.113214	15466:-14.169933	35435:-14.170343	8481:-14.249855
1	198	-0.000000146	198	-0.000000146	1	-17.932268289	-0.000000130	198:-0.000000	271:-16.885869	248046:-17.932268	2:-18.265241	248044:-18.412500	1358:-18.707831	220:-18.940693	197:-19.702888	25:-19.988936	653:-20.044294	317:-20.195187	25952:-20.211192	1:-20.702012	731:-20.754658	14:-20.809246	30:-21.016649	87:-21.031539	471:-21.119852	1639:-21.149083	735:-21.197251
2	2523	-2.751349568	2	-0.088450551	0	-8.916908383	-2.751215457	2:-0.088451	2523:-2.751350	87:-5.892406	96220:-5.973351	5328:-6.180034	95933:-7.108220	99250:-7.410555	16095:-7.578313	133653:-7.610337	2335:-7.841811	7525:-7.944723	13624:-7.963590	95765:-7.990924	32:-8.290907	97155:-8.304631	51748:-8.328157	21365:-8.361449	108610:-8.603244	1:-8.617394	550:-8.682099
3	513	-0.006908507	513	-0.006908507	1	-9.581424804	-0.006839506	513:-0.006909	709:-6.373329	6805:-6.732576	8418:-7.001696	668:-7.160719	36213:-7.620747	884:-7.902323	1558:-8.176149	5479:-8.478026	2224:-8.807863	599:-9.325779	1220:-9.448859	248046:-9.581425	1144:-9.961954	1902:-9.973893	17591:-10.122313	1121:-10.374765	47080:-11.116339	3300:-11.151634	5335:-11.202923
4	264	-0.224996682	264	-0.224996682	1	-11.924239274	-0.224990054	264:-0.224997	449:-1.792120	3766:-3.434149	49110:-7.791377	1167:-7.942502	821:-8.543306	351:-8.877527	709:-9.390576	10631:-9.552435	60014:-9.767763	279:-9.899482	77778:-9.957220	310:-10.013001	45622:-10.041686	2574:-10.183146	71802:-10.207014	710:-10.514040	1546:-10.702646	414:-10.945117	1586:-11.085932
5	16097	-6.516413748	10631	-0.653887808	0	-14.584881365	-6.516413285	10631:-0.653888	60014:-1.861814	44125:-1.959975	709:-2.557754	20665:-2.785605	34780:-4.960259	1970:-5.135306	7309:-5.417382	11991:-5.584783	22825:-5.800387	9695:-5.897713	9637:-6.198157	6376:-6.211127	7077:-6.371089	16097:-6.516414	59369:-7.182623	40510:-7.334907	2193:-7.684783	6337:-7.743274	6673:-7.867102
6	10597	-9.918751312	67447	-0.401545120	0	-11.932556701	-9.918744739	67447:-0.401545	7622:-3.284911	31911:-3.570347	6925:-3.799738	17313:-4.109494	54476:-4.132520	11:-4.667500	4610:-4.675788	1970:-4.772639	795:-4.851635	6238:-4.913540	5713:-4.965027	1414:-5.041456	2880:-5.106688	4566:-5.251985	9640:-5.351061	6255:-5.367571	3296:-5.466403	2144:-5.589175	11535:-5.641514
7	17313	-1.032735703	17313	-1.032735703	1	-12.996396897	-1.032733435	17313:-1.032736	6238:-1.176716	6700:-2.063208	67447:-3.589537	53650:-4.000200	311:-4.015587	43971:-4.248459	4237:-4.310402	90956:-4.348493	35402:-5.289528	2236:-5.541201	91182:-5.726681	3302:-5.733724	41549:-5.859192	1830:-5.945724	12622:-5.997455	12459:-6.133821	18826:-6.163128	15977:-6.196028	54476:-6.212349
8	13	-0.304896211	13	-0.304896211	1	-1.563824510	-0.070016638	13:-0.304896	248046:-1.563825	364:-3.243602	421:-5.955485	16876:-6.186472	440:-6.598166	26208:-7.036200	303:-7.323150	15700:-7.513188	6483:-7.520761	4613:-7.740479	34579:-7.765679	852:-7.833266	55377:-7.846365	6608:-7.873135	24717:-8.121633	49110:-8.133291	11:-8.197982	1710:-8.332147	4237:-8.507236
9	248046	-0.000164805	248046	-0.000164805	1	-0.000164805	nan	248046:-0.000165	7860:-8.870084	5044:-11.489213	21134:-12.254058	22516:-13.328027	1394:-13.504552	22430:-14.169797	37028:-15.250844	4465:-15.252418	4130:-15.354972	36491:-15.444797	220:-15.521352	20052:-15.570475	8020:-15.618949	2732:-15.653669	38256:-15.741888	5272:-15.950484	561:-15.951860	23024:-15.963395	10789:-16.003175
10	198	-0.000000000	198	-0.000000000	1	-30.338227272	-0.000000000	198:-0.000000	271:-23.012422	317:-23.669086	25:-24.020601	248044:-24.714209	13:-25.063294	220:-25.283709	11:-25.678602	29:-25.805478	12:-26.186155	0:-26.726019	1873:-26.756331	248045:-26.774570	78:-26.819962	64:-26.841740	9:-27.000967	1358:-27.209902	695:-27.315925	535:-27.576618	476:-27.591198
11	248045	-0.000000036	248045	-0.000000036	1	-20.469973600	-0.000000034	248045:-0.000000	248068:-18.049141	248044:-18.408480	248059:-20.444237	248046:-20.469974	32850:-21.733321	71093:-22.291966	105073:-22.381270	27:-22.473909	13962:-22.805016	550:-22.942204	11287:-23.225446	136614:-23.732485	144253:-23.753132	140053:-23.824339	234508:-23.849485	248060:-23.869255	91:-23.915300	846:-23.921948	113041:-23.940794
12	846	-0.000005329	846	-0.000005329	1	-23.964181507	-0.000005329	846:-0.000005	248045:-12.155161	1156:-17.276121	8678:-19.057832	1421:-19.152109	3215:-19.243759	74455:-19.445150	6246:-19.578723	97237:-19.668905	4079:-19.903780	1628:-20.438621	3208:-20.525407	11402:-20.801918	8429:-20.931880	18487:-21.502272	4137:-21.831117	248059:-21.841852	1152:-21.891447	43462:-22.140977	8834:-22.210872
13	198	-0.000032258	198	-0.000032258	1	-10.490579439	-0.000004461	198:-0.000032	248046:-10.490579	271:-13.091816	1358:-13.694345	248044:-13.984781	987:-16.202255	695:-16.338573	13:-16.950426	25952:-17.251819	2228:-17.475760	2523:-18.170827	14200:-18.306106	285:-18.953388	388:-19.261399	248045:-19.306578	2:-19.413765	96220:-19.496544	510:-19.837812	95933:-19.842338	1710:-19.921976
14	6205	-13.153931416	2523	-0.778538502	0	-3.830868519	-13.132001944	2523:-0.778539	8917:-2.474780	5328:-3.151271	95933:-3.410397	21365:-3.541861	248046:-3.830869	7734:-3.877394	1905:-4.196210	58387:-4.433677	623:-4.560870	33963:-4.633752	8160:-4.723229	16174:-4.776177	96220:-4.808369	248045:-4.980244	26487:-5.179379	40:-5.262080	133653:-5.303339	56491:-5.318909	6503:-5.383149
15	161421	-4.791099419	248046	-1.688546051	0	-1.688546051	-4.586792341	248046:-1.688546	36021:-3.029836	308:-3.445044	64:-3.649505	287:-3.827951	33852:-3.843160	1506:-3.960882	946:-3.973149	2379:-4.077088	4289:-4.113914	6095:-4.166299	473:-4.314935	322:-4.354558	530:-4.388751	565:-4.402508	3204:-4.528970	300:-4.646043	18935:-4.687177	1620:-4.705879	335:-4.729141
16	303	-3.175285890	248046	-0.085388734	0	-0.085388734	-0.672354196	248046:-0.085389	303:-3.175286	2445:-4.697630	5114:-4.812668	3687:-5.154831	58902:-5.195297	1147:-5.518170	585:-7.170852	11:-7.195496	45929:-7.515701	324:-7.698037	23575:-8.042985	501:-8.090926	2920:-8.098126	384:-8.128964	32350:-8.228093	264:-8.808562	91258:-8.837051	220:-8.858408	176242:-8.873991
17	57786	-3.390210331	248046	-0.673987568	0	-0.673987568	-2.677529265	248046:-0.673988	32234:-1.025834	57786:-3.390210	94059:-3.779799	191898:-3.866117	220:-4.038799	178920:-4.943946	46652:-5.263292	2920:-6.014869	4016:-6.200012	181978:-6.401586	176242:-6.784881	632:-6.809015	7472:-7.060743	4931:-7.205805	185214:-7.423171	4118:-7.432407	205533:-7.512473	224103:-7.705671	180110:-7.820020
18	11	-14.248948637	248046	-0.000008169	0	-0.000008169	-2.533799318	248046:-0.000008	2445:-12.784430	1147:-13.763446	3687:-13.764360	11:-14.248949	303:-14.651851	501:-15.236193	58902:-15.530392	585:-15.675671	45929:-16.023831	324:-16.182475	220:-16.224166	2920:-16.556904	25:-16.568269	378:-16.602103	4931:-16.706556	632:-17.007065	52451:-17.273047	35303:-17.547171	198:-17.563000
19	384	-9.403787984	248046	-0.001726521	0	-0.001726521	-3.041278090	248046:-0.001727	303:-6.680759	384:-9.403788	791:-9.714007	2445:-10.694252	55228:-10.781376	174140:-11.116005	187017:-11.167210	174596:-11.644621	264:-11.684677	220:-11.705955	7256:-12.040924	94059:-12.165548	45963:-12.247968	40543:-12.277678	3413:-12.485249	176242:-12.522548	197317:-12.525042	40140:-12.555022	156747:-12.563380
20	241816	-3.996292490	248046	-0.180690188	0	-0.180690188	-2.196336015	248046:-0.180690	205533:-3.117669	632:-3.199651	241816:-3.996292	24977:-4.866193	4931:-4.927888	192670:-4.936074	176242:-6.031356	178920:-6.275894	23148:-6.280785	172452:-6.512154	175222:-6.535812	159830:-6.782714	46652:-6.886386	8501:-7.018891	12864:-7.195616	191898:-7.196979	215698:-7.327965	174355:-7.330705	1374:-7.446133
21	216564	-6.963126952	248046	-0.004657561	0	-0.004657561	-1.591535701	248046:-0.004658	93694:-6.414097	216564:-6.963127	11:-7.059832	378:-8.350690	1789:-8.717009	24977:-9.424405	7609:-9.617464	195855:-10.320986	303:-10.518726	162750:-11.013593	791:-11.464594	180899:-11.486559	19712:-11.504832	13769:-11.576674	157526:-11.683840	1523:-11.746031	239188:-11.797222	209465:-11.866985	201:-11.884638
22	11	-9.273533840	248046	-0.000126858	0	-0.000126858	-0.301025196	248046:-0.000127	11:-9.273534	378:-10.675507	1789:-13.019860	791:-14.140298	23957:-14.282034	2899:-14.998365	303:-15.039266	384:-15.087508	510:-15.108551	201:-15.117597	318:-15.124474	1523:-15.196011	25:-15.743360	1639:-16.014538	2948:-16.028142	25952:-16.046134	23575:-16.097907	1358:-16.291690	52550:-16.305805
23	2445	-6.675161279	248046	-0.003600992	0	-0.003600992	-1.046815308	248046:-0.003601	2445:-6.675161	1147:-6.957727	3687:-7.669175	45929:-8.040874	501:-9.214394	585:-9.489523	58902:-9.638388	324:-9.839554	7709:-10.190498	2920:-10.418674	220:-10.915996	303:-11.032673	91258:-11.119288	791:-11.679784	28735:-11.795401	2972:-12.132345	5660:-12.197861	184977:-12.337504	264:-12.457560
24	160308	-4.524281108	248046	-0.393791759	0	-0.393791759	-3.401905191	248046:-0.393792	198132:-1.989300	3687:-3.275055	1147:-3.306227	632:-3.763672	160308:-4.524281	4931:-4.634221	501:-4.725681	585:-4.797659	4259:-4.809647	324:-4.998196	1510:-6.252932	181720:-6.279846	303:-7.146752	53544:-7.314662	2972:-7.333552	27026:-7.412051	12654:-7.558036	11094:-7.697027	750:-7.775300
25	5475	-0.274359270	5475	-0.274359270	1	-1.465246722	-0.011667670	5475:-0.274359	248046:-1.465247	475:-5.626972	532:-7.249473	276:-7.260397	2813:-8.238529	198:-8.867174	6161:-8.986645	178271:-9.455714	510:-9.580138	261:-9.580489	3204:-9.677147	64:-9.883767	248044:-9.897494	2337:-9.920911	2692:-10.035796	15231:-10.077815	78:-10.107061	10122:-10.255850	12871:-10.411701
26	68906	-13.313279523	248046	-0.023428335	0	-0.023428335	-9.547779117	248046:-0.023428	585:-4.566964	501:-4.794426	27026:-6.431530	3687:-7.106780	1147:-7.744160	324:-8.575351	303:-8.858916	632:-9.704302	378:-9.921303	1510:-10.392702	25:-10.410405	750:-10.635828	81759:-10.991743	220:-10.993718	4931:-11.065222	2972:-11.376301	23575:-11.400750	54118:-11.552672	7018:-11.819523
27	21360	-6.555077192	248046	-0.037413236	0	-0.037413236	-3.250698173	248046:-0.037413	6297:-4.821986	11:-5.038644	5436:-6.174346	378:-6.231750	1789:-6.306964	222950:-6.465949	21360:-6.555077	16569:-7.056816	240231:-7.123287	264:-7.188843	154553:-7.360448	16853:-7.522079	3972:-7.581095	1064:-7.658354	174090:-7.691960	191163:-8.068751	195409:-8.273202	9082:-8.721436	68:-8.859344
28	11	-8.745648091	248046	-0.000273412	0	-0.000273412	-0.540979559	248046:-0.000273	11:-8.745648	378:-9.222041	16569:-12.937401	318:-13.192210	5972:-13.403620	201:-14.467904	220:-14.716485	25952:-14.893288	14:-15.327393	4256:-15.338520	321:-15.360629	1789:-15.378946	68906:-15.423691	4779:-15.501630	1523:-15.626229	198:-15.738970	42310:-15.901682	35303:-15.910382	21360:-15.955081
29	6297	-3.792833049	248046	-0.068544108	0	-0.068544108	-1.078478927	248046:-0.068544	6297:-3.792833	13540:-3.850124	68906:-5.059274	29685:-6.140069	52063:-6.380251	35160:-6.435796	1817:-6.579410	5638:-6.957901	2503:-7.220768	66205:-7.340005	18887:-7.560026	35566:-8.194642	5647:-8.499009	21360:-8.507279	801:-8.590276	30221:-8.967132	42310:-9.010294	4779:-9.145395	3252:-9.197307
30	14786	-8.885455340	248046	-0.017473429	0	-0.017473429	-4.829657477	248046:-0.017473	436:-5.239722	13540:-5.306336	378:-5.566117	11:-6.442511	1538:-7.707622	1789:-7.757921	318:-8.543299	14786:-8.885455	17128:-10.298725	264:-10.605078	30576:-11.290547	21133:-11.354777	1817:-11.566403	6297:-11.755560	1523:-11.842766	16809:-12.034485	7199:-12.097415	26109:-12.109707	172454:-12.164320
31	13540	-0.958023774	248046	-0.485085236	0	-0.485085236	-0.001835829	248046:-0.485085	13540:-0.958024	30576:-8.165146	198:-9.867261	16809:-10.210410	68906:-10.785199	695:-10.872519	6297:-10.940215	21966:-11.253890	14840:-11.474967	220:-11.589039	63266:-11.598248	256:-11.908692	21360:-11.972918	351:-11.982379	25952:-12.080689	21124:-12.294348	28770:-12.366868	1358:-12.394306	248044:-12.624118
32	11	-6.867880706	248046	-0.004462127	0	-0.004462127	-1.453520715	248046:-0.004462	378:-5.775882	11:-6.867881	318:-8.391065	436:-10.250067	6297:-11.945044	1523:-12.284490	220:-12.976315	264:-13.177695	1789:-13.442882	4796:-13.766222	321:-13.786303	510:-14.005467	7199:-14.049938	30:-14.223679	25952:-14.230986	198:-14.348579	14:-14.419291	384:-14.454933	303:-14.604929
33	18588	-14.530808637	248046	-0.001234243	0	-0.001234243	-7.832894253	248046:-0.001234	6297:-7.774398	378:-8.932255	30221:-9.320445	28648:-9.510964	35566:-9.950325	68906:-10.169592	2503:-10.248568	52063:-10.601251	5638:-10.739145	801:-10.741753	22144:-11.046772	66205:-11.146247	3972:-11.178688	4025:-11.207567	23959:-11.486311	35160:-11.489723	5647:-11.620061	21360:-11.761053	13540:-11.858889
34	1354	-1.377548387	248046	-0.292148759	0	-0.292148759	-0.004535613	248046:-0.292149	1354:-1.377548	44:-8.059488	308:-9.095680	318:-9.965883	378:-10.089318	11:-10.184452	6556:-10.515764	14:-10.879583	4680:-11.282365	198:-11.356929	25952:-11.463468	52:-11.746823	64:-11.757550	987:-11.853471	264:-11.984374	2581:-12.070969	1789:-12.080967	33:-12.101493	17:-12.185189
35	378	-7.876455854	248046	-0.000471662	0	-0.000471662	-0.216972469	248046:-0.000472	378:-7.876456	11:-10.098228	14786:-10.739107	318:-11.467375	791:-13.248044	25952:-13.914016	14:-14.152700	1789:-14.328219	184500:-14.457327	220:-14.461122	1523:-14.616537	303:-14.687602	34732:-14.766623	55065:-14.779639	2678:-14.845889	30:-14.890066	13:-15.010905	15328:-15.023449	18588:-15.054134
36	35160	-5.967100174	248046	-0.100675613	0	-0.100675613	-3.621332968	248046:-0.100676	5638:-3.172088	68906:-3.756472	18588:-5.486042	52063:-5.599136	35160:-5.967100	21966:-6.623531	2503:-6.682026	5157:-6.892937	66205:-7.022523	21360:-7.278414	29685:-7.400223	14269:-7.590635	5647:-7.638575	4779:-7.660854	1147:-7.840992	35566:-7.900873	585:-7.953844	42310:-8.071054	15563:-8.145361
37	28275	-20.043875981	248046	-0.000013638	0	-0.000013638	-8.841252883	248046:-0.000014	19674:-12.319866	11:-12.833272	303:-13.530283	23683:-13.991270	22629:-14.353369	13:-14.578278	318:-15.126976	378:-15.250230	23575:-15.265818	5638:-15.299640	201:-15.522659	171744:-15.532925	25:-15.812133	30:-15.949506	25952:-16.110307	2445:-16.315211	791:-16.544336	14:-16.832098	63583:-17.006522
38	4931	-7.099423388	248046	-0.007533053	0	-0.007533053	-2.207204318	248046:-0.007533	324:-6.328769	632:-6.364401	3687:-6.621716	1147:-6.655989	4931:-7.099423	501:-9.088937	750:-9.614836	185817:-10.533558	585:-10.831355	228335:-11.318377	198:-11.326100	189197:-11.327673	23148:-11.329000	695:-11.653538	25197:-11.849550	173451:-12.145615	5442:-12.183425	25952:-12.279868	220:-12.284842
39	7281	-8.968962790	248046	-0.302952887	0	-0.302952887	-7.627129636	248046:-0.302953	230009:-2.156209	179400:-2.312491	174532:-5.142919	177519:-5.686271	3669:-5.968690	11220:-6.116670	67351:-6.226437	73088:-6.575058	236264:-6.651626	93587:-6.840990	87919:-6.964542	181735:-6.981563	1308:-7.118965	919:-7.275688	185817:-7.440435	3041:-7.538020	175001:-7.684819	1746:-8.018667	22312:-8.050277
40	14578	-4.959476789	248046	-0.007114729	0	-0.007114729	-0.010333377	248046:-0.007115	14578:-4.959477	5543:-12.131439	30612:-12.207451	12595:-12.235884	1322:-12.724143	266:-12.894724	155194:-12.904057	362:-13.405682	28698:-13.484875	212467:-13.498036	35303:-13.694971	1605:-14.167674	22828:-14.370429	201:-14.391909	532:-14.413636	9624:-14.459709	450:-14.465674	7281:-14.526471	25952:-14.535922
41	384	-6.825891096	248046	-0.001401503	0	-0.001401503	-0.254980198	248046:-0.001402	384:-6.825891	436:-9.585664	14791:-9.753949	7281:-10.183358	6040:-10.834571	303:-11.162748	1789:-11.237106	885:-12.271408	9300:-12.319728	12485:-12.687860	1228:-12.749548	264:-13.061196	35303:-13.150745	916:-13.263191	318:-13.277019	181668:-13.312031	201:-13.321902	37225:-13.324474	220:-13.329118
42	632	-2.174593977	248046	-0.132311873	0	-0.132311873	-0.086573897	248046:-0.132312	632:-2.174594	436:-5.560387	4931:-6.239716	12485:-7.180212	324:-7.462148	6040:-7.955994	14791:-8.011516	728:-8.492682	1167:-8.552372	41668:-8.848298	175973:-8.886685	3687:-9.039559	1147:-9.048221	585:-9.668060	182796:-9.698142	220:-9.743251	979:-10.090071	82751:-10.208482	9046:-10.319038
43	175973	-6.107337811	248046	-0.143124439	0	-0.143124439	-4.092588149	248046:-0.143124	6:-2.249503	436:-4.689655	515:-5.624706	14791:-5.641095	6040:-5.768171	175973:-6.107338	7543:-7.358931	52694:-7.379796	12485:-7.426433	41668:-7.881287	134:-8.120068	27886:-8.640081	1558:-8.848531	17313:-8.854579	92378:-8.894000	6165:-9.413207	3642:-9.494229	9867:-9.662080	10605:-9.792847
44	37225	-4.788863100	248046	-0.021347917	0	-0.021347917	-0.931407034	248046:-0.021348	37225:-4.788863	1789:-5.301139	436:-5.494597	14791:-6.035769	76342:-8.868140	1704:-8.962361	18006:-9.062305	2445:-9.701772	23828:-9.818158	41668:-10.028315	7281:-10.193440	18912:-10.569194	205533:-10.757829	3992:-10.829068	220:-10.933357	3950:-11.039712	44868:-11.258864	2658:-11.264023	2136:-11.341893
45	173945	-0.172385764	173945	-0.172385764	1	-1.870029044	-0.005008954	173945:-0.172386	248046:-1.870029	83280:-6.276392	156669:-8.026071	163072:-8.882090	181797:-8.966756	3183:-8.969188	93065:-9.020830	8814:-9.102085	1519:-9.419679	180159:-9.681331	78:-9.732728	15231:-9.916988	180025:-10.242431	19288:-10.284895	375:-10.368489	532:-10.384948	155194:-10.468901	5414:-10.689006	206522:-10.781595
46	13	-12.526845130	248046	-0.000523719	0	-0.000523719	-4.972028278	248046:-0.000524	18006:-8.211964	318:-9.941209	1789:-10.067164	23828:-10.554756	2445:-10.631768	436:-11.283370	303:-11.708119	11:-12.125216	264:-12.242999	13:-12.526845	1704:-12.639302	916:-12.980907	2136:-13.008783	22846:-13.094461	2920:-13.139520	6040:-13.259693	885:-13.282196	30:-13.296067	7281:-13.298327
47	30165	-24.769409684	248046	-0.000000504	0	-0.000000504	-10.269208817	248046:-0.000001	201:-17.172067	11615:-17.174075	248044:-17.323689	220:-17.577370	35303:-17.795396	28275:-18.020864	248069:-18.330617	172567:-18.356576	248068:-18.565453	9251:-18.693133	1358:-18.814747	173464:-18.940606	987:-18.974135	198:-19.141211	188:-19.275525	621:-19.327231	52451:-19.378190	248045:-19.382641	5690:-19.457532
48	81	-0.493599810	81	-0.493599810	1	-1.023161807	-0.048161396	81:-0.493600	248046:-1.023162	73754:-4.102445	55031:-6.167920	23960:-6.683022	38694:-6.987864	31732:-7.000461	5296:-7.039937	29561:-7.752391	166454:-8.034955	396:-8.194291	452:-8.244452	10240:-8.454732	5776:-8.487623	13995:-8.791485	235581:-8.858266	201:-9.150094	6085:-9.295838	85:-9.417417	198:-9.453605
49	31732	-8.861429028	248046	-0.130267910	0	-0.130267910	-6.758839941	248046:-0.130268	1709:-5.140821	22796:-5.184665	18232:-5.991892	21360:-6.008858	6138:-6.776369	32784:-6.973372	6383:-7.032540	18588:-7.101901	1163:-7.123782	9630:-7.243427	6293:-7.245718	2003:-7.393236	2150:-7.479550	58567:-7.585069	1713:-7.674112	2141:-7.713505	3204:-7.720994	80424:-7.738336	59029:-7.742029
50	59309	-14.437404686	248046	-0.007589871	0	-0.007589871	-9.552671407	248046:-0.007590	3687:-5.217553	45929:-6.788075	1147:-8.692800	585:-9.066618	2445:-9.081958	27149:-9.143320	324:-9.927755	303:-10.198563	45646:-10.590047	91258:-10.761591	501:-10.841021	2920:-10.914202	174140:-11.125750	35303:-11.386792	221819:-11.430338	632:-11.431227	49460:-11.478926	11:-11.565243	750:-11.570472
51	8709	-1.199646251	248046	-0.359157818	0	-0.359157818	-0.001442957	248046:-0.359158	8709:-1.199646	2745:-8.416561	308:-10.369424	54271:-10.494017	201:-10.976086	10101:-12.068771	368:-12.154228	510:-12.435069	78035:-12.498678	216969:-12.511256	12181:-12.525049	23991:-12.619145	37575:-13.030866	248044:-13.147743	153696:-13.189528	61334:-13.218833	943:-13.308163	35303:-13.506632	198:-13.530731
52	1147	-13.388418351	248046	-0.000462686	0	-0.000462686	-5.709724784	248046:-0.000463	1754:-9.533178	501:-10.199120	52550:-10.375135	585:-10.854000	25:-11.308958	378:-11.607019	234844:-11.709191	16731:-11.856975	25952:-11.875529	510:-12.024399	86288:-12.277752	81759:-12.283679	172417:-12.323207	791:-12.354553	35303:-12.383247	11:-12.391179	4699:-12.427076	8618:-12.528721	15231:-12.593571
53	185817	-12.499950510	248046	-0.019112688	0	-0.019112688	-8.533006504	248046:-0.019113	18943:-4.611602	67351:-5.290433	2849:-7.736364	14855:-8.505690	22846:-8.807220	68906:-8.870376	3421:-9.075528	6630:-9.144237	45521:-9.341332	21966:-9.388972	230960:-9.491710	2972:-9.610708	919:-9.641641	13540:-9.897225	182485:-9.905198	92378:-9.944068	184977:-10.104107	198201:-10.158687	198:-10.250115
54	1538	-4.746556277	248046	-0.048018451	0	-0.048018451	-1.686473171	248046:-0.048018	21133:-4.253259	378:-4.655795	1538:-4.746556	11:-5.116693	32364:-6.292063	1789:-6.496154	318:-7.124805	14:-7.296546	2899:-7.793262	4181:-7.794326	14786:-8.217623	26109:-8.700944	23476:-9.062552	4691:-9.170190	23957:-9.352400	78787:-9.366876	9640:-9.419677	17458:-9.432241	38661:-9.436542
55	9640	-1.408891113	175973	-0.870843323	0	-1.330384643	-1.101855563	175973:-0.870843	248046:-1.330385	9640:-1.408891	35710:-4.226921	175723:-4.685157	188105:-4.898073	1558:-4.934225	3817:-5.130899	27886:-5.886892	113726:-6.487006	13914:-6.571834	999:-6.664773	17511:-6.857820	1879:-6.862914	34751:-7.524692	44424:-7.555940	39242:-7.575199	51634:-7.771496	4528:-7.777728	186179:-7.949389
56	378	-7.194728408	248046	-0.007924590	0	-0.007924590	-2.352984050	248046:-0.007925	11:-5.211326	378:-7.194728	199082:-8.232152	318:-8.368346	23476:-8.534402	2899:-8.817199	60868:-9.018778	303:-9.235431	1789:-9.270279	23957:-9.778564	1879:-9.935739	1156:-10.242124	23575:-10.491560	8357:-10.511180	198:-11.002449	45749:-11.464201	660:-11.517219	14:-11.625150	2920:-11.628137
57	1147	-1.235309505	248046	-0.422183895	0	-0.422183895	-0.169318903	248046:-0.422184	1147:-1.235310	14786:-3.453190	324:-5.384023	1538:-5.787657	3687:-5.818033	23476:-6.184931	21133:-6.568324	198201:-6.583355	26109:-7.231752	501:-7.705123	750:-7.949613	585:-8.027066	78787:-8.360330	45013:-8.427354	1789:-8.728577	218073:-8.777222	75597:-8.847759	220:-9.007873	11:-9.224426
58	198201	-2.082247998	248046	-0.136447217	0	-0.136447217	-0.022982583	248046:-0.136447	198201:-2.082248	67351:-7.655225	178423:-7.768328	218073:-8.020385	1704:-8.480602	9191:-9.368629	185817:-9.447156	185146:-9.486990	18759:-9.813360	103910:-10.034370	256:-10.134630	2972:-10.362488	80558:-10.384816	173433:-10.491118	198922:-10.623517	198:-10.679753	173907:-10.965553	52451:-11.002004	6707:-11.108032
59	11	-13.803499081	248046	-0.001185276	0	-0.001185276	-7.065126886	248046:-0.001185	14786:-7.390918	1538:-8.308232	3817:-8.441342	21133:-10.674614	26109:-10.883033	1789:-11.412701	23476:-11.921465	178423:-11.960390	2468:-12.248492	303:-12.283151	10885:-12.541100	14:-13.380753	78787:-13.630769	11:-13.803499	201:-13.978938	2923:-14.049401	318:-14.059203	175723:-14.190142	3214:-14.519545
60	222226	-16.844195278	248046	-0.000032337	0	-0.000032337	-6.504889112	248046:-0.000032	378:-11.574863	67351:-13.620834	4681:-13.705720	1147:-13.909060	220:-14.023919	501:-14.462027	156747:-14.628870	8387:-14.727241	59309:-14.789572	55228:-14.866312	384:-15.101861	2445:-15.126075	3687:-15.221998	18402:-15.311916	45646:-15.330109	191639:-15.464428	303:-15.488760	54328:-15.497103	1358:-15.563909
61	2920	-7.989942420	248046	-0.011979926	0	-0.011979926	-3.559435566	248046:-0.011980	45646:-5.665623	791:-6.919902	45929:-6.976278	80607:-7.112903	91258:-7.201110	303:-7.376540	264:-7.751212	2920:-7.989942	228559:-8.076446	28735:-8.201587	2445:-8.641929	885:-8.726457	585:-8.839228	3687:-8.992308	500:-9.257790	5660:-9.264733	24977:-9.357847	27149:-9.414612	35303:-9.605934
62	45929	-1.210349531	248046	-0.545617552	0	-0.545617552	-0.344077229	248046:-0.545618	45929:-1.210350	15819:-2.953632	175877:-4.113360	69003:-5.390235	3687:-5.618648	18943:-5.717079	1147:-5.797100	7709:-5.812368	264:-6.515319	585:-6.610021	28275:-6.874121	303:-6.924646	52550:-7.107133	4259:-7.253490	6699:-7.260108	23575:-7.316367	92378:-7.561737	4931:-7.569770	11:-7.623074
63	53544	-2.596233160	248046	-0.286878378	0	-0.286878378	-1.207523832	248046:-0.286878	53544:-2.596233	11094:-3.487317	9532:-3.548222	27581:-3.835211	4259:-4.102305	175026:-4.514437	232100:-4.865289	205681:-5.119646	203018:-5.730343	237069:-5.887256	10840:-5.931092	192777:-6.056968	1308:-6.076113	233817:-6.090656	93608:-6.573345	79834:-6.630243	73371:-6.663061	197542:-6.784214	3170:-6.913008
64	23426	-11.605104966	248046	-0.710015817	0	-0.710015817	-10.928546585	248046:-0.710016	73371:-0.975778	94522:-4.173372	188166:-4.254160	183414:-4.564359	15563:-4.872114	26191:-5.041050	179849:-5.308361	203042:-5.319336	5969:-5.348129	193683:-5.609277	1740:-5.716834	201550:-5.762771	161713:-5.913687	183540:-6.165903	1907:-6.565197	5157:-6.755920	86798:-6.797264	61721:-6.854296	184974:-7.031333
65	1268	-0.567850398	1268	-0.567850398	1	-0.984140681	-0.099828375	1268:-0.567850	248046:-0.984141	23243:-4.097859	8202:-5.226420	350:-5.965114	54087:-6.159186	196251:-6.309045	12:-6.340285	3715:-6.464653	5798:-6.549927	43885:-6.551850	1689:-6.771332	5581:-6.817454	1723:-6.895617	218656:-6.973860	70948:-7.061631	21908:-7.304968	73371:-7.354605	163192:-7.423986	2506:-7.566561
66	88671	-0.358206790	88671	-0.358206790	1	-1.224432987	-0.010173950	88671:-0.358207	248046:-1.224433	152007:-6.150491	8494:-6.707864	13347:-6.778769	441:-7.649213	25022:-8.264825	58175:-8.839805	190159:-8.940234	73978:-9.030702	204119:-9.231483	235483:-9.753255	10090:-10.016269	25952:-10.025458	72:-10.086449	1452:-10.100211	198:-10.202316	83136:-10.631446	237271:-10.635554	201:-10.786936
67	13	-13.136629185	248046	-0.000219426	0	-0.000219426	-4.712022849	248046:-0.000219	378:-8.897760	11:-10.325514	296:-11.021433	2899:-12.214783	303:-12.476196	9300:-12.659825	318:-12.849737	13:-13.136629	46600:-13.185949	5972:-13.346696	14:-13.752368	201:-14.019442	171744:-14.150640	34732:-14.271484	1789:-14.448619	510:-14.782465	18468:-14.910766	25952:-14.979977	2805:-14.985540
68	11248	-27.640012973	248046	-0.000000351	0	-0.000000351	-12.777018394	248046:-0.000000	3437:-16.440409	198:-17.776490	248044:-17.832442	1358:-18.091508	52451:-18.155272	248045:-18.310765	987:-18.583363	201:-18.608389	248069:-18.622683	672:-18.634146	35303:-18.666648	271:-18.860615	9251:-18.883974	510:-18.909724	23426:-18.938424	621:-18.973891	248068:-19.088595	248058:-19.441705	173464:-19.478364
69	16525	-7.242595283	248046	-0.034930793	0	-0.034930793	-3.870794212	248046:-0.034931	181720:-3.822185	2259:-6.385281	16525:-7.242595	19802:-7.833100	180390:-7.991166	159995:-8.009472	11094:-8.032165	2859:-8.084901	89734:-8.644255	44961:-8.670745	33132:-8.925517	31141:-8.948654	8673:-9.017453	20187:-9.031493	195680:-9.155573	176397:-9.225568	182491:-9.226093	11058:-9.358050	186961:-9.437065
70	532	-0.518332151	532	-0.518332151	1	-0.907274869	-0.001450474	532:-0.518332	248046:-0.907275	65263:-7.889846	277:-10.320587	72:-10.982892	344:-11.114955	33081:-11.235875	64:-11.243669	513:-11.345484	2692:-11.576122	461:-11.585709	1549:-11.592470	180719:-11.749307	203007:-11.761235	91901:-12.120639	540:-12.255734	198:-12.277775	184612:-12.346379	224157:-12.369448	68:-12.472594
71	183203	-15.177325010	248046	-0.000478029	0	-0.000478029	-7.531245893	248046:-0.000478	176242:-9.328247	191209:-9.635743	179901:-9.708734	69003:-10.434802	25:-10.786350	13:-10.896991	82080:-11.099515	58413:-11.791674	198600:-11.863584	190938:-11.994889	11436:-12.060635	201:-12.390970	163681:-12.479562	189751:-12.500242	193179:-12.649091	12688:-12.656350	160308:-12.754869	5157:-12.805305	61721:-12.879090
72	1789	-9.513400268	248046	-0.000940513	0	-0.000940513	-2.543844825	248046:-0.000941	296:-8.442309	22825:-8.443836	1789:-9.513400	11:-9.782406	303:-10.037264	196236:-10.161621	7609:-10.354462	1477:-10.568117	25:-10.829483	13:-11.125620	21606:-11.456328	26:-11.467090	2397:-11.485096	21113:-11.703209	378:-11.788613	1036:-12.123642	44962:-12.188175	25952:-12.215990	14:-12.496098
73	183252	-6.642684589	248046	-0.206976543	0	-0.206976543	-4.965830841	248046:-0.206977	4906:-2.510188	6630:-3.816931	68906:-4.302960	27502:-4.695206	185519:-4.873885	92787:-5.256350	22506:-5.562537	175906:-5.616152	221680:-5.690030	8598:-5.699113	61610:-6.217795	32288:-6.227771	3917:-6.505351	183252:-6.642685	6297:-7.165881	13038:-7.218938	21113:-7.408600	37972:-7.463706	11436:-7.474967
74	13	-12.738463275	248046	-0.000071399	0	-0.000071399	-3.191199070	248046:-0.000071	296:-9.927932	11:-12.364152	13:-12.738463	303:-13.282692	14:-13.459359	25952:-13.959350	2805:-14.035533	22825:-14.107263	378:-14.143388	25:-14.201791	201:-14.623195	26:-14.647690	510:-14.761104	2920:-15.263125	6630:-15.337498	3359:-15.343004	35303:-15.482348	2397:-15.779452	6454:-15.935300
75	248046	-0.000000057	248046	-0.000000057	1	-0.000000057	nan	248046:-0.000000	4179:-18.355526	198:-18.934914	52451:-19.960729	35303:-20.070643	201:-20.075342	1358:-20.174473	621:-20.202356	256:-20.487293	271:-20.519504	11248:-20.901863	173464:-20.926850	248069:-21.046321	987:-21.091850	8934:-21.123925	510:-21.245426	248068:-21.267616	32879:-21.370585	1459:-21.374181	248062:-21.559008
76	198	-0.000000001	198	-0.000000001	1	-22.900037767	-0.000000001	198:-0.000000	271:-21.024204	248046:-22.900038	2228:-23.131854	248044:-23.298594	317:-23.467453	695:-23.866871	248045:-24.832142	220:-25.116324	25952:-25.300138	29:-25.303747	25:-26.088388	0:-26.283176	12:-26.289938	476:-26.601670	78:-26.823494	13:-26.833691	1873:-27.220751	1358:-27.249152	87:-27.401690
77	248045	-0.000000000	248045	-0.000000000	1	-27.123466492	-0.000000000	248045:-0.000000	248044:-22.030600	248059:-24.254166	248068:-24.322483	248046:-27.123466	136614:-27.826750	248069:-27.991026	248061:-28.802855	248050:-29.151123	248060:-30.033338	248062:-30.759623	32850:-31.011305	236881:-31.142189	107589:-31.222534	54907:-31.284008	184788:-31.794313	170907:-31.802677	52375:-31.808621	135533:-31.902500	168945:-31.945925
78	74455	-2.622493345	248045	-0.162341673	0	-2.820810873	-2.561088438	248045:-0.162342	74455:-2.622493	248046:-2.820811	248068:-4.921730	198:-7.102462	248059:-7.675005	17313:-8.577816	21360:-8.688475	6297:-8.785412	136614:-8.804382	69267:-9.013705	35160:-9.140212	52451:-9.763304	11198:-9.915222	54087:-9.950416	248044:-9.969225	35464:-9.987672	18588:-10.039634	32784:-10.097189	18887:-10.211250
79	198	-0.028644067	198	-0.028644067	1	-5.725806695	-0.025378018	198:-0.028644	248068:-3.883970	248046:-5.725807	271:-7.197269	25:-8.353157	695:-8.524335	262:-8.661562	9:-8.684310	248045:-8.967870	2228:-9.007392	248044:-9.018294	29:-9.507042	12:-9.706636	220:-9.894564	2005:-9.934727	515:-10.028945	256:-10.040970	14:-10.173557	91:-10.295888	197:-10.385220
80	248068	-0.000000003	248068	-0.000000003	1	-20.608146671	-0.000000002	248068:-0.000000	248045:-20.066078	248046:-20.608147	248058:-23.465648	248059:-24.614332	248069:-25.786386	248044:-27.416252	248066:-28.483522	248060:-28.531581	108936:-29.843571	14382:-29.893710	66771:-29.973410	57786:-30.034969	40304:-30.054504	170907:-30.234207	190463:-30.363186	115225:-30.447019	2349:-30.480137	922:-30.485548	71093:-30.586279
81	271	-11.966326416	198	-0.000006378	0	-22.018267334	-11.966326416	198:-0.000006	271:-11.966326	695:-18.290656	75:-19.641697	2228:-20.252907	248044:-20.380460	1358:-21.238654	317:-21.965001	248046:-22.018267	8160:-22.050011	12:-22.349476	248069:-22.769870	13:-22.779107	1031:-22.859508	5690:-22.992967	13488:-22.995104	760:-23.247192	6987:-23.371002	97237:-23.371348	25952:-23.389174
82	248069	-0.000000314	248069	-0.000000314	1	-21.103632288	-0.000000314	248069:-0.000000	69267:-16.122246	71093:-17.383008	248058:-17.823063	8160:-19.033617	15542:-19.035980	248068:-19.052665	51448:-19.166820	28072:-19.193524	248045:-19.402022	1464:-19.422751	9764:-19.605053	7895:-19.622390	90700:-19.828377	50821:-19.884654	760:-20.052140	9:-20.105425	5328:-20.120682	510:-20.344183	170907:-20.560622
83	271	-0.000006611	271	-0.000006611	1	-17.124638493	-0.000006575	271:-0.000007	1358:-12.619061	2:-13.190574	987:-14.721639	198:-15.679955	36:-15.983746	248044:-16.031394	332:-16.472963	4558:-16.477320	248046:-17.124638	13:-17.167060	13962:-17.398896	71093:-18.036036	845:-18.121488	550:-18.143047	653:-18.181003	63:-18.273759	731:-18.359234	623:-18.452047	172567:-18.587394
85	4783	-0.000661071	4783	-0.000661071	1	-20.560364898	-0.000661070	4783:-0.000661	450:-7.892472	344:-9.378717	532:-10.243804	505:-10.566678	8002:-10.710350	14913:-11.572254	8709:-12.014439	15023:-12.510848	2077:-12.953383	14578:-13.024007	233241:-13.048825	90103:-13.072084	8303:-13.248195	588:-13.272769	5475:-13.280521	266:-13.339692	3204:-13.527650	4726:-13.547054	4189:-13.844281
86	4931	-0.109960826	4931	-0.109960826	1	-21.031482012	-0.109960825	4931:-0.109961	632:-2.757750	324:-3.282559	1147:-6.379484	750:-7.434309	3687:-8.155838	23148:-9.158375	916:-9.260909	501:-9.560137	7281:-10.036302	5992:-10.311936	220107:-11.012509	52550:-11.335354	8303:-11.793198	173387:-12.056287	104840:-12.167940	49862:-12.255396	585:-12.309465	378:-12.420018	560:-12.550169
87	7281	-0.003087059	7281	-0.003087059	1	-21.313858525	-0.003087059	7281:-0.003087	230009:-6.828959	916:-7.057618	104840:-8.101033	10125:-9.150455	223800:-9.301631	224692:-9.493072	6040:-9.563241	199837:-9.678228	204493:-10.485420	53536:-10.655468	178257:-10.840507	104062:-10.900372	20319:-11.071665	208921:-11.186767	126466:-11.373988	225842:-11.475746	59557:-11.620688	243477:-11.696415	175102:-11.752365
88	14578	-0.000154423	14578	-0.000154423	1	-22.374841141	-0.000154423	14578:-0.000154	1322:-9.931449	30612:-10.703837	28698:-11.363227	60906:-11.705753	5543:-12.088937	212467:-12.332394	6138:-12.401962	155194:-12.727611	12595:-12.732802	384:-12.747319	37089:-12.825478	532:-12.827039	54944:-13.136014	154750:-13.313134	4219:-13.746243	362:-13.760656	9624:-13.774830	42553:-13.837881	25620:-13.887683
89	384	-0.001464232	384	-0.001464232	1	-19.808386191	-0.001464229	384:-0.001464	916:-6.989013	318:-9.219732	303:-10.756877	9300:-10.950319	1789:-11.268115	163411:-11.651929	94900:-11.669750	220107:-11.748467	6040:-11.749850	11:-11.844055	23828:-11.854289	2920:-11.884902	104840:-11.902463	147962:-11.965530	264:-11.998924	2948:-12.056758	632:-12.117359	296:-12.138154	181370:-12.234538
90	632	-0.000871315	632	-0.000871315	1	-22.134952917	-0.000871315	632:-0.000871	4931:-7.498201	19670:-9.369648	175973:-9.554330	23828:-10.425741	3687:-10.947338	182796:-11.495206	23148:-11.621286	221134:-11.927271	585:-11.989187	86685:-12.066204	296:-12.304117	1188:-12.338964	324:-12.346625	4744:-12.380094	3349:-12.834554	1789:-13.243131	1147:-13.323859	354:-13.343571	96449:-13.421121
91	175973	-0.117656993	175973	-0.117656993	1	-18.296969938	-0.117656982	175973:-0.117657	19670:-2.480871	221134:-3.792263	23828:-6.799079	632:-7.881612	180554:-7.956833	4744:-8.024296	8509:-8.419995	35317:-8.957892	34751:-9.049814	57844:-9.748474	9998:-9.810713	3349:-9.831318	33119:-9.899081	1286:-9.940727	27886:-9.949542	17722:-9.978829	103725:-10.015550	205533:-10.041530	1558:-10.066021
92	37225	-0.002410113	37225	-0.002410113	1	-20.358964383	-0.002410112	37225:-0.002410	1789:-6.307111	62481:-8.949582	85193:-9.639959	23828:-9.655164	205533:-9.715965	19670:-10.423186	138484:-10.535943	35842:-11.039585	182505:-11.791015	3349:-11.943473	98277:-12.048864	1704:-12.180639	33119:-12.295967	3917:-12.367345	194499:-12.712449	885:-12.870778	436:-12.935174	23476:-12.945911	3992:-12.978366
93	173945	-0.001020074	173945	-0.001020074	1	-24.258457661	-0.001020074	173945:-0.001020	180025:-7.832332	83280:-7.940158	155645:-9.785009	156669:-10.083694	163072:-10.492791	181797:-11.126155	8814:-11.306621	213929:-11.317483	88671:-11.588672	35380:-11.967807	206522:-12.009057	19288:-12.095701	93065:-12.333645	9185:-12.504375	56476:-12.697100	3822:-12.751884	155194:-12.862918	16503:-12.980537	154510:-13.009305
94	318	-0.522038552	318	-0.522038552	1	-16.422597977	-0.522038478	318:-0.522039	1789:-1.649146	11:-1.976741	23828:-3.181840	19670:-4.748066	885:-5.229788	180554:-5.640304	18006:-5.703723	3349:-6.439283	233251:-7.144248	436:-7.170982	264:-7.500527	94900:-7.687543	33119:-7.789085	86685:-8.158379	190734:-8.279302	2948:-8.603562	203460:-8.644168	223252:-8.662011	961:-8.726275
95	3950	-0.029726786	3950	-0.029726786	1	-23.987224859	-0.029726786	3950:-0.029727	1952:-3.722468	33119:-5.970313	10673:-7.321790	43:-8.570248	327:-8.698120	258:-8.910342	78:-9.551871	287:-9.592915	7090:-9.995192	2445:-10.324609	177437:-10.333371	7041:-10.353391	83716:-10.362303	19670:-10.418671	636:-10.478032	2085:-10.481099	8317:-10.486913	354:-10.499985	223252:-10.636874
96	44	-0.000056941	44	-0.000056941	1	-20.903816420	-0.000056940	44:-0.000057	20971:-11.780319	681:-11.984111	64:-12.569585	78:-12.587654	76:-12.591297	34:-12.623290	35:-13.125385	49:-13.274315	38:-13.380773	32:-13.465057	51:-13.554819	47:-13.575901	33:-13.639174	50:-13.639873	10673:-13.736423	45:-13.918518	53:-13.926770	43:-13.944428	380:-14.167288
97	681	-0.054975805	681	-0.054975805	1	-21.272303936	-0.054975804	681:-0.054976	8:-3.040476	11:-5.711254	2445:-7.174238	471:-7.675906	296:-8.542075	3687:-9.651730	1317:-9.963764	324:-10.566979	264:-10.595326	885:-10.678150	303:-10.699859	436:-10.872627	2899:-11.018805	1789:-11.119055	23828:-11.150576	553:-11.197764	1590:-11.349146	190734:-11.418479	961:-11.508326
98	3687	-0.685559448	3687	-0.685559448	1	-19.522812720	-0.685559444	3687:-0.685559	585:-1.315728	324:-1.904325	1147:-3.441442	501:-3.781617	16315:-6.296752	2397:-6.400155	172734:-6.413655	11094:-6.454060	2445:-6.467981	11436:-6.557567	750:-6.657502	52550:-6.711067	11486:-6.957082	27026:-7.141394	27149:-7.305867	28735:-7.903951	69003:-7.943427	632:-7.951425	272:-8.113389
99	221819	-0.491565112	221819	-0.491565112	1	-17.866261605	-0.491565095	221819:-0.491565	27886:-2.345434	174710:-2.545791	6165:-2.732566	56904:-3.315236	176005:-3.337926	11436:-4.475733	1817:-5.307832	63178:-5.358656	60063:-5.396623	213825:-5.410853	230106:-5.487159	174297:-5.501750	328:-5.798474	44750:-5.838489	175723:-6.460455	195818:-6.504207	187665:-6.505887	32234:-6.520498	175877:-6.589219
100	21133	-0.298900645	21133	-0.298900645	1	-20.550426285	-0.298900644	21133:-0.298901	1789:-1.408361	69003:-4.783701	26109:-5.615644	1538:-7.695789	23476:-7.877844	14786:-8.609242	2397:-9.393357	215869:-10.192817	45013:-10.244694	60290:-10.355767	1433:-10.407512	171822:-10.719467	44750:-10.757797	401:-10.865442	182592:-10.937397	78787:-11.303078	2899:-11.490581	378:-11.530050	9300:-11.793467
101	69003	-0.000161443	69003	-0.000161443	1	-21.986396227	-0.000161442	69003:-0.000161	192466:-11.862503	17222:-11.932191	187900:-11.959184	171552:-12.083846	176678:-12.171541	3817:-12.181030	2397:-12.331729	3153:-12.337173	2612:-12.438381	182063:-12.454385	27039:-12.463601	79380:-12.627147	60290:-12.657028	44750:-12.810701	189751:-13.117235	176242:-13.193576	234437:-13.219044	185107:-13.260159	795:-13.437902
102	171822	-1.169141145	171822	-1.169141145	1	-19.128017456	-1.169141140	171822:-1.169141	11094:-1.216653	93951:-1.830705	175553:-2.444913	378:-2.792205	2397:-3.711848	9300:-4.069742	35552:-4.309847	175026:-4.745473	203018:-6.013427	221568:-6.236780	4259:-6.924445	187006:-7.064258	192372:-7.170041	183689:-7.469856	49167:-7.522916	177961:-7.642033	1472:-7.782863	23957:-7.916162	177972:-7.983192
103	324	-0.694847456	324	-0.694847456	1	-20.237380615	-0.694847454	324:-0.694847	501:-1.683483	585:-1.753762	1147:-2.045349	27026:-5.687598	3687:-5.805653	11436:-6.319117	81759:-7.226612	16731:-7.654419	16315:-7.739186	68906:-7.739319	172734:-8.213148	172417:-8.303966	750:-8.517191	19322:-8.864478	174991:-9.512542	4015:-9.573298	21360:-9.590626	101874:-9.771468	49862:-9.783715
104	6	-0.028664658	6	-0.028664658	1	-22.191294143	-0.028664657	6:-0.028665	515:-3.615689	11436:-7.367166	37596:-8.628991	65909:-8.693974	101874:-10.115613	50300:-10.367261	64707:-10.414169	13607:-11.290532	183516:-11.476436	49333:-11.490099	9867:-11.491646	174991:-11.550436	79565:-11.610120	2688:-11.646906	43219:-11.656045	35547:-11.679814	60443:-11.709994	579:-11.931840	46272:-11.954374
105	65909	-0.063827844	65909	-0.063827844	1	-22.409054370	-0.063827844	65909:-0.063828	183516:-3.347222	89130:-3.827244	11436:-6.261963	64604:-7.353131	101874:-7.563754	1077:-8.548139	35547:-8.820816	18140:-9.029692	26923:-9.215083	13180:-9.543764	195753:-9.947934	39102:-9.968058	1341:-10.036681	154566:-10.265758	8309:-10.665711	178551:-10.680428	77646:-10.702170	36501:-10.866850	215496:-11.040912
106	11094	-0.567699729	11094	-0.567699729	1	-18.057616531	-0.567699715	11094:-0.567700	35552:-1.815752	5862:-2.496380	2397:-2.707817	1538:-3.374132	1789:-4.096325	192545:-4.746134	49167:-4.758664	6165:-5.241367	151863:-5.250243	318:-5.496277	11436:-5.960924	221568:-6.130555	203018:-6.236446	77983:-6.568007	192372:-7.119350	187006:-7.121640	3590:-7.399350	174451:-7.549240	34949:-7.575818
107	180122	-1.243390619	180122	-1.243390619	1	-21.089944183	-1.243390618	180122:-1.243391	4488:-1.343233	14359:-1.631546	190734:-1.927885	632:-2.834808	4931:-4.508295	196323:-5.654280	163411:-5.695279	45963:-6.233318	201568:-6.296650	207780:-6.526132	239044:-6.798758	164084:-6.871513	230056:-6.952194	16099:-7.082683	214598:-7.116467	184019:-7.369819	186235:-7.460647	196270:-7.469757	173135:-7.504008
108	791	-0.005957956	791	-0.005957956	1	-21.203939552	-0.005957956	791:-0.005958	48211:-6.048036	13:-6.390828	2397:-7.764352	11:-8.231311	31029:-8.240137	378:-8.722247	48426:-9.476084	223073:-9.745232	58902:-9.992129	244442:-10.107112	7256:-10.281170	6117:-10.310618	1147:-10.813440	264:-10.822823	204662:-11.025152	178864:-11.032180	27149:-11.392648	25:-11.406332	2920:-11.586912
109	1147	-0.294719576	1147	-0.294719576	1	-21.904719591	-0.294719576	1147:-0.294720	244442:-2.079342	182727:-3.261063	178864:-3.729141	204662:-4.075901	324:-4.287123	501:-5.200323	19699:-5.336952	244901:-5.451811	6117:-5.943453	217106:-6.192844	187645:-6.253260	194591:-6.985161	3687:-7.135188	175782:-7.231176	191076:-7.402927	185519:-7.489849	7995:-7.571703	6630:-7.962866	585:-8.002470
110	183252	-0.821272888	183252	-0.821272888	1	-16.944039383	-0.821272844	183252:-0.821273	311:-1.015744	15133:-2.223168	10725:-3.669519	6630:-4.299730	4906:-4.361194	178423:-5.103064	171792:-5.677946	175708:-6.433735	183048:-6.449207	59639:-6.624368	185519:-6.660733	239934:-6.841586	221680:-6.921126	175906:-7.196915	225102:-7.234140	204903:-7.253563	227186:-7.341520	4061:-7.645193	1027:-7.803145
111	378	-0.109643150	378	-0.109643150	1	-19.379120994	-0.109643146	378:-0.109643	1789:-2.409627	14786:-4.523606	384:-7.157112	11:-7.360179	1538:-7.641676	23476:-8.288083	176507:-8.836184	26109:-8.898975	21133:-9.550651	318:-9.604412	1523:-9.677995	13:-9.796316	178423:-10.218514	68:-10.985202	163411:-11.072991	296:-11.333616	9686:-11.490503	48211:-11.508115	101928:-11.602987
112	1147	-0.252610106	1147	-0.252610106	1	-20.515831728	-0.252610105	1147:-0.252610	324:-1.544686	3687:-5.053540	585:-6.726663	15133:-7.607301	11:-8.126202	501:-8.127610	791:-8.453360	1027:-9.035153	750:-9.599588	175906:-9.639155	311:-9.861676	171792:-9.975097	27026:-10.003207	83234:-10.500420	27149:-10.635775	178896:-11.029536	225102:-11.031503	215456:-11.160472	173135:-11.327481
113	15133	-1.247780829	15133	-1.247780829	1	-17.199871092	-1.247780795	15133:-1.247781	1027:-1.454518	83234:-1.788377	175906:-1.900662	171792:-2.206531	311:-3.745301	236106:-5.485719	68906:-5.919849	227186:-6.105269	186711:-6.252185	19059:-6.749803	172775:-7.010981	178423:-7.198180	163411:-7.428390	225102:-7.604564	1766:-7.634089	214977:-7.644351	207315:-7.761072	185232:-7.815260	2695:-7.855303
114	23192	-0.000057908	23192	-0.000057908	1	-24.029130431	-0.000057907	23192:-0.000058	6059:-11.436045	275:-11.955348	5664:-12.160832	64:-12.235107	188730:-12.521113	12447:-12.774118	23476:-13.085259	14786:-13.092644	154453:-13.114116	163534:-13.508630	171604:-13.603615	152507:-13.703786	201004:-13.761974	6161:-14.088336	163115:-14.340544	20575:-14.440757	160356:-14.668425	35403:-14.710812	8802:-14.785121
115	14786	-0.503253546	14786	-0.503253546	1	-19.517742243	-0.503253543	14786:-0.503254	23476:-1.325491	1538:-2.544502	13:-3.289377	26109:-4.662763	21133:-6.601101	78787:-7.059458	384:-7.547935	1789:-7.943054	178423:-8.619889	176507:-8.654499	9532:-9.633630	45013:-9.729885	2920:-9.837933	11:-9.963890	175708:-10.016616	34732:-10.283222	916:-10.289307	202220:-10.611314	104840:-10.728214
116	178423	-0.006572891	178423	-0.006572891	1	-20.117349554	-0.006572889	178423:-0.006573	104840:-6.905355	198201:-7.027055	6040:-7.041519	916:-7.127977	175708:-7.582071	178257:-8.352059	71971:-8.825977	202220:-9.068555	35729:-9.273064	230009:-9.360663	7281:-9.432359	41927:-9.654634	204493:-9.848396	1965:-9.957735	239934:-10.238461	175102:-10.253891	61727:-10.311838	185817:-10.318493	228041:-10.446828
117	13	-0.001672888	13	-0.001672888	1	-19.581521415	-0.001672884	13:-0.001673	11:-7.126949	791:-8.679385	27149:-8.891823	500:-9.831339	174349:-10.174825	1789:-10.587412	171397:-10.961590	177001:-11.175409	318:-11.243963	2397:-11.368561	1297:-11.368850	11094:-11.447727	378:-11.551609	1538:-11.659579	2920:-11.923069	185605:-12.014768	171777:-12.022713	7305:-12.040874	296:-12.086687
118	177001	-0.635329557	177001	-0.635329557	1	-17.900760007	-0.635329540	177001:-0.635330	171397:-1.735978	3495:-2.425237	174349:-2.600736	1297:-3.372609	7521:-4.133472	185605:-4.315479	7305:-5.259087	11248:-5.392360	18862:-5.717701	14889:-5.725098	1158:-5.823575	183739:-5.950995	4770:-5.983537	39689:-6.033729	353:-6.044368	2989:-6.222532	13412:-6.335883	171777:-6.380671	436:-6.434192
119	2445	-0.546454421	2445	-0.546454421	1	-19.822334519	-0.546454418	2445:-0.546454	4931:-0.881696	632:-5.993026	45929:-6.775726	1147:-7.190448	156747:-7.281667	3687:-8.031451	1952:-8.238330	23148:-8.429667	205110:-8.643781	187532:-9.501562	23575:-9.647401	15108:-9.833637	244901:-9.938762	750:-10.190643	53051:-10.269084	501:-10.479614	3905:-10.489508	324:-10.762915	947:-10.827283
120	160308	-1.274945429	160308	-1.274945429	1	-16.442412785	-1.274945357	160308:-1.274945	220107:-1.335620	43550:-1.708165	198132:-2.728063	1930:-2.943334	10857:-3.209703	21360:-4.350715	21009:-4.389980	4259:-4.834090	68906:-4.993519	82888:-5.152614	2972:-5.170168	209947:-5.201185	904:-5.342738	585:-5.543632	173319:-5.581667	916:-5.927661	501:-6.263627	52550:-6.300191	152511:-6.489604
121	5475	-0.000227621	5475	-0.000227621	1	-23.020880154	-0.000227621	5475:-0.000228	78:-9.614487	4189:-10.851672	276:-10.956078	3204:-11.029034	9847:-11.600394	2083:-11.677478	12711:-11.756943	20892:-11.835915	532:-12.173293	4726:-12.678578	53049:-12.737120	82893:-12.873399	3253:-13.044141	11452:-13.308654	308:-13.344737	164260:-13.351428	31782:-13.372399	178760:-13.418442	33081:-13.489598
122	2972	-0.696428470	2972	-0.696428470	1	-18.318100206	-0.696428459	2972:-0.696428	585:-2.204586	21360:-2.300123	11:-2.485975	501:-2.625054	3050:-3.451958	68906:-3.472384	1147:-3.823493	303:-5.243085	81759:-5.307249	172417:-5.866593	225871:-5.928570	177154:-5.941614	378:-6.019260	239938:-6.036823	59309:-6.144261	13453:-6.324334	172291:-6.736843	23575:-6.830719	18588:-6.983243
123	32784	-0.131356233	32784	-0.131356233	1	-22.723187321	-0.131356232	32784:-0.131356	18232:-3.075864	7976:-3.587047	18247:-3.977685	1178:-4.836869	10223:-5.099771	30576:-5.370828	61693:-6.341010	9082:-6.524678	10327:-6.533828	76067:-6.963016	14138:-7.491881	30918:-7.508101	2319:-8.132771	3252:-8.918578	53:-8.919456	68376:-8.976852	44856:-9.310435	16759:-9.339231	68906:-9.534373
124	93868	-0.008698749	93868	-0.008698749	1	-21.450865435	-0.008698749	93868:-0.008699	11:-5.686811	332:-6.459792	1789:-6.515795	318:-6.786797	1538:-8.281268	14786:-9.415183	18588:-9.789033	11961:-10.063707	27886:-10.202689	13540:-10.314195	66554:-10.341783	1785:-10.398943	717:-10.836055	21360:-10.895814	174090:-10.906757	7561:-11.007749	42310:-11.106315	68906:-11.208131	14:-11.220371
125	2972	-0.000108508	2972	-0.000108508	1	-20.647744445	-0.000108507	2972:-0.000109	1147:-10.161529	6297:-10.567977	18887:-11.457819	7976:-12.573084	13540:-13.208995	18588:-13.413128	4931:-13.583050	585:-13.975263	14786:-14.112737	1789:-14.116663	9082:-14.126623	501:-14.189491	29702:-14.326986	179604:-14.458419	187113:-14.506676	3687:-14.513199	171446:-14.521977	68906:-14.606914	189816:-14.609100
126	7976	-0.055780634	7976	-0.055780634	1	-23.597611889	-0.055780634	7976:-0.055781	9082:-3.806767	18232:-3.948448	30576:-4.532311	32784:-7.715763	34:-8.784401	11198:-9.421604	1178:-9.784343	35464:-9.905848	233326:-9.925772	59653:-10.064811	53:-10.127426	6297:-10.231952	14138:-10.296568	111734:-10.435047	48213:-10.480314	18887:-10.487057	6901:-10.542227	18247:-10.589099	68376:-10.815847
127	14786	-0.315468561	14786	-0.315468561	1	-19.378532660	-0.315468557	14786:-0.315469	13540:-1.351805	93868:-4.724904	1538:-7.169546	332:-7.219357	1789:-7.820089	30576:-8.937190	318:-9.269443	26109:-9.436416	436:-9.702473	63266:-9.992495	23476:-10.684176	21133:-10.824747	14840:-10.866309	92217:-10.942858	10968:-11.227084	2972:-11.280392	159034:-11.453772	21124:-11.459113	46600:-11.462592
128	13540	-0.000066633	13540	-0.000066633	1	-22.115964765	-0.000066633	13540:-0.000067	30576:-10.479909	63266:-11.993176	351:-12.036337	14840:-12.683916	28770:-12.841212	21966:-13.088323	18887:-13.098442	21124:-13.187204	2972:-13.815718	16809:-14.297446	14737:-15.125955	21360:-15.146199	10968:-15.343193	83298:-15.441489	13142:-15.507853	5165:-15.672750	68906:-15.820222	39397:-15.883457	436:-15.982542
129	93868	-0.064857220	93868	-0.064857220	1	-19.338035321	-0.064857216	93868:-0.064857	332:-3.134287	15328:-4.142683	318:-6.620477	14:-7.916810	7199:-8.141521	378:-8.296245	10968:-8.672216	11:-8.703300	159034:-10.086364	67608:-10.147530	436:-10.278733	487:-10.498693	92217:-10.541050	18794:-10.587897	2972:-10.640375	11046:-10.641509	7561:-10.749923	4691:-10.753778	171446:-10.960623
130	2972	-0.000036901	2972	-0.000036901	1	-18.228148168	-0.000036889	2972:-0.000037	18588:-11.151448	378:-12.186353	18232:-12.862367	171446:-13.553905	1147:-14.133881	73879:-14.359013	176217:-14.395789	1789:-14.825896	189816:-15.018965	187113:-15.081572	172299:-15.138188	29702:-15.173486	585:-15.176140	179604:-15.381677	35160:-15.510047	173976:-15.570311	348:-15.573262	264:-15.649873	2920:-15.763684
131	18232	-0.002507684	18232	-0.002507684	1	-22.675744054	-0.002507683	18232:-0.002508	1178:-6.673984	7976:-7.215135	32784:-9.176683	53:-10.257234	30576:-10.264308	48213:-10.703594	10408:-10.914848	14138:-10.916333	76067:-11.683979	12117:-11.814420	31931:-11.884185	18588:-11.998584	68376:-12.010402	9082:-12.380111	10327:-12.405031	34:-12.410081	18247:-12.453198	7850:-12.628676	47842:-12.664909
132	1354	-0.000093819	1354	-0.000093819	1	-19.670014740	-0.000093816	1354:-0.000094	308:-10.057933	6556:-11.608917	44:-11.867452	4680:-12.798462	1825:-13.231425	55771:-13.425059	1058:-13.514721	332:-13.627746	10862:-13.903542	1728:-13.964236	18232:-13.975767	53:-14.041048	1745:-14.104023	939:-14.107132	32784:-14.330335	15552:-14.380199	2642:-14.439173	318:-14.519448	802:-14.541945
133	332	-0.004995578	332	-0.004995578	1	-20.034633630	-0.004995576	332:-0.004996	318:-5.530352	378:-7.566285	93868:-8.388227	21966:-10.541928	15328:-11.416748	2972:-11.482512	1789:-11.539945	14786:-11.619135	159034:-11.745091	14:-11.919996	80838:-11.978328	1538:-12.038813	68:-12.049055	1523:-12.155288	35160:-12.227991	171446:-12.286368	48213:-12.301203	26109:-12.564034	18588:-12.611005
134	378	-0.041802870	378	-0.041802870	1	-19.732675301	-0.041802868	378:-0.041803	318:-3.372692	1523:-5.069799	68:-9.244171	73879:-9.923199	321:-10.424817	1789:-10.924345	2972:-11.655920	296:-11.884664	14786:-11.907446	23476:-11.950254	11094:-12.076120	1962:-12.411664	1538:-12.553632	384:-12.726634	303:-12.805339	28275:-12.813686	374:-12.829352	4460:-12.957439	23575:-12.994439
135	2972	-0.000279354	2972	-0.000279354	1	-19.200624393	-0.000279349	2972:-0.000279	324:-10.010072	1147:-10.646828	632:-10.789597	35160:-10.948914	501:-11.040681	11:-11.284451	449:-11.901996	3687:-12.162541	4931:-12.512086	73879:-12.543087	27026:-12.620922	585:-12.644873	171446:-12.754504	1178:-12.773930	750:-13.012750	801:-13.090022	1789:-13.254892	332:-13.403132	5638:-13.481830
136	1178	-0.001790343	1178	-0.001790343	1	-20.581711112	-0.001790342	1178:-0.001790	5612:-7.529912	5318:-8.819244	4104:-9.314476	4684:-9.360054	35125:-9.379465	35160:-9.600574	50:-9.629379	18232:-9.768163	753:-9.893733	45998:-10.465132	44408:-10.540488	15696:-10.760557	32784:-11.053500	14138:-11.186165	3950:-11.215470	67:-11.372814	68376:-11.394886	72543:-11.483923	18164:-11.538242
137	35	-0.000532311	35	-0.000532311	1	-17.564245385	-0.000532288	35:-0.000532	93868:-9.529820	332:-9.880180	3967:-10.451973	64688:-10.604648	44:-10.931769	67:-11.035853	17099:-11.193288	5751:-11.242207	45:-11.433926	19674:-11.507754	5318:-11.516007	46:-11.532566	59884:-11.627725	33:-11.685454	887:-11.809360	18567:-11.927531	6151:-12.180151	50:-12.353394	32:-12.449670
138	93868	-0.189960075	93868	-0.189960075	1	-19.083017302	-0.189960070	93868:-0.189960	332:-1.783256	14:-7.495824	159034:-7.521249	11:-7.832776	303:-8.173073	11046:-9.030433	19674:-9.077292	10968:-9.183542	23575:-9.211370	11965:-9.213358	18794:-9.353790	22629:-9.367912	11961:-9.401065	487:-9.705444	318:-9.731742	15328:-9.771617	25880:-9.788507	14520:-9.868230	15797:-9.899295
139	156747	-1.299360177	156747	-1.299360177	1	-18.563825807	-1.299360168	156747:-1.299360	4681:-1.760984	3319:-2.060591	230056:-2.112205	384:-2.301962	70881:-3.127134	18402:-3.393132	8387:-3.717599	3080:-3.905557	59309:-4.102970	205110:-4.911415	6356:-4.951736	947:-5.282186	39742:-5.292047	214598:-6.024351	44351:-6.194025	234329:-6.319267	3050:-6.569199	27890:-6.589592	182710:-6.718753
140	9031	-0.023256263	9031	-0.023256263	1	-21.814522258	-0.023256263	9031:-0.023256	4726:-4.223658	4189:-5.133553	429:-6.781536	450:-7.788199	344:-8.664825	266:-9.510442	211746:-10.079998	242549:-10.099960	160399:-10.386917	155469:-10.485739	180902:-10.653135	5475:-10.711980	5379:-11.026634	14913:-11.322027	62392:-11.784125	639:-11.870027	30612:-11.966364	2077:-12.001448	153696:-12.015343
141	303	-0.945333433	59309	-0.936016035	0	-18.508818221	-0.945333424	59309:-0.936016	303:-0.945333	174140:-2.494490	171822:-3.760441	4681:-4.082652	67351:-4.252378	23575:-4.304973	384:-4.313112	69326:-4.706221	791:-5.462551	28275:-5.544130	40543:-5.644476	174588:-5.959249	54118:-6.003147	34732:-6.086409	2923:-6.412458	70881:-6.428041	8387:-6.632359	177154:-6.740425	82969:-6.803008
142	32234	-0.737653465	32234	-0.737653465	1	-18.271610350	-0.737653453	32234:-0.737653	4016:-1.361740	57786:-1.548776	203514:-4.507342	178920:-4.760990	191898:-5.238809	67351:-5.435441	175110:-5.592523	632:-5.638000	4681:-6.688640	4118:-6.836689	2255:-6.918001	195855:-7.111847	205533:-7.161165	179189:-7.241663	4931:-7.520979	176114:-7.526663	179552:-7.759813	8387:-7.833380	190463:-7.955168
143	174596	-1.286791827	174596	-1.286791827	1	-17.625702049	-1.286791805	174596:-1.286792	187017:-1.386437	4681:-1.634269	180899:-2.493251	239188:-2.925477	214598:-3.222114	176242:-3.719023	3413:-4.410234	191691:-5.002452	70881:-5.425193	180930:-5.496847	159995:-5.580389	10929:-5.846715	200163:-6.052714	8387:-6.283388	176914:-6.430451	222708:-6.465724	196270:-6.772996	234566:-6.989179	59309:-7.000644
144	384	-0.670640626	384	-0.670640626	1	-16.987962642	-0.670640585	384:-0.670641	378:-0.861879	7256:-3.039001	11:-5.084269	1523:-5.428522	13:-5.548836	40543:-7.058114	171822:-7.716047	791:-8.056389	28275:-8.480995	174588:-9.182106	27149:-9.205942	23575:-9.361267	4681:-9.433826	2445:-9.588857	180899:-9.939735	303:-9.995541	2920:-10.049843	174140:-10.226906	318:-10.264017
145	241816	-0.031327062	241816	-0.031327062	1	-18.925348573	-0.031327056	241816:-0.031327	632:-4.210450	22672:-5.427819	172452:-6.552984	4931:-6.964335	216564:-7.444144	159830:-7.508894	5077:-7.669474	1147:-7.712127	585:-7.865483	3687:-8.013444	4681:-8.060824	179817:-8.439798	212779:-8.439805	222260:-8.445480	203514:-8.537847	324:-8.550675	216229:-8.727101	4016:-8.791320	13769:-8.835344
146	216564	-0.005903928	216564	-0.005903928	1	-20.957623808	-0.005903927	216564:-0.005904	93694:-6.152339	13:-7.014722	11:-7.382094	157526:-7.439641	13769:-7.495069	162750:-8.223801	180899:-9.180522	209465:-9.452510	214350:-9.537755	214363:-9.840655	3413:-10.521605	207949:-10.590907	378:-10.866126	28275:-11.009959	204529:-11.189288	239938:-11.275975	1789:-11.360254	791:-11.510423	35326:-11.518851
147	13	-0.371377521	13	-0.371377521	1	-17.344705634	-0.371377491	13:-0.371378	11:-1.292482	378:-3.750841	791:-5.364310	28275:-5.896429	2948:-8.138410	3319:-8.218680	1523:-8.226914	23575:-8.387239	1789:-8.668010	4681:-8.740593	303:-8.787301	34732:-8.804012	40543:-8.849965	18402:-8.937398	885:-9.042884	2920:-9.169165	318:-9.193903	2445:-9.263355	1538:-9.306793
148	271	-0.006212545	271	-0.006212545	1	-11.395361257	-0.006201297	271:-0.006213	171397:-6.736585	4558:-7.590140	3495:-7.624543	21631:-8.528872	18050:-8.595150	11248:-8.632702	180476:-8.816318	414:-8.869881	246275:-8.961367	436:-9.243033	7305:-9.276171	2228:-9.432804	6101:-9.515986	4770:-9.569748	39689:-9.605674	14889:-9.820201	18862:-9.875213	183739:-10.017598	31478:-10.094570
149	4277	-0.338384597	4277	-0.338384597	1	-15.962565391	-0.338384481	4277:-0.338385	13962:-1.956802	29:-2.268579	168975:-5.000755	3758:-5.289966	80063:-5.757638	7865:-6.006972	11180:-6.076975	9751:-6.285390	51:-6.482429	1378:-6.561763	332:-6.708869	158:-6.996625	3417:-7.100487	43838:-7.100777	8482:-7.144465	53:-7.151110	35:-7.350439	11707:-7.416363	58575:-7.555788
150	271	-0.000192794	271	-0.000192794	1	-10.104519042	-0.000151899	271:-0.000193	4558:-9.818622	248046:-10.104519	198:-11.229265	18050:-11.297268	2228:-11.614010	13962:-12.811878	16112:-13.379273	248044:-13.669218	550:-13.764874	10838:-13.927315	7460:-14.187551	987:-14.535209	220:-14.723413	1358:-14.854423	845:-14.889066	264:-15.137379	91786:-15.486682	695:-15.506957	59720:-15.706103
151	13962	-0.469477489	13962	-0.469477489	1	-18.259241893	-0.469477477	13962:-0.469477	550:-0.982577	2:-9.551940	16:-9.637765	9008:-9.878717	332:-10.855822	794:-11.462695	16112:-12.027072	4277:-12.371322	29:-12.416968	7460:-12.528503	3758:-13.474075	40:-13.536059	9764:-13.718528	158:-13.790866	220:-13.878062	3417:-14.026624	9751:-14.147270	15:-14.310198	46:-14.503815
152	220	-0.115374083	220	-0.115374083	1	-14.707439894	-0.115373673	220:-0.115374	10838:-2.581732	2972:-4.170531	91786:-5.141213	10669:-5.480546	2765:-6.010273	44979:-7.167937	11430:-7.504413	27008:-7.949885	60914:-8.221459	60585:-8.515679	189551:-8.531522	233439:-8.563231	61302:-9.001103	49684:-9.036716	5403:-9.333254	44411:-9.835249	353:-9.878297	2264:-9.908602	59720:-9.914316
153	16	-0.000654353	16	-0.000654353	1	-13.887023104	-0.000653422	16:-0.000654	15:-7.647913	29545:-10.680470	17:-11.240950	21:-11.432594	68086:-12.244907	46916:-12.273514	158:-12.360554	22:-12.469928	19:-12.508843	18:-12.533649	10838:-12.537626	220:-12.545688	46701:-12.622045	24:-12.797546	20:-12.949411	57487:-13.080015	175:-13.363156	135:-13.436736	9008:-13.489174
154	13	-0.000625262	13	-0.000625262	1	-17.372480521	-0.000625234	13:-0.000625	10669:-9.215685	27008:-9.840672	29545:-10.097538	2972:-10.485583	7305:-10.625370	8:-10.643259	4770:-10.746273	44979:-10.906833	1900:-11.086490	353:-11.399652	11:-11.449459	159029:-11.490060	60585:-11.499503	5403:-11.570469	35160:-11.809288	33467:-11.857299	10838:-12.213062	34513:-12.220750	29449:-12.224505
155	10669	-1.309444846	10669	-1.309444846	1	-16.228302897	-1.309444756	10669:-1.309445	27008:-2.182513	2972:-2.603617	35160:-2.621943	1900:-3.008436	353:-3.093942	6558:-3.128898	60585:-3.166504	4770:-3.307552	7305:-3.353179	44979:-3.379606	5403:-3.436530	29449:-4.335132	33467:-4.477375	210563:-4.785296	18588:-4.888976	181310:-5.227854	172080:-5.321065	233439:-5.322779	7413:-5.679087
156	90275	-0.000079342	90275	-0.000079342	1	-21.977007814	-0.000079342	90275:-0.000079	293:-10.724832	3822:-11.628190	1656:-12.526729	483:-12.710991	46414:-12.887511	1223:-13.231216	195508:-13.260133	277:-13.433671	269:-13.905359	60885:-14.144957	2818:-14.178789	2906:-14.388200	18279:-14.421561	52579:-14.432807	47620:-14.502299	178010:-14.710914	6383:-14.828265	25010:-14.885019	97343:-14.898378
157	2906	-0.000345276	2906	-0.000345276	1	-23.667445706	-0.000345276	2906:-0.000345	895:-8.646666	16603:-9.767864	3822:-10.773382	11165:-11.644871	450:-11.783669	7287:-12.089595	667:-12.104097	16063:-12.276691	2813:-12.322681	2141:-12.480997	29983:-12.607081	5864:-12.822630	21133:-12.911375	174232:-13.135744	51507:-13.313200	12949:-13.430938	13674:-13.496373	2337:-13.562641	25010:-13.673281
158	21133	-0.346828286	21133	-0.346828286	1	-18.069743161	-0.346828272	21133:-0.346828	1538:-2.678558	25:-2.796007	174232:-3.202272	26109:-3.233938	204903:-3.761082	23476:-3.969265	195984:-4.632152	14786:-5.429270	21608:-6.051506	35547:-6.093988	3146:-6.295339	213245:-6.332851	189305:-6.725609	45013:-7.077793	94059:-7.157719	27008:-7.259504	4437:-7.296442	28646:-7.397063	78787:-7.449429
159	189751	-1.139214366	189751	-1.139214366	1	-19.553735464	-1.139214362	189751:-1.139214	5403:-1.457806	10799:-1.488675	27008:-1.627286	175110:-5.114314	109145:-6.390201	3566:-6.477460	2120:-6.700635	32956:-7.156861	175877:-7.250297	49195:-7.699146	183368:-7.724928	4016:-7.773242	95218:-7.838652	237206:-7.943431	14955:-8.008679	8309:-8.015914	193230:-8.077765	188028:-8.435337	12932:-8.439895
160	271	-0.401083218	271	-0.401083218	1	-14.557728993	-0.401082742	271:-0.401083	378:-1.955364	23575:-2.556833	11436:-3.629456	226788:-3.872421	28275:-4.103371	34732:-4.693920	198:-4.780998	185315:-4.901009	303:-5.070036	63583:-5.470024	175553:-6.156986	175777:-6.473616	318:-7.225124	35547:-7.775920	69326:-7.795864	54118:-7.807904	65909:-7.842592	177154:-8.015685	101874:-8.139484
161	91	-0.779873353	91	-0.779873353	1	-21.024026257	-0.779873352	91:-0.779873	12:-1.110295	9:-2.566645	794:-2.653325	3417:-2.859486	16:-6.292788	3758:-6.389311	1378:-7.397185	46:-7.463238	36:-8.106055	13962:-8.339998	623:-8.691877	332:-9.044444	177198:-9.326374	2014:-9.509903	19179:-9.749810	51:-9.751158	199451:-9.972088	59898:-10.042331	34142:-10.159669
162	5403	-0.002567464	5403	-0.002567464	1	-22.183918708	-0.002567464	5403:-0.002567	2120:-6.985493	92378:-7.222758	35547:-8.891511	4957:-9.265796	220180:-9.340851	40019:-9.823063	8309:-10.110756	93350:-10.176295	67923:-10.253288	22678:-10.394754	1158:-10.463904	38691:-10.651275	53214:-10.889757	60836:-11.036196	3566:-11.128143	234266:-11.220135	233937:-11.258839	12932:-11.394539	189480:-11.596641
163	68	-0.001243644	68	-0.001243644	1	-17.529381328	-0.001243620	68:-0.001244	735:-6.851038	72:-9.325551	378:-11.734870	78:-12.125338	256:-12.380207	1450:-12.560137	36:-12.781518	268:-12.785216	287:-12.860680	406:-13.162469	285:-13.209515	257:-13.287180	260:-13.300100	262:-13.381808	950:-13.436306	220:-13.469727	670:-13.940878	64:-13.980070	84:-14.111665
164	735	-0.000978624	735	-0.000978624	1	-15.812052881	-0.000978488	735:-0.000979	256:-8.057509	257:-8.591157	950:-9.592158	260:-9.612713	406:-9.834479	262:-10.000784	285:-10.016146	27008:-10.416988	670:-10.449800	1734:-10.787533	309:-11.425983	220:-11.488385	1779:-11.743561	336:-11.992935	2215:-12.236054	197:-12.397700	183586:-12.485040	175877:-12.845404	1025:-12.854630
165	27008	-0.107227114	27008	-0.107227114	1	-20.336193589	-0.107227113	27008:-0.107227	15598:-2.930980	183586:-3.746422	85923:-5.065788	56314:-6.615159	14955:-6.656025	18306:-6.954210	175877:-7.037553	238503:-7.134735	17575:-7.468411	351:-7.663274	43516:-7.867192	8176:-7.943279	40186:-8.006874	61302:-8.252437	187242:-8.263944	6855:-8.291270	357:-8.359731	12932:-8.432642	423:-8.507662
166	9715	-0.000173376	9715	-0.000173376	1	-22.650872038	-0.000173376	9715:-0.000173	9847:-9.665099	13817:-10.485526	335:-10.894752	8498:-11.805951	174090:-12.145378	2004:-12.349375	27055:-12.761564	22766:-12.909482	53840:-13.046877	223736:-13.136241	42356:-13.206113	4638:-13.255222	7674:-13.288658	190373:-13.405413	182627:-13.523492	184105:-13.614051	1481:-13.739576	12758:-13.927845	21044:-13.931783
167	174090	-0.171864207	174090	-0.171864207	1	-18.241423781	-0.171864195	174090:-0.171864	34732:-2.352149	63583:-3.615847	23575:-4.542006	28275:-4.580836	174232:-5.331641	185315:-6.833794	303:-6.866189	8593:-7.090398	69326:-7.155883	191691:-7.281324	43051:-7.752600	180122:-7.782834	246332:-7.894028	175777:-7.918068	177154:-8.111621	7159:-8.396723	12078:-8.540534	735:-8.848287	54118:-9.157071
168	735	-0.790827605	735	-0.790827605	1	-14.391274782	-0.790827042	735:-0.790828	63583:-1.712579	23575:-1.996547	34732:-2.144360	28275:-2.403840	303:-4.674843	69326:-5.297036	177154:-6.279109	54118:-6.409123	172368:-7.004748	2261:-7.847171	172567:-8.156029	436:-8.624340	791:-9.056943	384:-9.194747	11615:-9.307200	176145:-9.332479	176686:-9.346578	188586:-9.419650	241258:-9.650937
169	61302	-0.778856701	61302	-0.778856701	1	-17.161277837	-0.778856666	61302:-0.778857	198:-1.951683	85923:-2.225414	183586:-2.439699	29213:-3.130582	212779:-3.468637	18306:-3.828532	3156:-4.200657	43516:-4.723809	220396:-5.599528	18862:-5.621859	1473:-5.631392	28896:-5.885102	88506:-5.895128	15354:-5.940281	238503:-6.121205	45421:-6.273124	93755:-6.531941	180476:-6.576504	182652:-6.845795
170	667	-0.001994503	667	-0.001994503	1	-19.742169751	-0.001994501	667:-0.001995	627:-7.005783	2906:-7.865708	7196:-8.237446	158159:-9.997046	5834:-10.455415	3822:-10.678844	23192:-10.764489	13347:-11.375640	536:-11.385208	83136:-11.388751	6161:-11.596293	37835:-11.631997	4591:-11.659966	5681:-11.932892	36719:-11.961637	3362:-12.029266	174596:-12.147181	562:-12.271112	27217:-12.426675
171	174596	-0.284718403	174596	-0.284718403	1	-14.211498150	-0.284717730	174596:-0.284718	735:-1.672261	201131:-4.423688	222397:-4.689032	229366:-5.124972	214363:-5.412031	180436:-5.705172	175523:-5.713323	175068:-6.029382	48988:-6.363486	92874:-7.097463	193295:-7.456148	181370:-7.698730	204128:-7.804856	173072:-7.861701	97561:-7.982719	65995:-8.027309	791:-8.104669	195855:-8.104899	4145:-8.112116
172	735	-0.000094570	735	-0.000094570	1	-16.281315006	-0.000094485	735:-0.000095	318:-11.594524	25:-12.205907	198:-12.339801	91:-12.989598	2228:-13.058177	348:-13.210694	2953:-13.214164	5510:-13.224527	2445:-13.235686	9:-13.345578	10838:-13.518015	1789:-13.605025	1321:-13.965278	49293:-14.111531	61448:-14.148705	183110:-14.150117	4931:-14.173330	791:-14.200015	1076:-14.217252
173	198	-0.000333454	198	-0.000333454	1	-18.259106781	-0.000333442	198:-0.000333	29213:-9.314787	183586:-9.795519	85923:-11.248695	212779:-11.679423	171397:-11.774694	18306:-11.987812	15108:-12.019219	8176:-12.756449	88506:-12.876091	93755:-13.230350	14739:-13.273407	39171:-13.276121	182652:-13.281545	180476:-13.306970	212175:-13.342497	61302:-13.359450	17575:-13.473472	18862:-13.475872	43516:-13.541320
174	91	-0.000019137	91	-0.000019137	1	-17.222543780	-0.000019104	91:-0.000019	77719:-11.743704	49143:-11.833054	9:-14.574084	1076:-14.957623	8224:-15.554293	63:-15.778269	10:-15.843252	735:-15.918330	29:-15.945302	12:-15.956496	332:-15.986713	4277:-16.009791	13962:-16.121582	9008:-16.129719	27:-16.150299	71093:-16.201754	486:-16.301287	16:-16.428005	6391:-16.806139
175	4996	-0.111742931	4996	-0.111742931	1	-17.530334907	-0.111742906	4996:-0.111743	4277:-3.055419	17549:-3.721665	535:-4.298153	14894:-4.450415	18934:-5.402474	12091:-6.674159	40698:-7.142844	22031:-7.593396	16077:-8.245246	376:-8.282977	25:-8.349592	37363:-8.386853	746:-8.481996	502:-8.484822	20308:-9.378043	312:-10.370136	1360:-10.522920	42339:-10.567031	26911:-10.674169
176	91	-0.000004038	91	-0.000004038	1	-16.550688013	-0.000003973	91:-0.000004	735:-13.596852	77719:-14.179717	8224:-14.321427	49143:-15.469103	10:-15.648747	12:-16.259218	248046:-16.550688	158819:-16.630770	312:-16.794348	70410:-16.891473	2:-17.068610	25:-17.078498	26:-17.140091	271:-17.294630	4006:-17.501686	746:-17.677262	332:-17.694429	548:-17.761888	486:-17.781570
177	746	-0.000893945	746	-0.000893945	1	-21.636625642	-0.000893945	746:-0.000894	94332:-7.744415	1360:-8.543578	26911:-9.384091	37363:-9.453800	8956:-10.451496	18934:-11.294423	40698:-11.377619	4277:-11.898822	42013:-12.139169	82189:-12.456273	3398:-12.467230	1464:-12.594041	312:-12.871356	13980:-13.316957	7443:-13.484969	4996:-13.827932	54352:-13.860333	54907:-14.044850	22031:-14.281632
178	312	-0.021222790	312	-0.021222790	1	-20.074697693	-0.021222788	312:-0.021223	4277:-4.081484	91:-5.781477	12:-7.250929	18934:-9.771566	746:-9.923010	502:-10.580933	17549:-10.910814	20308:-10.977989	14641:-10.983152	14894:-11.411026	28104:-11.571286	16077:-11.629556	22031:-11.631502	77719:-11.780151	82928:-12.019037	4006:-12.079452	37363:-12.374252	90709:-12.518655	2218:-12.763792
179	91	-0.000032385	91	-0.000032385	1	-15.185861547	-0.000032131	91:-0.000032	735:-11.406698	77719:-12.559048	12:-12.751341	49143:-12.755548	8224:-12.769479	10:-13.667475	4152:-14.387017	25:-14.407969	70410:-14.800110	2:-14.886104	248046:-15.185862	63:-15.232508	93409:-15.334804	746:-15.448326	4006:-15.654191	158819:-15.723938	45991:-15.834857	22242:-15.874222	9:-15.882245
180	746	-0.007184533	746	-0.007184533	1	-19.009602575	-0.007184528	746:-0.007185	94332:-5.105720	37363:-7.603605	26911:-8.975650	1360:-9.110993	18934:-9.379156	4277:-10.039497	8956:-10.120937	40698:-10.804504	13980:-10.818491	17549:-11.109577	4996:-11.388259	42013:-11.468071	82189:-11.631168	22031:-11.644043	3398:-11.811052	1464:-11.989360	4152:-12.042989	14894:-12.422092	198:-13.264362
181	4277	-0.064069812	4277	-0.064069812	1	-16.696299140	-0.064069756	4277:-0.064070	312:-3.192471	12:-4.072500	14641:-6.399881	91:-6.770217	17549:-8.673708	18934:-8.766924	22031:-8.828985	20308:-9.032961	14894:-9.136493	502:-9.725460	16077:-10.095858	2218:-10.640595	28104:-11.019239	13962:-11.346181	8442:-11.356891	746:-11.678282	397:-11.874559	5785:-11.894707	8224:-12.209280
182	91	-0.000130209	91	-0.000130209	1	-16.275842222	-0.000130124	91:-0.000130	12:-9.378266	198:-10.727328	735:-12.128022	8224:-13.106532	332:-13.376360	63:-13.922272	2228:-14.058415	312:-14.108523	4006:-14.153941	71093:-14.428559	92:-14.439576	60:-14.939518	13:-15.006591	16:-15.077788	8:-15.125374	22242:-15.174243	62:-15.213316	10:-15.227759	695:-15.342572
183	198	-0.000030742	198	-0.000030742	1	-14.082852588	-0.000029977	198:-0.000031	695:-11.908926	2228:-12.527736	4277:-12.970339	271:-14.048302	248046:-14.082853	72:-14.317223	1031:-14.714375	5690:-14.834133	16:-14.990284	15:-15.346220	12091:-15.501579	17:-15.737128	13962:-15.813359	309:-15.914930	40:-15.949320	332:-15.995068	248044:-16.012556	1076:-16.013764	93:-16.023665
184	91	-0.000200096	91	-0.000200096	1	-12.767814460	-0.000197245	91:-0.000200	332:-9.251380	71093:-11.802353	2972:-11.958263	256:-12.471521	29:-12.539334	13962:-12.689668	735:-12.743905	248046:-12.767814	63:-13.111091	309:-13.151199	27:-13.212155	8224:-13.227991	2228:-13.537399	1076:-13.599733	285:-13.668606	2:-13.677049	59:-13.786695	486:-13.788579	64580:-13.867406
185	2972	-0.000071713	2972	-0.000071713	1	-15.878994176	-0.000071586	2972:-0.000072	35160:-11.265351	18588:-12.197986	176217:-12.410424	10838:-12.419520	172299:-12.574342	332:-12.611604	189816:-12.776935	187113:-12.860141	189551:-13.041307	172100:-13.372218	173976:-13.375241	171446:-13.469949	178380:-13.600759	29702:-13.610336	21360:-13.645453	179604:-13.674155	256:-13.956680	735:-14.179576	75118:-14.407159
186	1178	-0.255318689	1178	-0.255318689	1	-19.782550383	-0.255318687	1178:-0.255319	32784:-2.185033	18232:-2.245502	7976:-6.349381	30576:-6.727639	61693:-7.444233	14138:-8.050696	7850:-8.871051	5318:-9.069821	66646:-9.143140	18247:-9.151861	10327:-9.204812	68376:-9.267345	76067:-9.423755	35160:-9.827294	5612:-9.936599	53:-9.964766	12117:-10.186941	48213:-10.325387	60316:-10.375180
187	35	-0.000035028	35	-0.000035028	1	-18.377711992	-0.000035018	35:-0.000035	332:-11.710645	5318:-12.341191	64688:-12.949481	67:-13.060744	3967:-13.061616	5751:-13.744576	59884:-13.844192	18567:-13.912686	46:-14.442695	32:-14.450104	17099:-14.477643	887:-14.500497	44:-14.582576	7444:-14.611622	35474:-14.638461	6151:-14.729668	45:-15.030486	10284:-15.093847	1745:-15.213740
188	332	-0.005759768	332	-0.005759768	1	-17.711247497	-0.005759748	332:-0.005760	318:-5.295190	19674:-8.100298	14:-8.660718	593:-9.470912	22629:-10.799905	11046:-11.150001	92217:-11.538112	9964:-11.886642	735:-12.001979	14520:-12.015394	16240:-12.264663	2972:-12.355712	296:-12.445206	9325:-12.640260	93868:-12.726041	510:-12.788404	26355:-12.796432	9:-13.000030	14269:-13.186601
189	735	-0.113416881	735	-0.113416881	1	-15.121760578	-0.113416611	735:-0.113417	318:-2.371487	256:-5.182942	950:-6.234940	406:-6.965282	257:-7.183685	262:-7.324789	1779:-7.771894	260:-7.862009	9214:-7.870870	670:-8.022515	285:-8.246807	187982:-8.603962	1734:-8.617278	2215:-8.633959	1025:-9.049162	6664:-9.135209	220:-9.143698	309:-9.235019	27718:-9.645375
190	9214	-0.699912687	9214	-0.699912687	1	-18.511001011	-0.699912678	9214:-0.699913	187982:-1.647249	19438:-2.358953	6664:-2.514375	70196:-3.195076	225871:-3.461969	14269:-4.042533	14889:-5.014323	769:-5.100147	13158:-5.734057	5157:-6.637161	74415:-6.680092	1077:-6.682254	2972:-6.690385	18164:-6.788560	76786:-6.984644	7065:-7.024141	85923:-7.216816	8856:-7.356821	181310:-7.444085
191	20175	-0.003007804	20175	-0.003007804	1	-22.593810116	-0.003007804	20175:-0.003008	197436:-6.010347	31732:-8.661255	76430:-9.545118	316:-9.960384	9630:-10.290568	72:-11.093235	70250:-11.246883	40164:-11.741163	294:-11.809324	340:-12.256348	26073:-12.347003	228343:-12.509304	23463:-12.567809	231152:-12.725252	19492:-12.729315	25806:-12.793888	258:-12.855492	35851:-12.875104	2177:-12.923672
192	28698	-0.014716818	28698	-0.014716818	1	-18.040300562	-0.014716804	28698:-0.014717	3687:-5.954029	585:-6.247532	176182:-6.758603	14578:-7.227372	14884:-7.731636	41852:-7.999229	245571:-8.134892	104581:-8.405029	1147:-8.529432	1110:-8.568317	89:-8.624515	264:-8.904953	49460:-8.961544	198575:-9.112308	155231:-9.157718	86881:-9.158445	501:-9.206073	69003:-9.235212	66838:-9.241977
193	176182	-0.170175628	176182	-0.170175628	1	-17.791620092	-0.170175609	176182:-0.170176	245571:-2.360161	264:-3.171507	221518:-5.195472	10336:-6.455420	1789:-6.615527	21133:-6.808346	198575:-6.955741	2972:-7.198036	104581:-7.263692	184329:-7.550387	181668:-7.621655	14884:-7.781478	1064:-7.843649	2397:-8.045928	1538:-8.349680	69003:-8.427879	183947:-8.457021	233716:-8.731591	174090:-8.761831
194	1538	-1.004475686	1538	-1.004475686	1	-15.548965785	-1.004475510	1538:-1.004476	735:-1.224393	21133:-1.871963	318:-2.720233	378:-2.950757	1789:-3.715287	13:-4.257297	25:-5.020074	11:-5.638366	221518:-5.641931	14786:-6.730962	26:-6.847890	26109:-6.897978	264:-6.979089	201924:-7.135078	296:-7.226499	175973:-7.408460	1523:-7.685544	961:-7.735452	45646:-7.852357
195	175973	-0.003757590	175973	-0.003757590	1	-18.740280741	-0.003757582	175973:-0.003758	2972:-6.686697	35710:-8.027130	328:-8.105296	3061:-8.421707	1558:-8.569825	27886:-8.989960	221134:-9.037295	34751:-9.066777	184026:-9.431408	348:-9.507590	999:-9.756307	182796:-10.070379	103725:-10.276898	79653:-10.537258	93790:-10.542960	57844:-10.548348	175723:-10.821938	241690:-10.966908	191081:-11.017904
196	378	-0.411778448	378	-0.411778448	1	-15.620086906	-0.411778283	378:-0.411778	735:-1.739655	318:-2.209325	11:-3.419007	13:-4.777649	1789:-6.525810	328:-7.169819	37225:-7.172225	436:-7.330691	3376:-7.511727	14791:-7.586853	17511:-7.724020	21133:-7.831357	233716:-8.219809	28735:-8.351027	13914:-8.437500	885:-8.453204	23828:-9.060958	829:-9.242867	3061:-9.404305
197	21133	-0.147978693	21133	-0.147978693	1	-18.403753906	-0.147978683	21133:-0.147979	1538:-2.943433	14786:-3.475942	26109:-3.976634	78787:-4.217631	69003:-5.052131	1789:-5.159026	45013:-5.794484	23476:-6.299600	999:-8.692872	585:-8.935830	179299:-9.104642	17511:-9.267973	60290:-9.420892	92702:-9.570989	216912:-9.695885	188105:-9.878449	501:-10.097558	68906:-10.196120	750:-10.233107
198	69003	-0.136241420	69003	-0.136241420	1	-17.818676694	-0.136241402	69003:-0.136241	999:-2.497459	17511:-3.563732	1433:-5.729072	6040:-6.507997	187900:-7.231805	92702:-7.273378	13914:-7.275888	4475:-7.479372	226168:-7.504913	176678:-7.602219	7027:-7.740562	3425:-7.897405	237497:-8.466425	81244:-8.620065	182796:-8.795435	113726:-8.879546	175000:-8.904011	197609:-9.016317	3153:-9.159568
199	735	-0.567541305	735	-0.567541305	1	-17.070183460	-0.567541267	735:-0.567541	13:-1.424473	1789:-2.662949	216912:-3.143357	2397:-4.425289	199082:-4.713583	1538:-4.726137	14786:-4.991341	17511:-5.922162	207071:-6.197540	23476:-6.366009	24207:-6.383989	264:-6.624390	2726:-6.664528	829:-6.773106	961:-6.911478	885:-6.958616	7281:-7.238210	178395:-7.266498	1064:-7.322041
200	5510	-1.041766323	5510	-1.041766323	1	-17.781566001	-1.041766304	5510:-1.041766	4770:-1.756349	7305:-2.007768	183110:-2.484529	41552:-2.597873	1188:-3.412205	328:-3.698634	201024:-4.122872	15108:-4.175059	6282:-4.315263	436:-4.431106	187982:-4.636508	245145:-4.711980	2972:-5.116151	12618:-5.230800	172080:-6.041728	59742:-6.166325	80231:-6.332837	9214:-6.631719	171397:-6.638719
201	35819	-0.019351262	35819	-0.019351262	1	-23.553715605	-0.019351262	35819:-0.019351	81:-4.004022	74579:-8.840400	200679:-9.678186	91642:-9.981656	224193:-10.338285	2337:-10.501311	2147:-10.561889	175862:-10.778952	45128:-11.047010	46930:-11.158731	73754:-11.231181	3508:-11.368392	42527:-11.391835	209218:-11.468882	176028:-11.505473	4489:-11.544271	298:-11.561013	7389:-11.649663	2252:-11.714140
202	667	-0.000551464	667	-0.000551464	1	-18.661056521	-0.000551457	667:-0.000551	789:-9.749466	10122:-9.966930	25010:-10.147118	5681:-10.324661	19288:-10.455258	12061:-10.598965	7196:-11.099502	3183:-11.622809	155334:-11.849879	63293:-11.949693	3362:-12.005850	10465:-12.067152	158159:-12.116322	3680:-12.239905	8814:-12.293828	2141:-12.438028	25620:-12.526611	21817:-12.530173	3472:-12.556373
203	25	-1.623736269	25	-1.623736269	1	-13.168693907	-1.623734360	25:-1.623736	45646:-1.864729	303:-2.261666	384:-2.496975	1789:-2.646541	203460:-3.308421	23828:-3.493729	2920:-3.745856	296:-3.790110	318:-3.819341	191163:-3.958813	176182:-4.068294	23575:-4.282613	175030:-4.398869	65520:-4.508408	1538:-4.700815	208622:-4.911326	164749:-4.930409	21133:-4.959414	5157:-5.107288
204	77659	-0.797574720	77659	-0.797574720	1	-15.336332521	-0.797574501	77659:-0.797575	226944:-1.543960	585:-2.690332	7528:-2.876947	45646:-3.076346	41852:-3.709878	10787:-4.121982	11486:-4.190359	27026:-4.526510	665:-4.671518	22607:-4.762692	16076:-4.801906	3687:-4.888806	170517:-5.321054	185184:-5.710254	179894:-5.745273	15563:-5.912435	5157:-6.432510	28735:-6.474357	750:-6.571367
205	41852	-0.034018046	41852	-0.034018046	1	-20.558672434	-0.034018045	41852:-0.034018	585:-3.542742	3687:-7.330197	185184:-7.353032	348:-7.597710	71636:-7.890890	49460:-7.924984	1147:-8.048012	172624:-8.227107	324:-8.382624	172841:-8.724506	27026:-9.395781	2972:-9.459204	52550:-9.557326	24825:-9.705063	33417:-9.994865	178214:-10.119888	660:-10.123316	750:-10.371315	501:-10.425812
206	585	-0.001102077	585	-0.001102077	1	-19.497417079	-0.001102074	585:-0.001102	185184:-7.341695	27026:-7.933363	3687:-11.628264	501:-11.739601	49293:-12.325155	353:-12.627071	245145:-12.847299	69889:-12.911487	187499:-13.072429	21133:-13.097343	6265:-13.260913	1147:-13.292687	2398:-13.304732	11048:-13.493251	324:-13.563312	60705:-13.574022	10959:-13.654042	41852:-13.882352	17076:-14.077351
207	185184	-0.005354765	185184	-0.005354765	1	-18.563543203	-0.005354756	185184:-0.005355	328:-5.924439	11048:-7.674058	60705:-8.111809	49293:-8.311487	69889:-8.359170	187900:-8.740811	245145:-8.833165	6265:-9.006576	2236:-9.639727	182063:-9.641915	182796:-10.382243	1001:-10.519933	2953:-10.746308	176678:-10.789897	178685:-10.829764	30221:-10.831487	23576:-10.887151	242305:-10.918029	183648:-10.920062
208	318	-0.050758560	318	-0.050758560	1	-13.401348789	-0.050757047	318:-0.050759	13:-4.178616	11:-4.373798	735:-4.810059	1538:-6.638008	2920:-6.683743	209051:-7.127636	585:-7.222193	28735:-7.356022	303:-7.792057	175737:-7.837816	1789:-7.960486	24953:-8.042299	21133:-8.411812	27149:-8.676918	164749:-8.790533	264:-8.827320	175973:-9.052362	3687:-9.246494	7256:-9.251929
209	319	-0.473841737	319	-0.473841737	1	-20.357040356	-0.473841736	319:-0.473842	19735:-1.582358	72:-2.756154	2508:-3.261703	2448:-3.342677	875:-4.102199	5727:-6.128275	1152:-6.685354	194900:-6.995662	76:-7.840571	75:-8.401671	4120:-8.401699	273:-8.588752	38632:-8.805850	1671:-8.821624	79:-8.856622	19711:-8.861575	82:-8.904249	69:-8.983701	1666:-8.995332
210	175973	-0.006189488	175973	-0.006189488	1	-18.348829411	-0.006189477	175973:-0.006189	328:-5.758795	35710:-7.055081	184026:-8.464671	228686:-8.498344	221134:-8.516762	23828:-8.771655	999:-8.861031	34751:-9.031355	3061:-9.138165	1558:-9.374807	182796:-10.345694	233716:-10.582751	1001:-10.611494	57844:-10.679069	79653:-10.738797	27886:-10.765427	32234:-10.960756	191081:-11.016686	175446:-11.040365
211	8	-0.809276577	8	-0.809276577	1	-14.427683111	-0.809276035	8:-0.809277	553:-1.078072	378:-2.956297	11:-4.000614	681:-4.248556	53551:-4.290911	233716:-4.320049	17511:-4.534596	961:-4.653567	1789:-4.735931	829:-5.007910	23828:-5.022689	436:-5.044752	328:-5.150871	14791:-5.316567	11094:-5.441582	2255:-5.942242	37225:-6.319206	478:-6.516829	41668:-6.534615
212	735	-0.657618305	735	-0.657618305	1	-15.190581343	-0.657618052	735:-0.657618	378:-1.962870	28735:-2.315617	303:-2.960513	2920:-3.399056	885:-3.430154	7256:-3.536542	27149:-3.747843	209051:-3.774134	164749:-4.688520	24953:-4.822129	77801:-6.299727	195031:-6.309687	264:-6.432271	33417:-6.518052	2899:-6.605796	55065:-6.876959	23575:-6.991396	3209:-7.039002	791:-7.125611
213	198	-0.000021769	198	-0.000021769	1	-15.475449396	-0.000021579	198:-0.000022	695:-11.272521	271:-12.969235	2228:-14.374544	248046:-15.475449	220:-15.491298	2972:-15.795470	348:-15.863282	2953:-15.924270	5690:-16.339667	1031:-16.485793	471:-16.763482	35160:-16.861937	11069:-17.029423	1358:-17.169937	264:-17.387462	248044:-17.637022	303:-17.695917	256:-17.698823	318:-17.733569
214	91	-0.000019955	91	-0.000019955	1	-15.449345517	-0.000019760	91:-0.000020	9:-13.283454	332:-13.348373	29:-13.609557	2228:-14.075032	1076:-14.217845	27:-14.239682	13:-14.311648	2:-14.428664	59:-14.608241	71093:-14.649505	486:-14.712142	12:-14.843274	8224:-14.923973	6458:-15.033533	6391:-15.132601	49300:-15.197358	90:-15.232385	58:-15.354361	10:-15.375228
215	2972	-0.000136713	2972	-0.000136713	1	-17.181245665	-0.000136679	2972:-0.000137	21360:-9.757468	18588:-10.035596	189816:-12.393007	171446:-12.576868	348:-13.000372	176217:-13.249757	172299:-13.314619	18232:-13.682315	29702:-13.762018	179604:-13.843454	75118:-13.923763	32784:-14.036528	173976:-14.216004	172100:-14.369150	16654:-14.418666	73879:-14.562819	10838:-14.730811	12492:-14.952688	735:-15.032009
216	32784	-0.460341640	32784	-0.460341640	1	-21.402237840	-0.460341640	32784:-0.460342	18232:-1.006652	61693:-6.376308	7976:-8.409938	30576:-8.605542	76067:-9.322307	53:-10.088332	10862:-10.155708	14138:-10.202802	5434:-10.428819	7850:-10.540097	68376:-10.552793	21360:-10.636646	10327:-10.664065	18247:-10.669249	3252:-10.937182	1178:-10.957145	48213:-11.095568	12117:-11.132178	12452:-11.272357
217	332	-0.034712149	332	-0.034712149	1	-19.786569668	-0.034712146	332:-0.034712	318:-3.416172	1789:-7.071222	1538:-8.916585	717:-10.691143	2972:-10.826934	1785:-11.126341	593:-11.163321	73645:-11.383006	27886:-11.395675	735:-11.552607	14786:-11.727198	73879:-11.995351	9:-12.241863	171446:-12.254074	478:-12.319706	66554:-12.344690	14:-12.409176	88132:-12.431259	93868:-12.587816
218	735	-0.005809258	735	-0.005809258	1	-18.318850945	-0.005809247	735:-0.005809	318:-5.275934	225871:-7.733446	68906:-10.653860	13158:-11.105472	9214:-11.132486	256:-11.328150	187982:-11.578084	70196:-11.658055	478:-11.945232	11687:-12.163443	11069:-12.681636	15563:-12.893825	18392:-12.922224	5157:-12.943669	91:-12.950450	593:-12.961056	18247:-12.979234	594:-13.086871	2228:-13.164590
219	225871	-0.150259732	225871	-0.150259732	1	-20.837900519	-0.150259732	225871:-0.150260	11687:-3.289206	70196:-3.863753	2989:-4.108888	13158:-4.302272	9214:-4.872370	187982:-5.019161	196805:-5.061218	68527:-5.827305	13453:-5.839980	68906:-6.408567	178493:-6.791638	185107:-6.805449	19337:-7.278285	211364:-7.320760	179501:-7.359885	165715:-7.371863	196804:-7.372798	14269:-7.426989	3156:-7.488343
220	1789	-0.277282737	1789	-0.277282737	1	-18.896327041	-0.277282731	1789:-0.277283	18392:-1.722683	174090:-4.084637	961:-4.207823	16569:-4.712036	264:-4.764112	219195:-6.169559	189305:-6.624097	175030:-6.966999	66554:-7.415270	195409:-7.582415	63178:-7.591134	204903:-7.610951	1538:-7.691114	203731:-7.732145	4256:-7.863955	43550:-7.914066	240231:-8.143190	27886:-8.439188	246105:-8.684216
221	63178	-0.025788042	63178	-0.025788042	1	-19.318313811	-0.025788038	63178:-0.025788	27886:-3.771485	160738:-8.634819	36952:-9.069342	221472:-9.099465	3133:-9.115040	52803:-9.178040	94059:-9.337937	66554:-9.611651	209947:-9.907986	171617:-9.910804	185817:-9.932020	228335:-9.949852	40298:-9.975720	183215:-10.349178	213487:-10.410669	1308:-10.468546	171207:-10.579056	196805:-10.709559	43550:-10.728080
222	18392	-0.759877616	18392	-0.759877616	1	-16.627644473	-0.759877556	18392:-0.759878	791:-1.954847	174090:-2.055637	1538:-2.547815	961:-3.181537	189305:-3.185916	204903:-3.568254	264:-4.378344	174232:-4.490749	203731:-5.563922	16569:-5.598066	246105:-5.659007	234566:-6.163883	175030:-6.247188	25:-6.392437	27886:-6.441900	66554:-6.485418	211295:-6.568499	14786:-6.748030	45646:-6.951217
223	162808	-0.014188024	162808	-0.014188024	1	-21.318034741	-0.014188024	162808:-0.014188	165005:-4.368682	235022:-8.181579	10122:-8.385962	1519:-8.609437	2077:-8.845598	3253:-9.278863	226394:-9.747699	188520:-9.920562	8893:-10.060775	206157:-10.499990	3183:-10.967704	31093:-11.539351	276:-11.563903	83280:-11.720243	89514:-12.045688	201965:-12.160356	90706:-12.329763	25620:-12.381021	58021:-12.399600
224	791	-0.152952031	791	-0.152952031	1	-17.064684704	-0.152951992	791:-0.152952	1538:-3.206436	735:-3.390077	11:-4.037122	318:-4.294416	961:-4.899324	88846:-5.486057	28275:-5.852148	378:-6.159978	1789:-6.436161	26:-6.517904	264:-6.891952	885:-7.002483	25:-7.038690	45646:-7.057041	14786:-7.081821	174232:-7.259535	189305:-7.293473	21133:-7.403782	178185:-7.458719
225	3687	-0.648187193	3687	-0.648187193	1	-17.861619266	-0.648187175	3687:-0.648187	585:-1.340923	69003:-2.335863	324:-2.770435	49460:-4.941731	501:-5.053066	1147:-5.074598	750:-6.051124	24150:-6.165096	194236:-6.382685	13540:-6.637527	27026:-6.668823	191076:-6.689046	192466:-6.856617	192816:-6.986517	41852:-7.017012	73371:-7.216170	1879:-7.239500	3061:-7.566644	1564:-7.588168
226	27886	-0.087875030	27886	-0.087875030	1	-18.716956280	-0.087875023	27886:-0.087875	6165:-3.892810	3061:-3.913494	93790:-4.529825	188105:-4.727525	175973:-4.832515	6464:-5.005779	56904:-6.177054	184026:-6.971596	1817:-7.300869	230106:-7.812670	9640:-8.092495	13540:-8.295268	1785:-8.847438	60063:-9.030630	9787:-9.181983	175723:-9.186483	73645:-9.246788	5450:-9.331592	205533:-9.334188
227	182592	-0.484907639	182592	-0.484907639	1	-17.577677739	-0.484907616	182592:-0.484908	378:-1.402878	735:-2.015437	1930:-7.391054	318:-7.730631	9787:-7.892590	11:-8.043562	219195:-8.621991	174232:-8.676078	218415:-9.063214	229415:-9.130817	296:-9.163528	1523:-9.605247	5862:-9.650868	6464:-9.682152	3357:-9.721676	7226:-9.804413	1139:-9.856487	174090:-9.989359	303:-10.032935
228	378	-0.006641775	378	-0.006641775	1	-18.301256090	-0.006641764	378:-0.006642	11:-5.293290	735:-6.768460	1523:-8.964948	296:-9.906820	585:-11.230238	3687:-11.264964	4414:-11.320596	318:-11.497240	69003:-11.548413	478:-11.819953	324:-12.259158	878:-12.389519	13:-12.396637	63934:-12.443075	916:-12.478595	194236:-12.488810	3061:-12.490709	90339:-12.503065	28469:-12.725345
229	585	-1.039208935	585	-1.039208935	1	-17.570724534	-1.039208912	585:-1.039209	3687:-1.409589	501:-1.830053	324:-2.025459	69003:-4.216978	791:-4.248107	1147:-4.580705	27026:-4.778608	18943:-4.786470	90339:-4.911566	194236:-4.951191	63934:-5.112182	829:-5.158567	76193:-5.384334	878:-5.902422	750:-6.271205	93026:-6.701046	4011:-7.014509	4414:-7.153432	173528:-7.237331
230	69003	-0.040608587	69003	-0.040608587	1	-18.368559779	-0.040608576	69003:-0.040609	192816:-4.269925	192466:-4.737153	3061:-5.681012	171727:-6.007013	4011:-6.262529	5404:-6.695350	999:-7.518274	2197:-8.208406	829:-8.227328	182796:-8.358208	1817:-8.435579	226168:-8.538148	3899:-8.631320	1740:-8.777551	187900:-8.987108	216602:-9.082799	12263:-9.141156	189751:-9.350075	3153:-9.371474
231	303	-1.253345795	303	-1.253345795	1	-17.023665376	-1.253345755	303:-1.253346	1789:-1.552553	735:-2.059653	2397:-2.281546	222386:-2.630018	52354:-3.372231	1538:-3.871971	2726:-4.003460	14786:-4.093782	230543:-4.794278	5652:-4.805855	209051:-4.949295	829:-5.092953	916:-5.112844	23476:-5.224642	73371:-5.669932	2920:-5.806409	18392:-6.158027	216602:-6.165053	221700:-6.307992
232	32789	-0.265351123	32789	-0.265351123	1	-18.251245565	-0.265351111	32789:-0.265351	24150:-2.001897	171888:-4.388673	228335:-4.414544	1308:-4.427012	67351:-5.023030	190292:-5.187239	160738:-5.321017	192250:-5.379826	186126:-5.763952	184492:-6.074053	197542:-6.181798	221472:-6.629422	174297:-6.661259	68906:-6.824537	1879:-6.846398	229147:-6.869252	200159:-6.880094	192563:-6.992781	212936:-7.105434
233	735	-0.002772362	735	-0.002772362	1	-17.354631455	-0.002772333	735:-0.002772	74064:-7.977742	31075:-8.149595	318:-8.202719	13:-8.731686	162400:-9.448779	54263:-9.689803	50699:-10.053863	2899:-10.208610	181110:-10.288693	791:-10.431865	11:-10.542353	63299:-10.598270	444:-10.674368	264:-10.701333	187982:-10.872346	80207:-10.886580	303:-10.924512	24637:-11.012082	885:-11.031795
234	31075	-0.318793482	31075	-0.318793482	1	-19.918295211	-0.318793480	31075:-0.318793	74064:-2.409890	181110:-2.555608	219218:-4.362355	80207:-4.961381	162400:-4.975745	7305:-5.168570	326:-5.187793	2383:-5.356624	22023:-5.607425	37412:-5.798957	4770:-6.082832	183110:-6.124110	14763:-6.240861	380:-6.273009	193397:-6.480622	63299:-6.589323	417:-6.616941	24637:-6.630773	5510:-6.742045
235	340	-0.001281541	340	-0.001281541	1	-22.025137406	-0.001281540	340:-0.001282	8893:-7.985729	197479:-8.760671	26438:-9.544599	20175:-9.729957	6293:-10.004015	3253:-10.043983	16989:-10.369865	23401:-10.787866	20892:-11.081721	77729:-11.096802	2003:-11.274299	67529:-11.435637	5475:-11.695769	9630:-11.881571	2990:-11.904556	92687:-11.919630	12279:-11.956705	239572:-11.965631	26125:-12.005023
236	8893	-0.000152358	8893	-0.000152358	1	-25.049310722	-0.000152358	8893:-0.000152	18571:-9.547110	239572:-10.735538	56325:-12.097621	5475:-12.480823	67529:-12.827261	20599:-12.885598	151851:-12.901109	166197:-12.941118	218608:-12.943864	3253:-13.028932	1854:-13.032081	89514:-13.109346	74141:-13.179060	25819:-13.195391	6156:-13.485109	36916:-14.139117	162096:-14.221242	2077:-14.293820	49726:-14.421052
237	25	-0.084585293	25	-0.084585293	1	-17.685512765	-0.084585272	25:-0.084585	23828:-3.136391	1789:-4.692825	45646:-5.160518	214500:-5.872377	23476:-6.269472	885:-6.272995	174090:-6.657343	303:-6.741297	2899:-6.963366	947:-6.966219	1538:-7.083689	179931:-7.230655	18392:-7.277825	293:-7.377859	24953:-7.746233	189070:-7.770379	175030:-7.956998	14786:-7.967947	173072:-7.972292
238	174520	-0.983254865	174520	-0.983254865	1	-17.051465943	-0.983254826	174520:-0.983255	45646:-1.170909	77659:-2.083148	170517:-3.282374	22607:-3.444990	885:-4.541356	878:-4.545575	7528:-4.708204	11486:-4.955334	49460:-5.170255	174441:-5.551924	6185:-5.622029	2982:-5.716064	61344:-5.837554	44514:-6.204482	750:-6.218418	187900:-6.250117	172695:-6.284170	155925:-6.392396	84579:-6.544588
239	45646	-0.225760000	45646	-0.225760000	1	-18.906017678	-0.225759994	45646:-0.225760	791:-2.543463	1789:-2.995995	5377:-3.740429	18392:-4.789661	885:-4.831961	183629:-5.155591	76749:-5.622688	24953:-5.951088	55065:-6.283322	193617:-6.372348	174068:-6.567414	242170:-6.599149	303:-6.776946	201414:-6.979609	193961:-7.501626	47361:-7.647587	207301:-7.693826	293:-7.786418	182592:-7.900746
240	2197	-1.640152250	170517	-1.375566755	0	-15.983920847	-1.640152136	170517:-1.375567	2197:-1.640152	1391:-2.052029	878:-2.065794	176299:-2.534001	4259:-2.908253	44514:-3.912815	200684:-4.303168	352:-4.457606	194422:-4.680405	43550:-5.007448	187675:-5.276379	280:-5.535250	201434:-5.571729	78102:-5.744746	1097:-5.763109	8717:-5.861521	585:-5.915577	5600:-5.956045	189755:-6.027167
241	9945	-0.000224676	9945	-0.000224676	1	-23.431698885	-0.000224676	9945:-0.000225	752:-9.186473	1589:-9.899062	951:-10.529745	72:-11.758768	9676:-12.724899	50837:-13.166023	20447:-13.271707	2481:-13.424305	177626:-13.590879	47676:-13.940888	19951:-13.969808	43174:-14.049391	21747:-14.139989	153182:-14.233615	21797:-14.278637	8717:-14.304934	54094:-14.307681	25762:-14.358524	94104:-14.368993
242	585	-0.040895961	585	-0.040895961	1	-17.768076204	-0.040895942	585:-0.040896	172695:-4.416892	27026:-5.199442	501:-5.257872	3687:-5.447192	61796:-5.477969	303:-6.346613	185184:-6.482037	13138:-7.099257	49460:-7.849959	187900:-7.912238	82080:-8.119706	18392:-8.299796	45929:-8.439856	29262:-8.597559	632:-8.656917	175436:-9.193036	173140:-9.462944	190703:-9.576743	173828:-9.578926
243	185184	-0.078761349	185184	-0.078761349	1	-18.496384392	-0.078761340	185184:-0.078761	187900:-2.943393	29262:-4.344447	180579:-5.553089	177889:-7.156430	49293:-7.738937	176678:-7.968709	190703:-8.209483	999:-8.209832	69003:-8.472960	82080:-8.836503	157663:-8.897292	245145:-9.047632	182063:-9.234735	237206:-9.305455	69889:-9.432599	176299:-9.602697	6265:-9.676917	184754:-9.761016	177664:-9.879689
244	2920	-0.140776965	2920	-0.140776965	1	-18.312072846	-0.140776953	2920:-0.140777	230543:-2.526864	88846:-4.041903	1789:-5.330182	194802:-5.424558	221700:-5.697605	28735:-6.030013	378:-6.258678	177907:-6.343313	99927:-6.557491	195664:-6.651027	1391:-7.123205	222386:-7.291770	2899:-7.477649	232094:-7.506699	230865:-7.625484	22056:-7.919531	1724:-7.951652	296:-8.121541	200684:-8.195928
245	200684	-0.011156630	200684	-0.011156630	1	-19.390242648	-0.011156626	200684:-0.011157	8717:-5.333680	179455:-6.560334	162995:-7.201878	586:-7.433671	44514:-7.444785	352:-7.802043	27581:-7.962849	195829:-8.009414	185046:-8.062429	40642:-8.701929	175507:-8.764880	194422:-8.788221	40742:-9.387936	2397:-9.913102	232246:-9.937241	85593:-10.182704	1528:-10.238629	1156:-10.248647	194802:-10.399257
246	176606	-1.025344334	55228	-0.947520695	0	-18.699373089	-1.025344327	55228:-0.947521	176606:-1.025344	8238:-1.508260	172262:-4.771985	194802:-4.826377	188664:-6.545948	791:-6.785532	71666:-7.017229	1608:-7.180090	65073:-7.360684	188821:-7.565804	11747:-7.780037	154694:-7.901842	348:-7.927581	177255:-7.988435	2392:-8.047625	241412:-8.157193	233379:-8.253341	15947:-8.576038	223378:-8.633737
247	8426	-0.000115015	8426	-0.000115015	1	-21.577357627	-0.000115014	8426:-0.000115	9847:-10.238630	4726:-11.089959	33841:-11.800561	400:-11.915795	200040:-12.622864	219649:-12.798053	186879:-13.365899	33814:-13.449080	9024:-13.540587	33081:-13.602133	348:-13.634698	735:-13.788720	5830:-13.897790	86144:-13.923224	38694:-14.021128	2379:-14.061682	6603:-14.076907	34823:-14.316121	87852:-14.345461
248	57321	-0.737237031	57321	-0.737237031	1	-17.006912286	-0.737236990	57321:-0.737237	735:-0.898444	296:-3.119857	188550:-3.562518	303:-4.325851	348:-4.489895	194802:-5.624525	1563:-6.227375	85593:-6.359623	173828:-6.957956	14:-6.960366	378:-7.174592	9:-7.303186	791:-8.332757	961:-8.340850	44774:-8.343570	171876:-8.506267	174356:-8.615673	444:-8.739638	172291:-8.942706
249	735	-0.000745743	735	-0.000745743	1	-16.909742325	-0.000745697	735:-0.000746	11:-7.540003	791:-9.540434	318:-10.059394	303:-10.925742	296:-11.437162	378:-11.638909	2397:-11.667078	7256:-12.473721	500:-12.969573	348:-13.091969	13:-13.205604	41852:-13.269979	478:-13.365358	444:-13.419203	384:-13.437771	1789:-13.563417	9:-13.664644	91:-13.813940	24953:-13.998358
250	198	-0.000029218	198	-0.000029218	1	-11.850339544	-0.000022082	198:-0.000029	248046:-11.850340	695:-12.206559	271:-12.230292	2228:-12.871383	735:-14.224028	220:-14.606951	256:-14.943281	264:-15.205781	2972:-15.218413	5690:-15.410255	348:-15.415016	478:-15.500533	471:-15.506810	318:-15.988549	248044:-16.258241	303:-16.281665	12091:-16.394461	1088:-16.417748	262:-16.494143
251	91	-0.000006806	91	-0.000006806	1	-17.650258194	-0.000006784	91:-0.000007	332:-13.623172	29:-14.098831	9:-14.251343	2:-15.060969	2228:-15.227962	1076:-15.274814	27:-15.331206	486:-15.430991	18232:-15.926738	735:-16.061549	12:-16.171489	8224:-16.277492	59:-16.289052	256:-16.484817	90:-16.490474	10:-16.570121	2972:-16.581487	49300:-16.598012	13:-16.623498
252	2972	-0.000015313	2972	-0.000015313	1	-17.631900842	-0.000015291	2972:-0.000015	18588:-12.529892	171446:-13.359739	189816:-13.404500	176217:-13.861055	172100:-14.020932	172299:-14.521439	735:-14.718611	173976:-14.732033	348:-14.985277	16654:-15.129608	187113:-15.132815	10838:-15.176722	75118:-15.228968	178380:-15.281963	179604:-15.339054	18232:-15.352528	29702:-15.490534	18887:-15.616406	239466:-15.727123
253	18232	-0.118320181	18232	-0.118320181	1	-21.037855580	-0.118320180	18232:-0.118320	7976:-2.238571	30576:-5.909988	48213:-8.201364	32784:-8.259330	53:-9.364884	34:-9.601148	9082:-10.186648	1178:-10.237512	14138:-10.355302	68376:-10.361656	10960:-10.380291	12117:-10.393148	11198:-10.399825	6901:-10.538137	76067:-10.758304	18588:-10.819196	59653:-10.866371	19833:-10.965896	10408:-11.090773
254	1354	-0.000012310	1354	-0.000012310	1	-20.346506031	-0.000012309	1354:-0.000012	308:-12.397212	6556:-13.276247	10862:-13.923589	1825:-13.961530	44:-14.687215	939:-15.327940	1728:-15.426581	4680:-15.442317	1745:-15.486614	55771:-15.502536	2642:-15.523618	36840:-15.616803	332:-15.773610	1058:-15.867347	2629:-15.922008	1646:-15.930013	32784:-16.128117	18232:-16.133452	802:-16.146182
255	332	-0.028053724	332	-0.028053724	1	-17.950325929	-0.028053708	332:-0.028054	318:-3.591452	21966:-11.640208	2972:-11.728274	9:-12.009131	478:-12.514410	92217:-12.586853	18588:-12.634192	593:-12.647361	8095:-12.756693	735:-12.764716	15328:-12.851077	171446:-12.920069	73879:-13.359903	63:-13.417310	93868:-13.425600	14786:-13.462746	80838:-13.522543	378:-13.643175	510:-13.832948
256	735	-0.090259196	735	-0.090259196	1	-16.662535311	-0.090259138	735:-0.090259	318:-2.460477	225871:-7.551933	12492:-9.591251	68906:-10.095684	73879:-10.707264	4460:-11.248729	171446:-11.285400	2972:-11.460347	27718:-11.705016	13158:-11.774587	348:-12.340384	478:-12.379664	1651:-12.492384	21966:-12.693483	1317:-12.733692	29752:-12.775891	2228:-12.778831	498:-12.797586	17437:-12.837683
257	225871	-0.013915164	225871	-0.013915164	1	-21.273475749	-0.013915163	225871:-0.013915	13158:-5.630598	13453:-6.257594	68906:-6.597001	70196:-6.847508	9214:-6.914003	187982:-7.489797	21966:-8.074525	72090:-8.341350	237720:-9.180667	29213:-9.232144	2989:-9.239921	8095:-9.266647	181310:-9.375060	185107:-9.553478	18588:-9.584581	27344:-9.636428	21360:-9.961373	92254:-10.032543	85923:-10.041981
258	184500	-0.231610314	184500	-0.231610314	1	-18.054115550	-0.231610300	184500:-0.231610	961:-3.254825	241912:-3.333562	207664:-3.371099	189305:-4.145644	216657:-4.329312	2678:-4.393921	14786:-4.615584	176444:-4.917573	210447:-5.636425	11886:-5.687919	3175:-5.911600	1789:-6.083783	54770:-6.212759	204903:-6.224896	100804:-6.285229	23249:-6.365836	71103:-6.679557	209462:-6.747707	34937:-6.889730
259	21997	-0.093628431	21997	-0.093628431	1	-17.394050384	-0.093628403	21997:-0.093628	14786:-3.594079	791:-4.079690	55065:-4.390374	444:-4.587525	11951:-5.271722	15910:-5.595862	660:-5.753130	1538:-6.691422	885:-6.943627	13138:-7.224918	95271:-7.294590	195233:-7.499609	34732:-7.531003	264:-7.534390	184500:-7.575339	24953:-7.689632	45646:-8.116375	23476:-8.575755	21966:-8.665731
260	21966	-0.057846783	21966	-0.057846783	1	-17.773612259	-0.057846764	21966:-0.057847	192490:-3.064221	13540:-6.010569	2972:-6.159796	216657:-6.614437	48213:-8.261354	72969:-8.396424	24150:-8.438940	237720:-8.465150	243773:-8.899993	173433:-8.909804	111637:-9.013807	72090:-9.026877	68906:-9.091176	5400:-9.992806	191942:-10.210368	348:-10.240158	184075:-10.261676	19680:-10.361109	67683:-10.395828
261	791	-0.419192689	791	-0.419192689	1	-15.717545884	-0.419192540	791:-0.419193	11:-1.222831	318:-3.210136	45646:-6.328491	26:-6.549478	2920:-7.582008	25:-7.640394	14:-8.264453	384:-8.712903	13138:-8.872877	52198:-8.988034	13:-9.014312	15328:-9.398496	26355:-9.645897	10968:-9.662476	77659:-9.823173	586:-9.833636	199487:-9.882893	207664:-9.942371	73371:-10.034406
262	24150	-1.230812075	24150	-1.230812075	1	-17.525676968	-1.230812051	24150:-1.230812	585:-1.600389	73371:-1.674635	3687:-2.151464	191076:-2.756451	208801:-4.252052	15563:-4.278906	13771:-4.467999	1564:-4.547640	242657:-4.674675	1740:-4.831793	501:-4.832243	324:-4.893577	1817:-5.467127	189755:-5.661766	5157:-5.817651	2944:-5.841347	61344:-6.464037	184974:-6.706493	14188:-6.788340
263	532	-0.011428201	532	-0.011428201	1	-20.715452754	-0.011428200	532:-0.011428	14578:-4.662176	30612:-6.739259	42553:-9.468286	48934:-10.113088	73978:-10.539585	193638:-10.579192	4329:-10.596248	178104:-10.659023	58876:-10.791793	184612:-10.867434	362:-10.951573	64:-11.134527	9031:-11.551159	344:-11.582872	188242:-11.592788	186038:-11.722112	91901:-11.746034	2692:-11.804533	450:-11.910378
264	3687	-0.249028942	3687	-0.249028942	1	-17.568332931	-0.249028918	3687:-0.249029	585:-2.017210	183821:-4.419284	17511:-4.482925	86685:-4.549868	501:-4.692043	55122:-4.958322	23484:-5.305639	14835:-5.585331	324:-5.753094	1564:-5.984070	69003:-6.015571	223428:-6.075818	16789:-6.205672	15167:-7.015435	5344:-7.329238	303:-7.329989	1147:-7.332560	175991:-7.662596	182796:-7.744506
265	175973	-0.001985042	175973	-0.001985042	1	-19.449684589	-0.001985038	175973:-0.001985	230106:-7.481818	184974:-8.845712	23828:-8.868005	34751:-9.196071	55122:-9.496157	221134:-9.513863	436:-9.818422	205533:-9.907926	1558:-10.034873	35710:-10.224100	182796:-10.673135	228686:-10.713047	233716:-10.927339	14791:-11.071020	241690:-11.104633	79653:-11.200071	184026:-11.213434	19670:-11.223960	186179:-11.251097
266	735	-0.571674512	735	-0.571674512	1	-15.165158198	-0.571674252	735:-0.571675	37225:-1.538988	14791:-2.713879	303:-3.154390	436:-3.801786	318:-3.891125	1789:-4.338417	41668:-5.506872	378:-5.534248	62481:-5.743275	384:-6.294693	28275:-6.691481	205533:-6.832871	23575:-6.855380	264:-6.867224	233716:-6.889017	23828:-6.958874	17511:-7.045263	961:-7.091708	885:-7.155939
267	74064	-1.443447204	74064	-1.443447204	1	-18.154659600	-1.443447190	74064:-1.443447	181110:-1.647537	41433:-2.627858	31075:-3.252221	11687:-3.284046	223683:-3.449604	3746:-3.776593	80207:-3.888116	76341:-3.925215	183110:-3.927721	219218:-3.971547	345:-4.443264	189664:-4.469410	193397:-4.720957	351:-4.736863	14763:-4.811607	326:-4.958746	187982:-5.080403	417:-5.311883	22023:-5.343531
268	1789	-0.502852433	1789	-0.502852433	1	-15.817282193	-0.502852298	1789:-0.502852	2899:-1.133388	1538:-3.592109	3175:-4.851577	176444:-4.947468	14786:-5.184313	23476:-5.767858	45013:-6.142652	78787:-6.396435	191691:-6.626656	23011:-6.950269	184827:-7.072934	303:-7.139665	21133:-7.166532	222015:-7.249809	293:-7.521142	63178:-7.798684	182592:-8.129838	173072:-8.157776	179519:-8.257882
269	63178	-0.223975577	63178	-0.223975577	1	-16.515051760	-0.223975510	63178:-0.223976	184827:-2.187673	632:-3.773817	93549:-5.047625	174366:-5.070547	185817:-5.469484	13626:-5.627527	205070:-5.698883	230106:-5.734143	175330:-5.985492	231376:-6.629033	2698:-6.673668	5344:-7.068184	208798:-7.115070	227762:-7.156942	4931:-7.199763	50699:-7.262798	221472:-7.278131	79203:-7.519571	1563:-7.561223
270	3175	-0.332373802	3175	-0.332373802	1	-14.852975075	-0.332373448	3175:-0.332374	176444:-2.248950	14786:-3.214750	191691:-3.661602	303:-4.213705	23011:-4.415455	1538:-4.476263	94900:-4.778560	34732:-5.036752	189305:-6.235885	211295:-6.416651	222673:-6.473600	233716:-6.489762	23476:-6.571799	182008:-6.617418	78787:-6.735307	2184:-6.756859	185069:-6.773592	156305:-6.777797	241912:-6.802467
271	88671	-0.000741119	88671	-0.000741119	1	-19.322086210	-0.000741115	88671:-0.000741	8814:-8.018945	155628:-8.791726	4189:-10.078317	8494:-10.079667	25022:-10.585693	213929:-11.161471	12181:-11.309514	441:-11.451673	190159:-11.745465	25:-11.815922	173945:-11.878377	24534:-12.415953	13347:-12.645919	204119:-12.796271	4384:-12.862998	3822:-13.184939	83136:-13.213479	58175:-13.529339	791:-13.687215
272	25	-0.370199451	25	-0.370199451	1	-15.640527973	-0.370199290	25:-0.370199	791:-1.801996	45646:-3.554957	14786:-3.578776	13138:-3.733612	34732:-4.104958	303:-4.363566	1538:-4.740734	318:-5.551088	384:-5.657861	23575:-5.856106	23476:-6.506385	1789:-6.825417	55065:-6.852071	78787:-7.010020	33964:-7.136091	177015:-7.187033	378:-7.220943	177154:-7.754390	24953:-7.775291
273	45646	-0.820597457	45646	-0.820597457	1	-15.564073371	-0.820597283	45646:-0.820597	13138:-1.463967	174520:-1.594186	77659:-3.483011	791:-4.577821	7528:-5.013057	196487:-5.149845	2982:-5.417689	89028:-5.437566	45963:-6.189427	84579:-6.369279	182008:-6.371821	6185:-6.474292	1564:-6.524972	750:-6.594209	11094:-6.608420	32063:-6.797417	174441:-6.808311	22607:-6.842142	23828:-6.952644
274	3687	-0.662614940	3687	-0.662614940	1	-15.868268131	-0.662614812	3687:-0.662615	1147:-1.541254	4259:-2.032488	585:-3.184034	203018:-4.055390	173319:-4.573546	174521:-4.586073	324:-5.324579	174066:-5.334606	501:-5.472134	27026:-5.521267	1564:-5.620842	158096:-5.780304	53544:-5.986574	176680:-6.101110	43550:-6.372122	750:-6.447956	632:-6.513044	162812:-6.888256	20187:-7.101969
275	328	-0.685671183	328	-0.685671183	1	-14.656128260	-0.685670751	328:-0.685671	175973:-1.771973	5344:-2.159771	228686:-3.068095	1564:-3.999564	6656:-4.350108	205070:-4.797437	191081:-5.040419	49827:-5.044798	21966:-5.244191	6165:-5.289320	1558:-5.401219	33334:-5.641318	216712:-5.720202	56338:-5.722174	196092:-5.736657	1001:-5.862788	175446:-6.177763	63178:-6.189656	2015:-6.197832
276	66	-0.939822477	66	-0.939822477	1	-20.635061068	-0.939822476	66:-0.939822	8210:-1.636234	5248:-2.364280	19586:-2.683351	173348:-3.290483	45456:-3.565854	4229:-4.067828	79:-4.374999	2653:-4.382728	198980:-4.495078	21154:-4.634423	3700:-4.705289	55363:-4.843883	75:-5.175815	51278:-5.244509	45263:-5.558067	26196:-5.619852	23834:-5.665767	83:-5.953302	7255:-6.063690
277	630	-0.005483681	630	-0.005483681	1	-23.000581437	-0.005483680	630:-0.005484	1692:-5.729071	2867:-8.270701	3801:-8.477050	74410:-8.754602	389:-9.049722	50610:-9.470934	68182:-9.545507	394:-9.807574	12627:-9.956691	48750:-10.002787	743:-10.021972	658:-10.072229	475:-10.123892	195482:-10.135780	366:-10.154165	13833:-10.296852	291:-10.311944	2683:-10.668786	196649:-10.767286
278	4638	-0.004077051	4638	-0.004077051	1	-22.386854265	-0.004077051	4638:-0.004077	240079:-5.611325	205049:-8.815925	598:-10.018397	198669:-10.220900	163752:-10.967918	19883:-11.087274	71612:-11.221652	6628:-11.516198	19559:-11.544404	6138:-11.954278	3204:-12.060167	167917:-12.180579	42146:-12.220800	588:-12.462097	34449:-12.582676	18279:-12.630637	51101:-12.712367	56132:-12.919450	150195:-12.953164
279	1	-0.286062356	1	-0.286062356	1	-15.844542142	-0.286062224	1:-0.286062	56338:-2.037756	5344:-2.918501	188005:-4.631773	14791:-5.490216	2030:-5.547848	189305:-5.583261	14786:-5.788508	3590:-5.931396	61800:-5.944327	173654:-6.170315	1538:-6.187818	21966:-6.226717	3175:-6.233864	1564:-6.304492	187571:-7.080273	216657:-7.143677	1789:-7.212341	233716:-7.301068	221673:-7.438053
280	318	-0.174185900	318	-0.174185900	1	-15.579360155	-0.174185728	318:-0.174186	1538:-3.161801	14786:-3.281934	2148:-3.674556	5344:-4.180136	56338:-4.331603	1564:-5.720233	21966:-5.723657	209947:-6.799020	3590:-6.859627	1789:-7.079074	23476:-7.118358	216657:-7.197751	24150:-7.201861	189305:-7.315110	14791:-7.354866	188005:-7.480313	8851:-8.241110	3175:-8.273820	174090:-8.330465
281	48213	-0.007683935	48213	-0.007683935	1	-23.150349083	-0.007683935	48213:-0.007684	4120:-5.562396	30576:-6.065675	23658:-7.332606	15015:-9.125953	8482:-10.195172	319:-10.431846	38:-10.587408	21966:-10.588345	2448:-10.760863	75:-10.906365	41179:-10.997411	3950:-11.102718	17311:-11.330753	66394:-11.469196	34451:-11.475435	61042:-11.499941	15653:-11.506966	73438:-11.804822	3697:-11.992625
282	8	-0.000140332	8	-0.000140332	1	-18.297904156	-0.000140321	8:-0.000140	2148:-9.532389	847:-11.438649	9646:-11.933890	7313:-12.233121	15836:-12.597737	1564:-12.705259	60:-12.838045	5443:-13.156023	209947:-13.169486	4653:-13.178885	681:-13.293323	1590:-13.585103	7060:-13.609235	15983:-13.640245	553:-13.659906	871:-13.999424	37732:-14.070546	11:-14.232569	94890:-14.279144
283	2148	-0.212227715	2148	-0.212227715	1	-17.092709912	-0.212227678	2148:-0.212228	209947:-2.540688	1564:-3.059125	14188:-3.483556	24150:-4.781462	22607:-5.685502	41006:-6.386240	12378:-6.409740	158096:-6.587181	1817:-6.601681	233378:-7.012414	172508:-7.226861	213967:-7.383555	6185:-7.467778	994:-7.524466	206094:-7.793036	94026:-7.911364	855:-7.959400	43550:-8.092394	185132:-8.127076
284	585	-0.022885280	585	-0.022885280	1	-21.569143372	-0.022885280	585:-0.022885	1564:-4.560548	501:-5.183679	41852:-5.969598	3687:-6.017484	181666:-8.152460	1147:-8.273632	174356:-8.621753	27026:-8.647784	71636:-9.484745	324:-10.495267	233379:-10.526571	171504:-10.841543	183821:-11.073506	5344:-11.105782	66518:-11.297874	189197:-11.413142	21133:-11.474288	163411:-11.549533	52550:-11.604793
285	1564	-0.019719214	1564	-0.019719214	1	-21.355066508	-0.019719213	1564:-0.019719	181666:-4.016139	237206:-8.359722	92702:-9.158177	230106:-9.170585	57600:-9.496629	232095:-9.684550	88571:-9.836589	26966:-9.863412	176299:-9.991656	163411:-10.148887	86685:-10.370799	97792:-10.389999	5248:-10.621556	162921:-10.839980	3210:-10.962487	52643:-11.065089	207663:-11.071050	234437:-11.075666	80048:-11.141099
286	88234	-0.000043203	88234	-0.000043203	1	-25.858030846	-0.000043203	88234:-0.000043	2006:-10.271604	14183:-13.440908	82271:-13.822950	13817:-14.465237	56289:-14.863104	53590:-14.992430	158035:-15.092490	80048:-15.125738	234860:-15.376485	22523:-15.393135	13208:-15.488408	61334:-15.631025	55894:-15.635130	205825:-15.663848	70528:-15.756130	20724:-15.816469	5935:-15.870488	20149:-16.162708	718:-16.321986
287	17511	-0.319302791	17511	-0.319302791	1	-17.475660676	-0.319302765	17511:-0.319303	163411:-2.239158	735:-2.306777	236036:-4.268634	22056:-4.842340	23484:-4.855441	5344:-5.251371	24953:-5.279183	80768:-5.896022	10725:-6.468795	181505:-6.551227	55065:-6.698143	65827:-6.714117	885:-6.996045	384:-7.030830	171709:-7.071070	6150:-7.185240	2973:-7.260089	228985:-7.365062	19344:-7.427243
288	14913	-0.000157198	14913	-0.000157198	1	-25.128337941	-0.000157198	14913:-0.000157	505:-9.202149	21698:-10.687899	84601:-11.338266	9031:-11.717273	6923:-12.950184	1720:-13.320616	36615:-13.511983	29721:-13.576925	150842:-13.876313	162063:-14.064568	31566:-14.713374	62392:-14.741910	5385:-14.820571	735:-14.947412	72:-14.979181	159397:-15.797034	157729:-15.808990	172876:-15.894379	29939:-16.159594
289	735	-0.037674625	735	-0.037674625	1	-17.940948207	-0.037674608	735:-0.037675	24953:-3.669551	384:-5.689711	80768:-6.195179	1538:-6.507396	55065:-6.753131	171709:-7.068056	303:-8.052431	175991:-8.249583	791:-8.279880	172144:-8.607379	885:-8.861861	1327:-9.363884	173828:-9.448971	183821:-9.574068	318:-9.816386	40543:-9.867028	184981:-10.163770	195031:-10.230515	21133:-10.279984
290	198	-0.000019768	198	-0.000019768	1	-15.331422547	-0.000019549	198:-0.000020	271:-11.148338	695:-12.982525	248046:-15.331423	220:-15.529933	2228:-15.662685	2972:-16.225425	18588:-16.517131	1358:-16.576470	735:-17.286569	471:-17.326186	303:-17.499671	835:-17.540171	348:-17.567837	5690:-17.747300	10838:-17.821606	21966:-17.832332	2765:-17.934724	1558:-17.947154	3386:-17.950937
291	91	-0.000026226	91	-0.000026226	1	-17.064026833	-0.000026187	91:-0.000026	332:-12.284973	29:-12.579111	9:-13.333539	2:-13.374822	735:-13.679595	27:-13.992603	59:-14.267801	1076:-14.470581	7976:-14.567146	2228:-14.571540	8224:-14.571785	2972:-14.765096	10:-14.982401	256:-15.013489	550:-15.072031	486:-15.193277	22242:-15.195700	13962:-15.225055	49300:-15.444657
292	2972	-0.000036115	2972	-0.000036115	1	-16.305668706	-0.000036032	2972:-0.000036	18887:-11.089812	348:-12.705267	7976:-13.084422	171446:-13.336428	173976:-13.351349	332:-14.139847	29702:-14.145141	189816:-14.231918	176217:-14.244697	172100:-14.358164	172299:-14.686613	179604:-14.768540	75118:-14.916920	217634:-14.997796	16654:-15.010286	361:-15.091072	12492:-15.344671	256:-15.348794	735:-15.578941
293	7976	-0.002379411	7976	-0.002379411	1	-24.680547231	-0.002379411	7976:-0.002379	30576:-6.144666	34:-8.998540	43:-11.951955	18887:-12.101554	11198:-12.156501	59653:-12.204721	45861:-12.327482	44591:-12.437264	28185:-12.887014	9082:-12.942187	6901:-13.260859	35464:-13.317452	67913:-13.332664	111734:-13.362479	6297:-13.535172	25270:-13.864363	8482:-14.018607	47585:-14.177266	32784:-14.194539
294	13540	-0.549110412	13540	-0.549110412	1	-17.432414055	-0.549110386	13540:-0.549110	14786:-0.865061	332:-7.915743	1538:-8.499509	30576:-8.657135	318:-9.073380	1789:-9.322203	63266:-10.002234	26109:-10.318314	21124:-10.514200	21966:-10.747552	28770:-10.818493	14840:-10.952587	2972:-11.055874	436:-11.218766	23476:-11.293083	351:-11.362066	179268:-11.701466	21133:-11.754625	46600:-11.821222
295	332	-0.016345861	332	-0.016345861	1	-17.190708998	-0.016345827	332:-0.016346	15328:-4.986847	7199:-5.145916	318:-6.143633	436:-6.932266	593:-9.694848	18794:-9.746517	14:-10.030497	9964:-10.774298	11046:-10.795563	7869:-10.867947	735:-11.018301	2972:-11.615621	10968:-11.633865	594:-11.773029	52343:-11.841579	79482:-12.036620	14520:-12.195980	17437:-12.218208	4796:-12.418228
296	735	-0.000324161	735	-0.000324161	1	-17.755433471	-0.000324142	735:-0.000324	225871:-8.708229	318:-9.636397	25070:-11.820816	478:-12.174854	68906:-12.190934	13158:-12.822800	187982:-12.884017	91:-12.979295	11069:-13.046917	70196:-13.094891	593:-13.124872	43083:-13.361977	93805:-13.501484	1321:-13.903503	61448:-13.925839	17617:-13.933871	471:-13.952103	1317:-13.965676	498:-13.998127
297	225871	-0.069862469	225871	-0.069862469	1	-20.160296901	-0.069862468	225871:-0.069862	25070:-3.943841	70196:-4.583999	13158:-5.142920	13453:-5.774069	187982:-5.880532	29213:-6.267233	10006:-6.365113	17617:-6.366834	14269:-6.754719	18887:-6.881020	68906:-6.893765	2989:-6.964209	185107:-7.132597	11687:-7.369103	165715:-7.422145	769:-7.655743	178493:-7.741177	6664:-7.860192	19438:-7.932098
298	23249	-1.014989138	23249	-1.014989138	1	-18.769465566	-1.014989131	23249:-1.014989	34937:-1.311822	39171:-1.326844	2184:-3.685331	10725:-4.071388	189305:-4.136853	10013:-4.343385	45963:-5.036609	204903:-5.588121	213211:-5.708966	8781:-5.896960	181942:-6.168660	961:-6.882083	201568:-6.904885	236036:-7.301996	15117:-7.472499	219042:-7.523153	246105:-7.843791	183252:-7.950635	26401:-8.082275
299	12	-0.026409573	12	-0.026409573	1	-21.059776969	-0.026409573	12:-0.026410	3667:-3.796393	8015:-7.159119	212175:-7.469382	56339:-8.110974	2195:-8.730529	78585:-8.942123	189305:-8.974204	89612:-9.354958	79917:-9.528573	28632:-9.555821	1402:-9.590453	861:-9.759001	50188:-9.828760	73139:-9.853013	71164:-10.142378	19025:-10.289870	33359:-10.304091	1723:-10.470441	1676:-10.509953
300	861	-0.000574719	861	-0.000574719	1	-27.537092339	-0.000574719	861:-0.000575	4461:-7.572980	212175:-10.855927	46188:-12.133183	189305:-12.444605	14219:-12.674390	2147:-12.702792	571:-13.028349	14069:-13.228177	4412:-13.400447	10330:-13.549724	85435:-13.924609	26863:-14.017542	3947:-14.198265	82752:-14.211630	1750:-14.387380	1998:-14.496267	2319:-14.505269	971:-14.526749	96506:-14.571676
301	77776	-0.054558705	77776	-0.054558705	1	-22.738199781	-0.054558705	77776:-0.054559	499:-2.959596	2051:-7.589513	543:-8.140695	218820:-9.523030	13581:-10.036624	16354:-10.328660	4967:-10.383654	563:-10.522723	78:-10.933936	35111:-10.948872	184254:-11.012282	198418:-11.054256	4587:-11.477014	4076:-11.699145	74546:-11.812681	75024:-12.152192	60315:-12.249295	2703:-12.384867	341:-12.430983
302	791	-1.152990304	791	-1.152990304	1	-16.392309151	-1.152990228	791:-1.152990	177015:-1.824575	33964:-2.188528	240465:-2.601837	14786:-2.837689	237445:-2.922849	1538:-3.361776	34732:-3.603928	23575:-3.865200	160238:-3.878214	660:-3.988691	378:-4.234457	215533:-4.335813	961:-4.503991	9300:-4.758217	30397:-5.025749	45963:-5.239738	55065:-5.519457	175991:-5.715021	264:-6.109600
303	213790	-0.672500148	213790	-0.672500148	1	-17.856828108	-0.672500131	213790:-0.672500	585:-2.241947	3687:-2.366365	69003:-2.407144	1147:-2.829717	178910:-3.253911	501:-3.613773	5810:-4.258791	187769:-4.359144	189197:-5.502241	9211:-5.730714	109454:-5.787896	2528:-6.147968	10895:-6.244131	27026:-6.589335	7752:-6.685115	324:-6.733560	187912:-6.991875	206900:-7.170183	242522:-7.207883
304	378	-0.184030054	378	-0.184030054	1	-17.350444553	-0.184030025	378:-0.184030	69003:-3.415015	244910:-3.487573	190859:-3.600874	1789:-4.224677	1538:-5.198848	72931:-5.459993	20125:-5.659868	178910:-5.772453	187769:-5.819074	246001:-5.903883	13522:-6.365845	241022:-6.527248	6454:-6.529754	195855:-6.628515	14786:-6.716946	207071:-6.728890	2920:-6.772645	1523:-6.839868	14:-6.860739
305	69003	-0.048516503	69003	-0.048516503	1	-18.903938284	-0.048516496	69003:-0.048517	178910:-3.194207	187769:-6.023603	1564:-7.969384	213790:-7.979536	7752:-8.165735	184474:-8.668615	2526:-8.825492	176816:-9.044111	184327:-9.227296	4015:-9.562140	189197:-9.600600	191209:-9.907400	2528:-9.960893	181942:-9.989970	226168:-10.036742	175000:-10.242772	79380:-10.284564	44750:-10.409204	225491:-10.438009
306	244910	-0.817304968	244910	-0.817304968	1	-17.601615547	-0.817304945	244910:-0.817305	178910:-1.970122	20125:-2.814444	230865:-2.941300	207071:-3.257201	5377:-3.337075	234288:-3.392690	190859:-3.439066	1789:-3.459139	173135:-4.244290	177907:-4.516259	4488:-4.924229	196145:-5.047859	2920:-5.054609	7337:-5.151304	28972:-5.151534	45963:-5.153321	69028:-5.471651	239446:-5.817763	195855:-5.959737
307	735	-0.992112841	735	-0.992112841	1	-14.521893706	-0.992112348	735:-0.992113	14786:-1.267643	1538:-1.372905	444:-4.308940	34732:-4.338817	791:-4.521567	23575:-4.593947	177015:-5.067451	21997:-5.534939	660:-5.865837	2920:-5.906495	54118:-6.114885	230865:-6.188261	23476:-6.276681	15910:-6.520231	69326:-6.626442	303:-6.742834	2899:-6.908853	1789:-7.268112	21133:-7.334291
308	345	-0.493138417	345	-0.493138417	1	-19.833628758	-0.493138415	345:-0.493138	43205:-1.304443	49492:-4.161456	3746:-4.563449	222847:-4.620797	6817:-5.146064	17529:-5.687326	351:-5.815209	5597:-5.839002	38086:-5.855740	629:-5.964549	67953:-5.994992	2717:-5.996626	225871:-6.023478	44201:-6.097106	417:-6.211544	70196:-6.407357	56195:-6.465802	68973:-6.475868	180476:-6.543540
309	4327	-0.446041336	4327	-0.446041336	1	-21.421971669	-0.446041336	4327:-0.446041	4899:-1.082051	26340:-5.265539	51594:-6.430918	178381:-6.693251	658:-6.945070	13890:-7.065323	66143:-7.635617	95037:-7.923298	39493:-8.102030	284:-8.250641	53038:-8.253713	16603:-8.298159	43482:-8.392435	1714:-8.474345	1531:-8.488782	595:-8.667853	18908:-8.677822	8565:-8.728135	71525:-8.756714
310	84	-0.000737427	84	-0.000737427	1	-21.424640177	-0.000737426	84:-0.000737	658:-8.965578	385:-9.943919	299:-9.974665	72082:-10.437848	3362:-10.839782	3204:-10.962906	153598:-11.013471	18175:-11.207444	14151:-11.243089	833:-11.247567	3747:-11.372839	216811:-11.414896	11715:-11.426543	456:-11.516050	4144:-11.753892	327:-11.826892	1692:-11.884963	6161:-12.087993	91154:-12.391280
311	3204	-0.001311443	3204	-0.001311443	1	-20.977617881	-0.001311442	3204:-0.001311	6383:-6.902557	11038:-10.142999	472:-10.450212	28899:-10.658306	26682:-10.897161	789:-11.102423	2141:-11.365397	14772:-11.803514	258:-11.866227	316:-11.900186	46374:-12.257983	43482:-12.359395	3822:-12.391519	33841:-12.406730	23456:-12.586096	213737:-12.696031	14591:-12.814832	30780:-12.895867	184621:-12.909914
312	303	-0.611167111	303	-0.611167111	1	-16.019248404	-0.611167001	303:-0.611167	25:-2.212932	173072:-2.280912	264:-2.920945	259:-3.140149	1789:-3.799068	177015:-4.286601	5377:-4.363003	2899:-4.385760	176816:-5.132236	34732:-5.340617	215533:-5.355585	1538:-5.444495	189305:-5.539754	193295:-5.607479	45013:-5.652461	211295:-5.669421	69326:-5.767497	26109:-5.768336	24953:-6.096669
313	49492	-0.122846501	49492	-0.122846501	1	-20.163701670	-0.122846499	49492:-0.122847	54070:-2.179937	68906:-8.058966	213353:-8.123846	259:-8.342598	176019:-8.664652	84058:-9.355690	43205:-9.675033	17291:-10.325174	23488:-10.364759	20147:-10.660856	173950:-10.689194	200940:-10.691190	177099:-10.769491	232327:-10.818732	177944:-11.067576	208594:-11.137674	37743:-11.193056	45957:-11.226250	208966:-11.292000
314	895	-0.000113090	895	-0.000113090	1	-22.091228088	-0.000113089	895:-0.000113	981:-10.438208	2906:-10.562907	4887:-11.200502	6245:-11.955554	1474:-12.156525	4494:-12.474620	16603:-12.652032	576:-13.420003	4405:-13.442763	211257:-13.809776	6387:-13.908234	21871:-14.018657	77373:-14.106556	23668:-14.232230	42381:-14.234973	329:-14.325499	8762:-14.547951	66469:-14.669145	51739:-14.707343
315	25	-0.001650353	25	-0.001650353	1	-17.085222741	-0.001650315	25:-0.001650	45646:-8.086371	791:-8.201535	1538:-8.391082	5020:-9.483934	23476:-9.689774	1789:-9.913479	535:-10.024894	157663:-10.255196	264:-10.696860	384:-10.748577	14786:-10.763127	82080:-10.869606	26109:-10.950013	2619:-11.225657	2920:-11.356545	296:-11.587712	21133:-11.676437	2899:-11.757956	878:-11.792218
316	5020	-0.680503429	5020	-0.680503429	1	-15.210014166	-0.680503181	5020:-0.680503	157663:-1.849426	82080:-3.010252	45646:-3.504942	791:-3.765981	171552:-3.818460	178910:-4.264008	187769:-4.325519	34848:-4.353474	2619:-4.427820	231463:-4.441095	172695:-4.706172	8129:-4.749862	69003:-4.807581	15563:-5.038030	77659:-5.070221	22607:-5.438342	501:-5.447181	170517:-5.543333	197566:-5.558395
317	72931	-0.627063986	72931	-0.627063986	1	-16.381056186	-0.627063909	72931:-0.627064	207408:-2.323977	13522:-2.675719	236036:-2.909285	241022:-3.169461	10725:-3.603929	187769:-3.690638	2920:-3.967915	39171:-5.022936	222431:-5.208122	175847:-5.214692	244910:-5.229954	1789:-5.496461	378:-5.526629	9104:-5.767031	45963:-5.785272	3841:-6.045574	5377:-6.116799	177907:-6.214718	264:-6.239229
318	2920	-0.912262241	2920	-0.912262241	1	-15.837646047	-0.912262108	2920:-0.912262	791:-1.119318	378:-2.121899	885:-3.416136	33417:-3.691752	264:-4.289158	23426:-4.289557	586:-4.627748	69028:-4.808920	1789:-5.279093	171709:-5.516257	2899:-5.643201	24953:-6.035309	2528:-6.187573	207408:-6.203723	55065:-6.233643	173135:-6.402476	11:-6.410881	173828:-6.443673	88846:-6.628506
319	586	-1.371988114	586	-1.371988114	1	-16.414350089	-1.371988040	586:-1.371988	8717:-1.668838	44514:-1.904995	2397:-2.115444	3687:-2.435758	1147:-2.644220	3514:-3.426028	170517:-3.613657	324:-4.592144	232246:-4.679107	175507:-6.086416	22564:-6.156449	16684:-6.467455	23426:-6.495580	178473:-6.506655	427:-6.725645	9003:-6.780386	8807:-6.785855	994:-6.899435	186986:-7.033976
320	72	-0.000515281	72	-0.000515281	1	-19.937448799	-0.000515279	72:-0.000515	5475:-8.545568	5997:-9.437228	33081:-10.541112	9676:-11.109402	173135:-11.663037	1739:-11.867786	89101:-12.200225	9945:-12.527409	31732:-12.529591	429:-12.545475	43583:-12.630746	6517:-12.800837	452:-12.857322	1789:-12.889845	80542:-12.906235	344:-13.096374	27031:-13.135239	52550:-13.137602	208576:-13.143126
321	208576	-1.068288803	208576	-1.068288803	1	-16.951877117	-1.068288759	208576:-1.068289	173135:-1.263805	52550:-2.123861	1789:-2.528061	173828:-3.259645	33417:-3.391088	229162:-3.857822	22056:-4.346722	190859:-4.348696	303:-4.626258	196145:-5.288607	200916:-5.311768	14537:-5.472286	947:-5.712301	41852:-5.916021	178599:-6.102484	45963:-6.333944	88846:-6.337797	236539:-6.357273	49460:-6.511204
322	735	-0.070003559	735	-0.070003559	1	-15.644057323	-0.070003398	735:-0.070004	40543:-2.985088	88846:-4.547634	791:-5.771931	11:-6.906784	28275:-7.052334	23575:-8.630430	378:-9.194260	318:-9.537788	1345:-9.625877	303:-9.765564	52550:-9.786366	34732:-9.924597	264:-10.112318	69326:-10.178474	54118:-10.238534	85593:-10.728703	271:-10.834446	177154:-10.860197	28735:-10.874083
323	271	-0.000012195	271	-0.000012195	1	-14.631687916	-0.000011753	271:-0.000012	835:-12.790189	198:-12.813056	4558:-13.944098	18050:-14.045638	29:-14.217303	248046:-14.631688	348:-14.950307	735:-15.068392	4277:-15.381959	12492:-15.556673	12091:-15.926755	1358:-16.046843	2972:-16.120005	11069:-16.290537	2765:-16.795755	2228:-16.972367	248044:-17.316824	471:-17.620414	987:-17.728324
324	4277	-0.036388545	4277	-0.036388545	1	-18.682668834	-0.036388538	4277:-0.036389	29:-3.338747	332:-9.984384	6391:-10.152359	158:-10.456679	9:-10.868282	80063:-11.254574	11180:-11.306276	9008:-11.357292	13962:-12.113176	7865:-12.154041	45:-12.681065	623:-12.808851	12:-13.172053	49300:-13.200263	199451:-13.356765	46:-13.391868	3758:-13.437605	11707:-13.443712	93671:-13.451994
325	271	-0.000033483	271	-0.000033483	1	-11.744668111	-0.000025551	271:-0.000033	248046:-11.744668	4558:-12.224465	198:-12.567039	248044:-13.441225	2228:-13.473398	18050:-13.635964	13962:-13.895439	1358:-14.481599	550:-14.958184	987:-15.156726	16112:-15.918259	845:-16.501030	264:-16.812474	7460:-16.823227	17:-16.857193	1639:-16.870152	10838:-17.019342	5690:-17.790249	695:-17.799631
326	13962	-0.265455193	13962	-0.265455193	1	-17.631608433	-0.265455171	13962:-0.265455	550:-1.457457	17:-8.709919	2:-10.315390	4277:-10.387190	794:-11.878689	16112:-12.051136	29:-13.064756	9764:-13.076103	7460:-13.191069	6820:-13.652384	332:-13.953832	71093:-14.095026	46:-14.111452	9:-14.584911	19:-14.803741	8482:-14.852896	6391:-14.988246	18:-15.018143	32:-15.029607
327	220	-0.001727988	220	-0.001727988	1	-12.154254844	-0.001722722	220:-0.001728	210563:-8.024752	357:-8.660934	426:-9.211368	6558:-9.695787	10838:-9.731725	2972:-10.034777	189551:-10.348457	91786:-11.203391	16112:-11.315134	67351:-11.317104	2765:-11.392240	26679:-11.810605	653:-11.844156	7460:-11.847180	49684:-11.862539	14392:-11.980945	14573:-12.014569	264:-12.092924	248046:-12.154255
328	17	-0.000104600	17	-0.000104600	1	-16.393037968	-0.000104524	17:-0.000105	16:-9.879451	18:-10.936989	19:-11.557330	21:-11.831420	22:-12.129623	20:-12.718691	15:-12.849722	23:-13.489692	24:-14.424852	220:-15.582485	30763:-16.257121	29545:-16.330125	13962:-16.370318	248046:-16.393038	13:-16.805483	28495:-16.830186	24128:-16.877527	46701:-17.089733	550:-17.216409
329	13	-0.000153449	13	-0.000153449	1	-18.871753600	-0.000153442	13:-0.000153	210563:-9.290895	25:-11.546430	4770:-12.044385	426:-12.340577	959:-12.934725	11:-12.979646	6558:-13.024465	67351:-13.223558	29545:-13.234080	7305:-13.591002	172567:-13.607587	641:-13.832866	2893:-13.915330	183586:-14.013331	37:-14.053205	64:-14.138780	707:-14.340695	8:-14.400445	1173:-14.440665
330	210563	-0.090138963	210563	-0.090138963	1	-18.804894856	-0.090138956	210563:-0.090139	426:-3.548421	6558:-3.561523	4770:-5.069939	183586:-5.682252	2893:-6.226923	15108:-6.704992	172567:-6.938905	233439:-6.984183	192132:-7.132054	9675:-7.344240	7305:-7.381195	1900:-7.546518	26679:-7.595933	7369:-7.755451	212779:-7.764791	67351:-7.772161	15598:-7.989046	2776:-8.234924	22921:-8.304991
331	220	-0.034753470	220	-0.034753470	1	-17.408365397	-0.034753442	220:-0.034753	1789:-3.696169	357:-4.824190	14786:-7.350406	213245:-8.741962	28646:-10.790818	353:-10.877863	25:-11.557819	23476:-11.630560	28275:-11.746685	4681:-11.777091	219195:-11.815300	264:-11.991270	200616:-12.019941	23148:-12.075568	34732:-12.252217	185817:-12.282762	180825:-12.283768	303:-12.379622	94900:-12.393667
332	16	-0.000089111	16	-0.000089111	1	-18.199323120	-0.000089098	16:-0.000089	15:-9.868207	17:-10.481008	18:-13.412790	22:-13.951954	46701:-14.018084	21:-14.257099	19:-14.258881	20:-14.690494	24:-14.826076	23:-15.096997	57487:-15.153264	220:-15.365084	68086:-15.685213	29969:-16.167468	25229:-16.289352	151:-16.872825	149:-17.057014	46916:-17.294350	29545:-17.647607
333	25	-0.000381674	25	-0.000381674	1	-20.257361616	-0.000381672	25:-0.000382	1317:-8.239989	535:-10.128908	6558:-10.434515	4960:-12.458910	26196:-12.691036	11069:-12.745745	3156:-13.096530	13:-13.127570	64700:-13.168762	471:-13.207976	7369:-13.238484	29545:-13.334328	64:-13.609628	4006:-13.964812	1042:-13.980705	14786:-14.007398	1892:-14.015953	378:-14.039314	9764:-14.143749
334	6558	-0.126605773	6558	-0.126605773	1	-20.524744416	-0.126605772	6558:-0.126606	3156:-2.467865	7283:-4.469301	4770:-5.265408	7369:-5.617157	189114:-6.085230	26196:-7.004262	733:-7.005347	73371:-7.249064	241412:-8.082718	34477:-8.090919	2972:-8.289663	1042:-8.462169	8625:-8.527960	11101:-8.582456	21347:-8.694110	210563:-8.701205	204873:-8.746433	436:-8.761696	7305:-8.764370
335	170173	-0.000609000	170173	-0.000609000	1	-22.879199346	-0.000609000	170173:-0.000609	5512:-7.925490	74141:-9.452252	4813:-9.931837	2481:-10.580626	23534:-10.729932	83:-10.964444	181012:-11.843627	63161:-12.493021	1235:-12.581876	23719:-12.666126	59949:-12.752495	951:-12.815142	9945:-12.833273	5391:-13.060909	2103:-13.716339	25883:-13.752894	10659:-13.929562	16409:-13.959797	49612:-14.085955
336	1538	-0.044678728	1538	-0.044678728	1	-19.085105459	-0.044678723	1538:-0.044679	378:-3.161481	318:-8.215989	23476:-8.530022	1523:-8.648522	14786:-8.853246	14:-9.256364	21133:-9.642582	78787:-9.950908	15861:-10.154761	1789:-10.324305	296:-10.585237	57491:-10.743812	9640:-10.747186	26109:-10.898484	45013:-11.611466	3687:-11.672875	4181:-12.187364	23957:-12.266865	213245:-12.329545
337	9640	-0.567449955	9640	-0.567449955	1	-18.923725990	-0.567449949	9640:-0.567450	57491:-0.845805	60063:-6.615706	52782:-7.415917	17058:-8.683325	39242:-9.100341	59348:-9.273646	186179:-9.370851	199082:-9.704523	2619:-9.803179	49219:-9.912332	69798:-9.967062	2570:-10.049961	47973:-10.249020	65406:-10.272600	68925:-10.441589	16635:-10.585762	1156:-10.948884	178020:-10.958185	27710:-11.103426
338	318	-0.065031710	318	-0.065031710	1	-13.672357264	-0.065030556	318:-0.065032	271:-3.194272	378:-4.030648	3376:-7.091599	1879:-7.547875	2899:-7.604245	60868:-7.965234	23476:-8.184672	4460:-8.313749	27718:-9.121644	198:-9.272130	28735:-9.488044	25253:-9.905827	23957:-10.020908	2228:-10.376126	46600:-10.659492	1789:-10.727668	99486:-10.741341	199082:-10.812674	9473:-10.826552
339	2425	-0.217546039	2425	-0.217546039	1	-20.805368476	-0.217546038	2425:-0.217546	1307:-2.589157	623:-3.186197	67:-5.043615	4551:-5.147028	8585:-5.151014	43:-5.323251	243098:-5.510124	3131:-5.757776	6702:-5.868730	75:-5.943485	52782:-6.279561	223007:-6.450970	59898:-6.737817	28461:-6.824503	94095:-6.847141	188182:-6.917039	199451:-6.959068	35:-6.994398	37:-7.019640
340	8	-0.020101911	8	-0.020101911	1	-18.277616865	-0.020101900	8:-0.020102	23476:-4.064207	199082:-7.815322	8427:-8.115754	378:-8.338095	27212:-8.339350	16635:-8.479201	14786:-8.860401	1538:-9.307435	2899:-9.476984	2570:-9.621831	45013:-9.756766	1156:-9.790578	26679:-10.135514	67351:-10.443213	594:-10.580810	17775:-10.682173	8357:-10.771019	6157:-10.849699	1789:-10.991240
341	271	-0.000276420	271	-0.000276420	1	-15.445622299	-0.000276224	271:-0.000276	198:-8.682147	199451:-10.282224	88506:-10.847730	378:-11.772014	28735:-12.108721	2228:-12.542959	478:-13.036482	594:-13.622091	11069:-13.636936	4558:-13.819289	243098:-14.001383	18050:-14.189966	1317:-14.203025	10838:-14.323358	735:-14.358429	2972:-14.581179	189551:-14.656277	948:-14.743215	835:-14.764398
342	199451	-0.018814442	199451	-0.018814442	1	-23.123446939	-0.018814442	199451:-0.018814	332:-5.107640	11707:-5.786663	9751:-6.289936	48:-6.339356	794:-6.590798	8482:-7.183144	229720:-7.186394	224442:-7.743206	623:-8.195555	88506:-8.342270	51253:-8.364207	4350:-8.637706	1378:-8.687271	243098:-8.952429	219203:-9.133958	2114:-9.274866	51193:-9.633883	43:-9.660935	44:-10.005484
343	8951	-0.768310117	8951	-0.768310117	1	-16.938218044	-0.768310073	8951:-0.768310	1475:-1.282695	3942:-2.370319	9473:-2.597679	45749:-3.584480	324:-4.523452	8717:-4.596617	188253:-5.696621	176379:-6.041663	2972:-6.303554	632:-6.422966	44514:-6.488990	162400:-6.582676	233348:-6.618993	15262:-6.633838	77070:-6.993784	40742:-7.082382	3687:-7.339668	1100:-7.370585	153509:-7.505283
344	31732	-0.001231241	31732	-0.001231241	1	-20.422788668	-0.001231240	31732:-0.001231	6293:-6.969531	6034:-9.451266	9630:-9.592902	5997:-10.682437	77667:-11.330197	9676:-11.371652	208101:-11.638221	186525:-11.926389	1821:-12.428739	20053:-12.486187	30827:-12.659835	2150:-12.814270	2003:-12.861119	38101:-12.959937	396:-13.152352	95245:-13.256167	26438:-13.305488	452:-13.486352	1878:-13.554382
345	4931	-0.842177724	632	-0.697835301	0	-15.171115254	-0.842177466	632:-0.697835	4931:-0.842178	3687:-3.794422	1147:-3.815347	296:-4.457023	328:-5.098388	378:-6.003787	175436:-6.222554	25:-7.062846	173976:-7.130597	88064:-7.443511	9473:-8.164169	177087:-8.563556	51515:-8.599153	2879:-8.634832	23575:-8.748315	11:-8.828176	2972:-9.174928	264:-9.306503	34732:-9.531772
346	177087	-0.006964939	177087	-0.006964939	1	-20.762619274	-0.006964938	177087:-0.006965	175102:-5.563083	87222:-6.589700	82592:-7.285928	182974:-8.331525	186179:-8.895463	198428:-9.774143	76614:-9.780792	183687:-9.934459	3134:-10.448859	9640:-10.525828	178423:-10.546489	4567:-10.633100	61727:-10.758470	56828:-10.787317	7281:-11.206130	182367:-11.349187	193578:-11.412606	3296:-11.537114	45929:-11.853404
347	11	-0.747834570	11	-0.747834570	1	-15.126526244	-0.747834301	11:-0.747835	318:-0.823898	296:-3.369384	3376:-4.008785	378:-4.424323	444:-4.542083	2445:-5.414585	23575:-5.582162	1477:-7.484220	660:-7.498351	34732:-7.907957	73879:-7.960841	4460:-8.041841	25:-8.050521	303:-8.316247	264:-8.630006	63583:-8.695939	21997:-8.777470	25253:-8.894328	3687:-9.276067
348	3687	-0.196270998	3687	-0.196270998	1	-15.677935655	-0.196270842	3687:-0.196271	961:-2.404088	585:-3.734231	2445:-3.917604	324:-4.201526	203018:-5.552989	183624:-6.056354	190686:-6.151044	1477:-6.192239	237069:-6.277955	52793:-6.288743	49862:-6.445282	1147:-6.855125	233817:-6.963223	81759:-7.199451	172452:-7.476258	49460:-7.538962	154830:-7.607680	34142:-7.674279	75597:-7.875310
349	27886	-0.362907386	27886	-0.362907386	1	-17.022953964	-0.362907346	27886:-0.362907	175723:-2.050877	60063:-2.516087	9640:-3.647137	6165:-4.007194	175973:-4.335651	56904:-4.643682	221819:-5.366266	44750:-5.746833	1817:-6.151288	174710:-6.252050	6464:-7.113558	186179:-7.120191	91719:-7.402336	3061:-7.483916	176005:-7.605758	60326:-7.636477	69003:-7.640873	49775:-7.814888	1785:-7.856308
350	34949	-0.055114917	34949	-0.055114917	1	-16.634755306	-0.055114858	34949:-0.055115	1147:-4.311822	182506:-4.636254	2397:-4.975197	24150:-5.612591	172508:-5.666014	197542:-6.325484	33232:-7.274082	4259:-7.346108	19052:-7.392290	12378:-7.441200	190686:-7.474749	2148:-7.580024	6185:-7.827557	175026:-7.933043	1817:-7.939017	209947:-7.956091	176688:-8.103983	93951:-8.124466	35552:-8.271366
351	73371	-0.899109298	73371	-0.899109298	1	-16.784312540	-0.899109247	73371:-0.899109	328:-2.488598	178864:-2.502329	205233:-2.934975	2972:-3.018995	9580:-3.086959	25:-3.455530	34142:-3.544213	13792:-3.611803	177255:-3.693171	1740:-4.261158	154694:-4.445767	24150:-4.558006	179765:-4.617161	1994:-4.989058	204662:-5.235030	348:-5.273777	246618:-5.310823	184356:-5.384793	191085:-5.466538
352	532	-0.019687320	532	-0.019687320	1	-20.515370513	-0.019687319	532:-0.019687	174395:-4.075569	58876:-6.465795	65263:-7.561958	277:-9.777235	184612:-10.096425	193638:-10.109153	178104:-10.337733	57988:-10.402905	186038:-10.862867	180719:-11.076495	5864:-11.383821	4329:-11.506607	203007:-11.900175	461:-11.944099	475:-11.979902	4189:-12.015733	29441:-12.409810	9031:-12.516673	4897:-12.825496
353	3687	-0.668243288	3687	-0.668243288	1	-17.569683670	-0.668243265	3687:-0.668243	378:-0.957048	11:-3.596277	585:-3.773140	501:-3.956423	1147:-4.812906	49460:-5.556457	18943:-6.054998	76193:-6.062622	324:-6.444342	172695:-6.494828	1523:-6.683962	48211:-6.702297	69003:-6.806620	171552:-7.080531	71636:-7.469226	16315:-7.664152	172734:-8.052411	41852:-8.090778	2899:-8.160185
354	175973	-0.140022238	175973	-0.140022238	1	-18.035556754	-0.140022224	175973:-0.140022	188105:-3.198837	175723:-3.296173	9640:-3.809460	60063:-4.072353	2972:-5.910310	186179:-6.087554	328:-6.176463	182142:-6.899208	173575:-7.673278	44750:-8.388563	205533:-8.464780	1558:-8.581500	221134:-8.943259	34751:-8.975303	182796:-9.201261	348:-9.269203	35710:-9.429592	40140:-9.458913	1879:-9.728403
355	378	-0.052498741	378	-0.052498741	1	-17.330458564	-0.052498711	378:-0.052499	37225:-3.756123	318:-4.999593	11:-5.319595	34732:-6.181376	46600:-6.421460	303:-6.436483	23957:-6.474130	60868:-6.486386	23575:-6.891408	1789:-7.259580	500:-7.549071	296:-8.171710	63583:-8.183235	62481:-8.185555	1523:-8.203610	2899:-8.252067	436:-8.355201	82304:-8.671250	60290:-8.728831
356	13792	-1.390667929	13792	-1.390667929	1	-18.051826491	-1.390667915	13792:-1.390668	205233:-1.840161	585:-2.379651	177255:-2.379880	1817:-2.466290	3687:-2.991455	246618:-3.165584	24150:-3.189579	9580:-3.274310	178864:-3.613248	191076:-3.807038	204662:-4.469687	501:-4.848123	187912:-5.525140	1147:-5.676748	27026:-5.741005	184356:-5.881761	191085:-6.034259	179765:-6.236565	324:-6.338868
357	532	-0.000651711	532	-0.000651711	1	-21.967092389	-0.000651711	532:-0.000652	65263:-7.920055	174395:-9.409738	58876:-9.568024	184612:-10.768152	72:-11.402627	178104:-12.079891	193638:-12.196668	4329:-12.268572	91901:-12.576864	180719:-12.627914	277:-12.639393	2692:-12.662846	186038:-12.739642	57988:-12.794923	14578:-12.874730	16659:-12.900131	344:-12.989777	4726:-13.033165	4189:-13.039146
358	3687	-0.203121657	3687	-0.203121657	1	-19.370697493	-0.203121653	3687:-0.203122	1147:-2.028462	501:-3.120320	172695:-5.740443	585:-6.367957	175723:-7.221920	324:-7.275824	61727:-8.346488	60063:-8.354886	979:-8.578734	61796:-8.875885	45929:-9.320724	9473:-9.446331	1879:-9.969802	48426:-10.012427	27026:-10.116082	182063:-10.320879	46652:-10.365255	178837:-10.426915	75597:-10.759770
359	60063	-0.483897248	60063	-0.483897248	1	-20.596809188	-0.483897247	60063:-0.483897	175723:-0.965785	186179:-7.766779	9640:-7.931037	205533:-8.049949	61727:-8.140369	176678:-8.768007	30970:-8.832469	1879:-9.056466	1228:-9.159825	188105:-9.391714	178837:-9.805320	49775:-9.808470	178020:-9.834549	9473:-9.971142	80687:-10.256690	190555:-10.265285	1414:-10.316880	209327:-10.803872	48190:-10.850148
360	175723	-0.027025295	175723	-0.027025295	1	-21.814778877	-0.027025294	175723:-0.027025	1879:-3.892370	186179:-5.690897	30970:-7.405461	205533:-7.651646	9640:-7.662614	99486:-8.667019	1228:-9.005409	186126:-9.310692	1414:-9.371114	48190:-9.682583	5396:-9.778101	175102:-10.608625	179849:-10.823673	184026:-10.872725	231550:-10.879214	182063:-10.999369	1307:-11.002874	218563:-11.026251	215319:-11.026453
361	13	-0.000200095	13	-0.000200095	1	-20.648179354	-0.000200094	13:-0.000200	34142:-9.617487	303:-11.255706	2972:-11.751470	318:-11.761000	2445:-11.994576	159029:-12.119190	11:-12.517292	40543:-12.798374	73879:-12.974293	4460:-13.192128	791:-13.303989	4749:-13.384964	213245:-13.546909	348:-13.562737	1789:-13.617773	159034:-13.625030	180825:-13.744794	378:-13.775456	296:-13.816145
362	271	-0.000658884	271	-0.000658884	1	-16.668580904	-0.000658826	271:-0.000659	171777:-8.040107	174317:-9.127351	177001:-9.473227	39758:-11.343014	171397:-11.565804	794:-11.678725	733:-11.741503	7305:-12.413754	4770:-12.432338	11248:-12.771726	229720:-12.785603	183739:-12.895836	181762:-12.937217	174349:-12.949963	7521:-13.095903	49862:-13.171322	181507:-13.226843	2972:-13.239663	1061:-13.297989
363	794	-0.001400255	794	-0.001400255	1	-19.959235452	-0.001400253	794:-0.001400	332:-7.458969	16:-7.799078	12:-8.226361	13962:-9.476708	9:-10.649346	9008:-12.305069	169286:-12.330000	25435:-12.602158	65059:-12.930011	71093:-12.999182	91:-13.230531	212779:-13.333984	29:-13.343169	550:-13.495305	80838:-14.132953	18:-14.256360	172064:-14.263272	15:-14.289492	92217:-14.290239
364	183586	-0.928704432	183586	-0.928704432	1	-12.400225333	-0.928700314	183586:-0.928704	264:-1.923953	2972:-2.477488	212779:-2.594316	189551:-2.704164	10838:-3.041783	9675:-3.319229	91786:-3.380936	357:-3.680413	35160:-4.001889	219983:-4.279004	15108:-4.522961	79851:-5.505130	2893:-5.538868	14392:-5.581551	55242:-5.918073	49684:-6.019048	192132:-6.299195	184433:-7.006641	190161:-7.013686
365	237069	-0.032307491	237069	-0.032307491	1	-19.458656654	-0.032307488	237069:-0.032307	233817:-3.765120	203018:-5.507348	19428:-6.555552	2148:-7.489465	174294:-7.700954	53544:-8.415676	8311:-8.725650	11094:-9.001571	204549:-9.069487	33552:-9.242860	174483:-9.256668	27581:-9.305049	165881:-9.584503	192777:-9.610808	3420:-9.796681	79834:-10.057288	175026:-10.063472	180751:-10.101891	170816:-10.138408
366	25	-0.814221980	25	-0.814221980	1	-15.010882498	-0.814221677	25:-0.814222	174140:-1.083419	63583:-2.448936	23575:-3.913649	180968:-4.251224	303:-4.306081	2923:-4.554787	54118:-4.594139	11436:-4.624801	30:-4.937600	239938:-5.113610	11:-5.344952	660:-5.465034	384:-6.078622	34732:-6.198675	172144:-6.634784	264:-6.655144	15910:-6.696401	177154:-6.712443	444:-6.776777
367	198	-0.009622445	198	-0.009622445	1	-15.789631715	-0.009622306	198:-0.009622	271:-4.651548	35160:-11.569095	2972:-13.427202	2228:-14.773853	494:-14.792803	264:-14.869062	220:-15.055899	2923:-15.319221	17639:-15.633426	2899:-15.696017	695:-15.726573	248046:-15.789632	46600:-16.125570	449:-16.580031	14392:-16.648422	92015:-16.723222	60868:-16.733000	357:-16.750249	5369:-16.808075
368	16	-0.043106617	16	-0.043106617	1	-17.762657703	-0.043106597	16:-0.043107	12:-3.166937	794:-12.182120	169286:-12.357266	332:-12.421502	9:-12.428454	17:-13.127175	22:-13.334446	15:-13.345455	19:-13.346039	21:-13.475669	18:-13.492204	71093:-13.566874	91:-13.611595	11707:-13.833815	20:-13.996205	10:-14.066188	24:-14.239000	64:-14.292977	9008:-14.559325
369	13	-0.000000846	13	-0.000000846	1	-17.878863227	-0.000000829	13:-0.000001	159029:-15.239154	29545:-15.402633	8:-15.562478	2972:-16.887950	248046:-17.878863	11:-18.289699	2487:-18.458875	332:-18.790178	5946:-18.931425	553:-19.208114	6889:-19.389523	24:-19.492579	1173:-19.564460	159034:-19.664127	782:-19.745133	18261:-19.784015	486:-19.808311	16:-19.901183	46292:-20.010198
370	2972	-0.004749642	2972	-0.004749642	1	-15.346487866	-0.004749426	2972:-0.004750	220:-6.024300	7305:-6.332997	436:-9.128726	3156:-10.221835	1297:-10.528960	35160:-10.567944	11707:-10.841065	256:-10.859839	189816:-10.878817	17639:-10.910208	3687:-10.949841	27198:-11.023005	176217:-11.146960	353:-11.557654	173976:-11.567739	4770:-11.567997	13827:-11.620854	1178:-12.058630	172299:-12.362625
371	1178	-0.577340276	1178	-0.577340276	1	-19.237103850	-0.577340271	1178:-0.577340	8585:-1.702705	11707:-2.543212	73045:-2.795051	1652:-2.874606	29426:-4.269601	43:-4.294250	1460:-5.706802	35:-5.714679	9573:-6.700882	8316:-6.812217	49:-6.815095	18164:-7.017302	18340:-7.072135	3702:-7.180562	8482:-7.222728	3950:-7.436963	4122:-7.475428	4312:-7.634126	5619:-7.753347
372	35	-0.000065652	35	-0.000065652	1	-19.669271794	-0.000065649	35:-0.000066	67:-10.315629	11069:-11.264651	92217:-12.660518	45:-13.216104	34:-13.408501	3967:-13.901428	318:-13.997766	8135:-14.009374	59884:-14.396601	64688:-14.404408	44:-14.464154	51:-14.694462	33:-14.745454	5318:-14.781921	5751:-14.876384	32:-15.005078	46:-15.051999	37:-15.091672	887:-15.100510
373	11069	-0.637814184	11069	-0.637814184	1	-16.059226652	-0.637814078	11069:-0.637814	92217:-0.847100	318:-3.348252	332:-5.380092	64700:-7.057759	1411:-8.558115	378:-8.849916	1317:-9.073195	478:-9.161885	25:-9.304895	74994:-9.321303	172508:-9.400897	79851:-9.677095	93868:-10.281485	11094:-10.342480	73371:-10.400305	159034:-10.434849	49300:-10.584524	1590:-10.674714	593:-10.693641
374	21360	-0.005705132	21360	-0.005705132	1	-18.417036308	-0.005705122	21360:-0.005705	18588:-6.316082	14710:-7.096522	3156:-7.689459	13540:-7.949539	18887:-8.519624	60291:-9.147642	225871:-9.173788	221134:-9.288641	32784:-9.418425	6558:-9.525341	37582:-9.654935	8625:-10.049321	92217:-10.129792	332:-10.200947	73645:-10.354634	26873:-10.450342	21966:-10.456654	17401:-10.512536	35160:-10.549292
375	92217	-0.088295960	92217	-0.088295960	1	-16.838933015	-0.088295912	92217:-0.088296	332:-2.979533	11069:-4.302243	14:-4.742993	296:-6.103360	318:-6.359207	64700:-6.446230	26355:-6.924510	478:-7.121602	593:-7.125711	15328:-7.453769	378:-7.818398	10968:-7.907376	25:-8.170159	2228:-8.748963	594:-8.832541	18794:-9.848292	11046:-9.878724	7199:-9.939033	9964:-10.072194
376	2228	-0.051364250	2228	-0.051364250	1	-16.716507740	-0.051364195	2228:-0.051364	7305:-3.395719	198:-4.628187	1297:-5.210407	695:-7.405170	5690:-9.357775	353:-9.367976	4770:-10.121160	1942:-10.310375	436:-10.333749	3687:-10.726341	11707:-10.793792	1615:-10.889908	1368:-10.892480	1900:-11.264839	88506:-11.522755	561:-11.653906	11016:-11.886764	1188:-11.919096	1031:-11.944849
377	256	-0.000078574	256	-0.000078574	1	-18.342037573	-0.000078563	256:-0.000079	7305:-10.417117	11707:-10.702993	262:-11.067791	1297:-12.734918	1460:-13.073894	220:-13.203766	471:-14.046576	257:-14.231057	12:-15.622282	197:-15.815730	406:-16.194773	21742:-16.381961	8965:-16.383030	40:-16.426889	5690:-16.532475	950:-16.583436	43:-16.590872	16588:-16.661959	2228:-17.311505
378	7305	-0.464300109	7305	-0.464300109	1	-18.256164742	-0.464300097	7305:-0.464300	1297:-1.710154	471:-1.785292	1942:-5.046497	436:-5.072148	4770:-5.983593	353:-6.084475	88506:-6.232583	1615:-8.260429	1900:-8.324284	1368:-8.439320	172080:-8.955744	87516:-9.074804	178214:-9.182050	6282:-9.339989	733:-9.376113	561:-9.560224	3495:-9.577656	3687:-9.582687	1188:-9.649779
379	175973	-0.012574445	175973	-0.012574445	1	-18.484316121	-0.012574436	175973:-0.012574	999:-4.687383	35710:-7.711690	59166:-8.603054	2972:-8.617526	3061:-8.640472	221134:-8.712492	93790:-8.944608	436:-9.063678	34751:-9.198415	1558:-9.445737	23828:-9.523624	191081:-9.644688	27886:-9.712252	57844:-9.790672	205533:-10.054664	186179:-10.062162	60063:-10.137326	182796:-10.481127	103725:-10.503757
380	37225	-0.437722631	37225	-0.437722631	1	-15.199378677	-0.437722380	37225:-0.437723	318:-1.190050	436:-4.019575	1789:-4.773743	11094:-5.808732	14791:-6.208861	53551:-6.913879	53544:-7.010332	233716:-7.213080	11:-7.305599	205533:-7.478535	17511:-7.848438	1538:-7.849019	23828:-7.866985	18912:-8.036689	62481:-8.062948	2397:-8.122892	378:-8.291038	85193:-8.384542	41668:-8.402353
381	173945	-0.000701514	173945	-0.000701514	1	-21.831757632	-0.000701514	173945:-0.000702	156669:-8.550043	83280:-8.741922	375:-9.851916	163072:-9.964444	8814:-9.999741	181797:-10.156905	180025:-10.286147	93065:-10.304626	5414:-12.076019	155645:-12.105666	27333:-12.122259	3183:-12.272764	180159:-12.277202	155194:-12.484100	284:-12.675288	246233:-12.769188	225807:-13.103496	6293:-13.104097	191499:-13.145355
382	318	-0.110394201	318	-0.110394201	1	-16.904937944	-0.110394156	318:-0.110394	11094:-2.333293	49167:-5.553645	11:-7.322127	17511:-7.900639	53544:-7.925177	2397:-8.621524	1789:-8.635937	172918:-9.073571	6185:-9.076454	173135:-9.106057	192033:-9.579926	233716:-9.628268	23828:-9.825370	378:-9.842292	88734:-9.894372	20187:-10.097979	9532:-10.323218	65520:-10.426018	2920:-10.430018
383	1474	-0.993556609	1474	-0.993556609	1	-19.586155286	-0.993556606	1474:-0.993557	19735:-1.418609	327:-2.114324	287:-2.408027	2085:-2.956001	354:-4.067941	76:-4.110738	72:-4.343929	8317:-4.478647	69814:-5.204195	50893:-5.472638	1152:-5.707910	36933:-5.815486	1129:-5.971138	18524:-5.996552	223252:-6.125097	319:-6.232620	8303:-6.487620	268:-6.496011	435:-6.621330
384	49167	-0.023179565	49167	-0.023179565	1	-19.400839839	-0.023179561	49167:-0.023180	17511:-4.644552	11094:-4.670831	205681:-6.735630	6185:-7.570766	172918:-7.786957	192372:-8.588089	173135:-8.636241	78225:-8.689746	9854:-8.800913	77659:-9.105707	20047:-9.760761	17714:-9.935954	51725:-10.329336	217561:-10.793722	2397:-10.890501	175507:-10.898492	23889:-10.921279	174625:-10.955698	179695:-10.985063
385	33132	-0.271275746	33132	-0.271275746	1	-21.246020245	-0.271275746	33132:-0.271276	17511:-1.672870	9854:-3.194820	205576:-6.139309	79967:-6.297879	175007:-7.670556	23040:-7.684705	21883:-8.328370	156348:-8.989788	54954:-9.132630	207783:-9.167787	224682:-9.303552	110790:-9.338325	233716:-9.372731	242657:-9.387812	72126:-9.517740	97252:-9.568561	3823:-9.610184	205681:-9.707993	61809:-9.798748
386	1789	-0.318269199	1789	-0.318269199	1	-17.046650833	-0.318269160	1789:-0.318269	23828:-1.768671	65520:-3.293725	233716:-3.994406	2899:-4.124467	17511:-5.485703	45963:-5.944877	21883:-6.227741	86685:-6.617554	203460:-6.739749	172841:-6.803100	186235:-6.828292	632:-6.829008	217324:-7.034887	172734:-7.041015	93026:-7.127949	27149:-7.166704	16789:-7.487537	199899:-7.596193	236539:-7.761796
387	172734	-0.650591982	172734	-0.650591982	1	-15.726671827	-0.650591834	172734:-0.650592	21883:-2.367034	236539:-2.369735	172841:-2.837525	217324:-3.341624	93026:-3.531682	175971:-3.541333	220:-3.848486	188215:-4.130028	4015:-4.342977	219839:-4.351344	203705:-4.388349	86685:-5.125060	16315:-5.277806	181684:-5.320138	85952:-5.448667	173259:-5.502605	18295:-6.034072	42667:-6.410188	338:-6.596842
388	18295	-0.377048695	18295	-0.377048695	1	-18.406906092	-0.377048685	18295:-0.377049	21883:-1.228331	42667:-4.381798	469:-5.992792	338:-6.069466	188215:-7.345422	95224:-7.526940	14944:-8.288886	12954:-8.320780	49580:-8.747247	5213:-8.830214	139611:-9.251619	39890:-9.486012	27454:-9.613346	173259:-9.663962	84906:-9.670096	45446:-10.012064	18177:-10.060345	2972:-10.382721	217324:-10.429798
389	8	-0.394110545	8	-0.394110545	1	-17.287049636	-0.394110514	8:-0.394111	296:-1.312062	11:-2.973071	16240:-5.736952	1789:-7.872164	14:-8.392913	73523:-8.678416	27149:-9.022195	681:-9.651885	791:-9.890027	9009:-9.923615	1915:-10.004472	23575:-10.158231	500:-10.281646	466:-10.508889	885:-10.557483	264:-10.594033	54118:-10.655514	10468:-10.807553	303:-10.890000
390	11094	-0.427441350	11094	-0.427441350	1	-19.073053352	-0.427441345	11094:-0.427441	53544:-1.153994	2397:-4.406848	9532:-4.416480	34949:-5.744968	4259:-6.568574	49167:-7.878169	378:-7.961333	88734:-8.321405	2972:-8.674330	192033:-8.713748	173135:-8.802037	192777:-8.965427	246626:-9.197606	190686:-9.243315	45707:-9.313328	27581:-9.414340	1789:-9.647928	172918:-9.698898	18943:-9.784520
391	26191	-0.755279688	26191	-0.755279688	1	-18.208295493	-0.755279676	26191:-0.755280	5157:-1.262108	15563:-2.277992	246626:-3.822310	173135:-3.994638	173962:-4.178847	10787:-4.184988	1980:-4.201223	182713:-4.360704	191878:-5.873103	5638:-5.917460	240705:-5.981568	9476:-6.038916	73371:-6.117899	219391:-6.635491	1077:-6.953321	6042:-7.040346	68831:-7.135293	46546:-7.314030	179849:-7.371044
392	4189	-0.000095596	4189	-0.000095596	1	-23.749955883	-0.000095596	4189:-0.000096	450:-10.719846	16263:-12.177397	56157:-12.496223	5475:-12.649786	213929:-12.731067	88671:-12.761688	1481:-12.903308	9031:-12.906281	171520:-13.047169	6156:-13.153073	266:-13.464062	172144:-13.524992	2004:-13.637677	204117:-13.642973	34604:-13.808539	42553:-13.894942	33029:-13.957813	197439:-14.034836	24757:-14.113785
393	172144	-0.613041163	172144	-0.613041163	1	-18.397667170	-0.613041153	172144:-0.613041	885:-1.201111	24953:-2.284823	63583:-3.617457	14884:-4.622795	23575:-5.273107	303:-6.194992	55065:-7.037902	182713:-7.112602	25349:-7.294527	80768:-7.485398	2445:-7.573351	1980:-7.655998	184981:-7.926273	24207:-7.995835	2972:-8.039026	195031:-8.049514	246626:-8.097162	791:-8.317450	60868:-8.322367
394	515	-0.749717578	515	-0.749717578	1	-18.867630347	-0.749717571	515:-0.749718	12887:-1.596939	207512:-1.716492	38290:-2.479835	226796:-3.193392	6:-4.432159	725:-5.033346	332:-6.974769	1178:-9.352122	579:-9.353019	35160:-9.453790	4110:-9.489897	13607:-9.862285	41813:-10.098785	22878:-10.101013	26708:-10.110844	43219:-10.318712	35559:-10.562754	19009:-10.584967	6709:-10.594528
395	1178	-0.006420481	1178	-0.006420481	1	-19.308520662	-0.006420477	1178:-0.006420	332:-5.191954	18140:-8.458664	5318:-8.861327	154566:-9.707634	35160:-9.765662	39:-10.119229	18567:-10.132222	72543:-11.148705	63:-11.514718	1077:-11.523700	26044:-11.561289	9:-12.082619	21894:-12.224455	3423:-12.303888	90323:-12.365434	753:-12.371219	4104:-12.391514	60316:-12.419206	4443:-12.651055
396	35	-0.000055247	35	-0.000055247	1	-20.405627184	-0.000055246	35:-0.000055	67:-10.332765	46:-12.912129	13:-13.051722	33:-13.217563	34:-13.309817	44:-13.314627	45:-13.581386	50:-13.887825	5318:-13.985250	3967:-14.443872	45998:-14.485977	32:-14.605873	20552:-14.699915	43:-14.945624	49:-15.038239	59884:-15.079749	47:-15.126051	38:-15.138310	7444:-15.206839
397	13	-0.015160988	13	-0.015160988	1	-18.362940262	-0.015160977	13:-0.015161	296:-5.644417	28735:-5.817036	2445:-5.919062	318:-6.310812	660:-6.559038	11:-7.859881	500:-8.240006	303:-8.508359	444:-8.641533	264:-9.009819	791:-9.188899	378:-9.265024	1147:-9.448774	3687:-9.781335	21997:-9.817371	58902:-10.031013	7256:-10.063604	28275:-10.190898	885:-10.193006
398	1942	-0.770208767	1942	-0.770208767	1	-17.315991810	-0.770208737	1942:-0.770209	88506:-1.289359	1615:-2.686665	1297:-2.727976	4770:-3.467818	3495:-3.883780	237127:-3.964598	2228:-3.991139	7305:-4.222433	87516:-5.082337	177198:-6.192730	733:-6.641632	172567:-7.177293	33960:-7.183300	11248:-7.318129	218297:-7.440318	176145:-7.483646	436:-7.655396	660:-7.687738	28735:-8.057750
399	54893	-0.099302916	54893	-0.099302916	1	-19.241631178	-0.099302912	54893:-0.099303	61377:-2.517247	515:-4.798928	46450:-5.712275	84725:-7.011006	57543:-8.343435	49333:-8.747629	13607:-9.102843	38341:-9.232834	725:-9.309546	394:-9.884703	207512:-9.894475	48035:-10.258544	78281:-10.474389	27684:-10.717398	86056:-10.760070	1759:-10.786545	20746:-10.934672	58005:-11.091551	201777:-11.258375
400	70250	-0.001589867	70250	-0.001589867	1	-21.042708966	-0.001589867	70250:-0.001590	9676:-6.505887	43193:-11.397845	789:-11.731119	69990:-11.732274	19492:-11.940904	85:-12.154379	11727:-12.491373	162182:-12.674386	1002:-12.865724	45154:-13.182558	215092:-13.406962	246311:-13.466592	31979:-13.499080	1565:-13.552604	52967:-14.219819	165326:-14.413928	53297:-14.484302	10074:-14.531945	154750:-14.584874
401	14786	-1.449423645	23476	-1.383227204	0	-16.958943222	-1.449423602	23476:-1.383227	11:-1.417907	14786:-1.449424	296:-1.982011	1538:-2.047067	1789:-6.006026	318:-7.489120	26109:-7.557919	78787:-8.922722	3687:-9.266638	7281:-9.373731	378:-9.460515	324:-9.513213	21133:-9.787538	213245:-9.855073	1147:-9.972326	6040:-10.323792	195693:-10.372509	34142:-10.500546	4931:-10.561259
402	7281	-0.213977138	7281	-0.213977138	1	-17.318413536	-0.213977108	7281:-0.213977	230009:-2.163747	6040:-2.645053	3669:-7.087671	195693:-7.523942	223800:-7.733403	199837:-7.789842	204493:-8.544795	198201:-8.601880	10125:-8.752404	12485:-8.886310	204766:-8.937282	878:-9.072866	34142:-9.213258	436:-9.266674	213003:-9.420485	189608:-9.433999	82592:-9.495989	49251:-9.499387	180843:-9.618883
403	14578	-0.000407107	14578	-0.000407107	1	-20.478133328	-0.000407106	14578:-0.000407	30612:-9.594525	37089:-9.696475	6138:-9.936616	28698:-10.236094	1322:-10.498021	25620:-11.211352	52522:-11.545938	23534:-11.751443	78:-11.899305	22628:-12.023311	9624:-12.242257	12595:-12.533917	60906:-12.537469	5543:-12.648776	54944:-12.668612	154750:-12.759221	165655:-12.821171	155194:-12.863357	83136:-12.917244
404	11	-0.335050057	11	-0.335050057	1	-18.938544701	-0.335050051	11:-0.335050	296:-1.425800	318:-3.129997	3687:-8.767105	53544:-9.912044	378:-10.657540	466:-11.042001	1147:-11.214580	175283:-11.343559	4931:-11.358303	213245:-11.443071	82592:-11.519734	18943:-11.613107	585:-11.660850	324:-11.737050	173528:-11.960627	173319:-12.085967	501:-12.270103	93026:-12.343788	34142:-12.417467
405	3687	-1.065716191	3687	-1.065716191	1	-16.728569432	-1.065716137	3687:-1.065716	4931:-1.151505	53544:-2.352368	585:-2.441573	76193:-2.900994	18943:-3.235695	1147:-4.779816	501:-4.791291	296:-5.544268	57627:-5.618467	192672:-5.676311	2972:-5.773291	173528:-5.931404	86685:-5.945124	93026:-6.005165	500:-6.012297	4018:-6.174178	173319:-6.333525	32350:-6.407021	324:-6.569455
406	27886	-0.407499635	27886	-0.407499635	1	-16.814645374	-0.407499586	27886:-0.407500	3061:-1.814577	175973:-2.092129	93790:-4.326379	12263:-5.134074	999:-5.319048	5404:-5.997236	57627:-6.331154	73371:-6.703090	2972:-6.925804	59166:-6.948159	173575:-6.960890	204334:-7.017370	191081:-7.390684	49775:-7.510693	182142:-7.596388	6165:-7.859705	184974:-7.993489	52063:-8.030341	3899:-8.120870
407	197542	-0.467642259	197542	-0.467642259	1	-16.220207643	-0.467642168	197542:-0.467642	172508:-1.616480	190411:-2.286004	182592:-3.895085	750:-4.352604	5969:-4.805928	2972:-4.866286	184974:-5.842777	73371:-5.968694	1740:-5.979780	41006:-6.911281	201430:-7.117184	161713:-7.324149	808:-7.385048	2392:-7.501179	947:-7.591295	72482:-7.759835	318:-7.794734	18943:-7.821934	216917:-7.955904
408	3687	-1.036848045	3687	-1.036848045	1	-17.472208953	-1.036848019	3687:-1.036848	585:-1.051096	4931:-2.259760	76193:-2.885422	18943:-2.914648	501:-3.627195	2972:-4.403618	4018:-4.526587	348:-5.519365	1298:-5.582859	1147:-5.911844	15271:-6.506523	86685:-6.625504	916:-6.634824	32350:-6.946470	27026:-6.977915	173528:-7.115395	93026:-7.181985	18740:-7.187301	49460:-7.439899
409	175973	-0.004516664	175973	-0.004516664	1	-18.877014699	-0.004516657	175973:-0.004517	2972:-6.342069	35710:-6.787540	173575:-8.779671	34751:-8.843505	348:-9.060088	999:-9.067594	1558:-9.612913	328:-9.733100	1001:-9.868609	221134:-10.074940	182796:-10.180113	218415:-10.734922	79653:-10.917671	19439:-10.938771	57844:-10.993697	184026:-11.175724	246331:-11.196632	32234:-11.219509	241690:-11.235190
410	34732	-0.816551332	34732	-0.816551332	1	-17.329204921	-0.816551302	34732:-0.816551	46600:-0.913017	60868:-3.006596	303:-3.260121	318:-3.433941	296:-4.646931	2972:-4.696221	378:-5.567805	63583:-5.572828	23957:-6.063289	53551:-7.123398	23575:-7.164721	55065:-7.389700	69326:-7.778269	2899:-8.118099	14786:-8.465289	54118:-8.530098	73879:-8.612869	82304:-8.734984	184972:-8.759281
411	2972	-0.116886027	2972	-0.116886027	1	-19.293225177	-0.116886023	2972:-0.116886	21360:-2.212295	68906:-7.973521	18588:-9.562712	32784:-10.582849	17292:-11.139727	14710:-11.163868	13540:-11.485855	348:-11.496271	332:-11.929328	42310:-12.315212	29685:-12.334380	423:-12.685415	27526:-12.777595	21966:-12.861281	18759:-12.942932	60291:-12.948491	18943:-13.038271	60029:-13.088148	4779:-13.100130
412	32784	-0.002171715	32784	-0.002171715	1	-22.898942669	-0.002171714	32784:-0.002172	18232:-6.411859	61693:-9.067468	2319:-9.128293	1178:-10.162339	30576:-10.860622	76067:-10.916194	5434:-11.146018	10223:-11.418876	21360:-11.475634	66646:-11.716617	49:-11.880952	7850:-12.284520	9082:-12.447378	3252:-12.448595	53:-12.558778	60029:-12.564361	48213:-12.568937	60291:-12.806758	14138:-12.911273
413	332	-0.685876235	332	-0.685876235	1	-19.783630118	-0.685876233	332:-0.685876	159034:-0.751460	1789:-4.464435	93868:-5.070228	1538:-5.399569	174090:-7.177924	14786:-9.424043	66554:-9.429182	221794:-9.522855	27886:-9.943536	378:-9.962557	318:-10.034608	1785:-10.049623	20258:-10.084671	175030:-10.173638	193260:-10.198146	3357:-10.569534	21360:-10.592571	791:-10.785137	1822:-10.821725
414	791	-1.101028252	791	-1.101028252	1	-16.347846794	-1.101028172	791:-1.101028	378:-1.817533	318:-1.859560	58902:-2.215187	1538:-2.423912	296:-2.755131	500:-3.414343	1789:-4.001179	14786:-4.392916	174090:-4.890062	66340:-5.737001	303:-6.339885	223073:-6.378633	748:-7.501945	175030:-7.624986	66554:-7.672745	23476:-7.890337	46600:-7.966278	175283:-8.365637	23957:-8.473499
415	3041	-0.259960772	3041	-0.259960772	1	-19.207339407	-0.259960767	3041:-0.259961	174007:-2.228657	16792:-3.078141	79967:-4.162142	994:-4.614220	187912:-4.794470	183527:-5.228672	27527:-5.713455	3229:-5.722464	44961:-6.041035	33132:-6.090624	2528:-6.232735	43550:-6.369900	187949:-6.396406	632:-6.513526	153338:-6.624495	240871:-7.277102	160738:-7.302474	232678:-7.306000	16684:-7.374579
416	379	-0.000086574	379	-0.000086574	1	-23.702266006	-0.000086574	379:-0.000087	4120:-9.874118	785:-10.887837	273:-12.477953	5674:-13.168652	25633:-13.404380	234566:-13.854317	21502:-14.266358	43779:-14.331619	4122:-14.511747	58876:-14.536950	719:-14.608502	6161:-14.705809	19559:-14.774403	5386:-14.855907	174068:-14.993080	3546:-15.185824	265:-15.559512	7898:-15.581861	1537:-15.631126
417	234566	-0.137625392	234566	-0.137625392	1	-19.286250766	-0.137625387	234566:-0.137625	174068:-2.239363	183821:-5.500548	153338:-5.893410	2528:-6.078121	202706:-6.233520	182592:-6.384188	86612:-6.618111	190102:-6.999221	196145:-7.184315	66211:-7.367258	81195:-7.865862	15156:-8.056858	178430:-8.222993	160738:-8.254274	82039:-8.518336	223428:-8.558811	211295:-8.845863	189305:-8.870303	238523:-8.919096
418	13	-0.603998221	13	-0.603998221	1	-18.663636721	-0.603998213	13:-0.603998	444:-1.435925	183821:-2.160023	21997:-2.817190	15910:-4.432131	22056:-4.738863	223428:-5.569968	23957:-6.193730	11951:-6.242407	303:-6.340999	660:-6.740738	264:-6.972859	211295:-6.980280	10725:-7.174413	11:-7.198392	95271:-7.293457	46600:-7.428198	189305:-8.225729	204903:-8.376423	378:-8.531600
419	2228	-0.366096938	2228	-0.366096938	1	-14.114960159	-0.366096197	2228:-0.366097	198:-1.323853	1297:-3.914639	271:-4.560860	171777:-6.197707	11248:-6.967912	41552:-7.342249	173401:-7.562012	12674:-7.768875	185605:-7.797945	190736:-7.933260	208771:-7.936655	733:-8.057604	11004:-8.124403	171397:-8.250222	7305:-8.628010	185144:-8.632048	176307:-8.806012	4770:-8.985274	174317:-9.053065
420	256	-0.000003582	256	-0.000003582	1	-18.253347164	-0.000003570	256:-0.000004	5690:-13.477539	17:-14.245169	9008:-14.868976	257:-15.417387	262:-15.498862	220:-16.040314	348:-16.252023	9:-16.825265	169286:-17.362228	12:-17.599581	2228:-17.626987	49300:-17.944189	20:-18.020818	18050:-18.223244	248046:-18.253347	12929:-18.286132	29:-18.377131	18:-18.392215	212779:-18.667475
421	348	-0.020924323	348	-0.020924323	1	-17.023209804	-0.020924283	348:-0.020924	471:-4.422728	11069:-5.938969	2972:-5.972636	189551:-6.685166	79851:-7.313657	59720:-7.664527	10838:-7.936963	835:-8.473806	91786:-9.095322	212779:-9.353734	12492:-9.393691	49684:-9.903977	22234:-10.725024	171499:-10.848057	184433:-10.924847	180559:-11.088397	696:-11.146636	24708:-11.185192	2765:-11.424364
422	36	-0.001635805	36	-0.001635805	1	-18.954005495	-0.001635799	36:-0.001636	212779:-6.992708	12929:-8.536628	16849:-8.685571	1073:-9.769135	80063:-9.819179	172452:-10.710820	1460:-10.890041	7865:-11.160946	49023:-11.387338	168975:-11.577317	3758:-11.688146	238260:-11.854825	46:-11.875358	9008:-12.118763	37:-12.192216	814:-12.479612	45031:-12.713037	3417:-12.894652	2536:-12.970287
423	323	-0.000144582	323	-0.000144582	1	-23.067894082	-0.000144582	323:-0.000145	80852:-10.145804	6780:-10.369084	159615:-10.960239	55727:-11.231945	172452:-12.071534	1261:-12.270357	620:-12.321542	73:-12.464379	773:-12.533876	684:-13.211189	4863:-13.480632	180899:-13.599950	14186:-13.773104	77340:-14.129509	43184:-14.325922	8808:-14.795210	44567:-14.800787	901:-15.055803	70:-15.068201
424	1261	-0.000010663	1261	-0.000010663	1	-29.813594752	-0.000010663	1261:-0.000011	38172:-11.812564	158579:-13.461976	159615:-14.143731	164777:-15.485347	10177:-15.809066	75017:-16.008239	90251:-16.025212	79850:-16.542091	55727:-16.903024	6154:-16.929150	29225:-17.253604	5602:-17.348336	38575:-17.378514	77340:-17.540382	38173:-17.551054	21429:-17.839379	3693:-17.882402	44128:-18.017286	69698:-18.161115
425	789	-0.000022767	789	-0.000022767	1	-29.921751467	-0.000022767	789:-0.000023	78:-10.978050	10074:-13.915666	6156:-14.055035	3682:-14.331802	379:-14.782171	24349:-14.895037	627:-15.153528	3822:-15.200854	15560:-15.222714	77340:-15.458039	667:-15.577941	40347:-16.139858	11038:-16.321354	6138:-16.445162	21817:-16.647304	18175:-16.708422	22796:-16.837938	56476:-16.973982	5082:-16.976159
426	77340	-0.267385165	77340	-0.267385165	1	-20.588843982	-0.267385164	77340:-0.267385	180899:-1.978120	51595:-2.468418	25:-5.172532	13769:-6.630158	239188:-7.012624	214363:-7.991853	216564:-8.207026	9:-8.724762	162750:-8.873158	157526:-8.881570	3413:-8.984995	181370:-9.437933	92217:-9.509226	191691:-9.616073	80711:-9.699176	35326:-9.956308	2445:-9.986594	500:-10.150611	1590:-10.199526
427	1297	-0.793258913	1297	-0.793258913	1	-16.266319521	-0.793258826	1297:-0.793259	15108:-1.111582	5065:-2.393301	14889:-3.463458	7305:-4.093386	171397:-4.297968	88506:-4.594380	60569:-5.089913	1188:-5.264358	2445:-5.545477	769:-5.997946	177198:-6.257462	3156:-6.382319	4914:-6.474306	436:-6.606564	21631:-6.647798	192658:-6.769428	16434:-7.098115	241612:-7.170212	196510:-7.174700
428	586	-0.576569549	586	-0.576569549	1	-16.734344951	-0.576569495	586:-0.576570	3687:-1.068347	44514:-3.262519	1740:-4.410000	1391:-4.671213	509:-4.916547	200684:-4.983940	324:-6.534358	2397:-6.754117	182796:-6.778953	632:-6.967602	174521:-7.316743	31112:-7.388663	8717:-7.389638	158096:-7.430493	153509:-7.785679	8807:-7.879703	225022:-8.038520	185046:-8.223203	1147:-8.247951
429	72	-0.000262154	72	-0.000262154	1	-20.425785912	-0.000262153	72:-0.000262	5475:-9.462638	632:-10.463131	344:-10.573269	33081:-11.225451	5997:-11.710920	436:-12.224234	354:-12.924311	14183:-12.943300	299:-13.124550	4726:-13.270837	10291:-13.274451	64:-13.282500	1739:-13.353031	65263:-13.591013	2075:-13.639848	9676:-13.727105	14913:-13.774635	78732:-13.974677	585:-13.974692
430	632	-0.063465085	632	-0.063465085	1	-16.862168279	-0.063465038	632:-0.063465	436:-2.914703	1510:-6.655101	4931:-7.130651	12485:-7.205561	90448:-7.351595	3687:-7.770885	8509:-8.180414	175973:-8.243775	2972:-8.482900	82751:-8.883598	348:-8.891714	328:-9.371189	4744:-9.460035	182796:-9.466807	30125:-9.577374	32969:-9.767659	324:-9.797674	220:-9.816401	18912:-9.848155
431	175973	-0.020352495	175973	-0.020352495	1	-18.285556924	-0.020352483	175973:-0.020352	436:-4.212966	176816:-5.754516	6040:-7.647546	34751:-8.104612	515:-9.024767	221134:-9.826741	1558:-9.892501	2136:-9.987183	103725:-10.001300	220:-10.289325	57844:-10.306288	182796:-10.318268	90448:-10.348704	18006:-10.373950	241690:-10.416806	27886:-10.463605	12485:-10.544986	6:-10.916657	23828:-10.992129
432	2899	-0.484441750	2899	-0.484441750	1	-14.876431458	-0.484441404	2899:-0.484442	18006:-1.521696	1789:-2.414545	2445:-3.806576	384:-4.546476	436:-4.888899	176816:-5.100176	2136:-5.258265	9966:-5.790076	220:-5.910756	1724:-6.167646	23828:-6.358818	303:-6.648474	264:-6.877386	219073:-7.014032	885:-7.467657	183629:-7.754950	233716:-7.764968	25331:-7.802335	2920:-7.833886
433	220	-0.000700487	220	-0.000700487	1	-15.438814176	-0.000700290	220:-0.000700	436:-9.586669	1510:-9.667201	2972:-10.440018	175973:-11.021257	22:-11.359028	393:-11.381898	3835:-11.416075	18006:-11.613339	632:-11.682242	172841:-12.199660	4931:-12.771039	2136:-12.795006	3950:-12.834164	878:-12.835947	17237:-12.884042	23828:-12.914448	384:-13.000208	1001:-13.088106	2255:-13.119208
434	22	-0.315825379	22	-0.315825379	1	-18.064114964	-0.315825365	22:-0.315825	16:-1.799724	23:-2.753714	19:-3.592559	17:-5.236445	18:-5.682658	20:-5.736476	21:-6.129382	24:-9.239235	15:-10.879006	25229:-15.146238	220:-15.794763	40492:-16.820184	149:-17.019605	68086:-17.092420	151:-17.240351	197:-17.708728	65121:-17.826173	3966:-17.866522	373:-18.009409
435	18295	-0.551298070	18295	-0.551298070	1	-15.274350334	-0.551297838	18295:-0.551298	188215:-1.568075	5213:-1.772058	33:-4.358524	179788:-5.005089	156724:-5.259010	15:-5.469625	6873:-6.068248	226989:-6.533529	14944:-7.431826	4006:-7.663738	417:-7.711209	12954:-7.850559	7238:-8.074576	195758:-8.151634	185818:-8.186520	21883:-8.225745	49580:-8.254199	12:-8.321842	173259:-8.349520
436	11	-0.011379016	11	-0.011379016	1	-16.656908763	-0.011378957	11:-0.011379	1789:-6.577526	172144:-6.600854	885:-6.630255	2445:-6.935787	384:-7.001066	24953:-7.273440	318:-7.387214	378:-7.565829	303:-7.727342	55065:-7.801513	660:-8.349130	73371:-8.414405	2899:-8.810913	32350:-9.067743	750:-9.729286	183629:-9.789480	444:-9.823160	23957:-9.976481	21599:-10.016523
437	81759	-0.675067182	81759	-0.675067182	1	-17.821250792	-0.675067164	81759:-0.675067	32350:-1.429307	324:-2.874355	660:-3.168570	3687:-3.421836	4931:-4.181970	187499:-4.630453	24232:-4.710753	53544:-4.858515	220:-4.927626	173319:-5.076838	41852:-5.086108	189093:-5.516279	585:-5.615893	1147:-5.740477	179198:-5.749505	49862:-5.770215	49460:-5.785781	750:-6.079136	18943:-6.110765
438	220	-0.790282992	69003	-0.774570254	0	-18.420281915	-0.790282982	69003:-0.774570	220:-0.790283	173319:-2.689132	4763:-5.925458	189093:-6.053979	18295:-6.424562	5639:-6.647718	999:-6.956634	176688:-7.057318	2612:-7.171937	20187:-7.332180	184816:-7.693126	172758:-7.952019	53544:-8.239116	44750:-8.978668	78225:-9.043104	21883:-9.170471	9854:-9.316417	39394:-9.430033	17222:-9.483425
439	22	-0.000027438	22	-0.000027438	1	-19.351667186	-0.000027434	22:-0.000027	16:-11.639113	24:-12.499635	21:-12.685042	17:-12.755564	19:-12.879411	15:-13.409486	20:-13.578538	23:-13.672384	18:-14.131671	18295:-14.271378	220:-16.156079	2972:-18.172622	50382:-18.311338	197:-18.318912	5213:-18.518077	6848:-18.672609	43469:-18.902518	373:-19.004382	62925:-19.163640
440	18295	-0.002470791	18295	-0.002470791	1	-20.533773600	-0.002470789	18295:-0.002471	5213:-6.766147	12954:-8.611041	95224:-9.215766	21883:-9.462516	173319:-9.619724	49580:-9.909459	5639:-10.023308	45446:-10.034244	14944:-10.041699	61295:-10.202576	20662:-10.333476	218192:-10.394538	80389:-10.689761	10:-10.849334	29096:-10.965096	42667:-10.995827	4763:-11.009459	469:-11.018807	41591:-11.224362
441	173319	-0.040300493	173319	-0.040300493	1	-20.234802429	-0.040300491	173319:-0.040300	176688:-4.593138	9854:-5.284752	1440:-5.522726	20187:-5.685232	189093:-5.728380	184816:-5.931959	5969:-6.693078	1789:-6.929116	4259:-7.114680	172758:-7.278281	235689:-7.545295	2397:-7.555269	188166:-7.581905	179455:-7.862430	154830:-8.189146	53544:-8.263428	78225:-8.448015	221317:-8.583607	12280:-8.649781
442	221317	-0.368257894	221317	-0.368257894	1	-20.712415590	-0.368257893	221317:-0.368258	188166:-2.083678	73371:-2.941666	5969:-3.020934	161713:-3.353604	201484:-3.494492	2548:-5.973634	190411:-6.250647	201430:-6.617025	218340:-6.959604	1042:-7.159192	18392:-7.269127	1740:-7.330271	328:-7.565512	32063:-8.095236	74601:-8.234917	21103:-8.236720	829:-8.281842	230543:-8.805453	201550:-8.826393
443	9031	-0.000048683	9031	-0.000048683	1	-25.067348526	-0.000048683	9031:-0.000049	450:-10.468115	4189:-11.826303	29939:-13.258377	160399:-13.544600	65263:-13.633371	3485:-13.707358	60868:-14.378414	155469:-14.386566	5379:-14.421683	2692:-14.894864	5997:-15.085000	66143:-15.409003	30827:-15.451341	2679:-15.494880	4726:-15.631564	30577:-15.652391	14913:-15.661750	46600:-15.953506	532:-15.955561
444	60868	-0.111191392	60868	-0.111191392	1	-19.625113845	-0.111191389	60868:-0.111191	46600:-2.364297	23957:-5.852524	34732:-6.726281	2899:-6.981650	303:-7.042820	18392:-7.296352	63583:-7.383949	184972:-7.459267	210364:-7.942820	60290:-8.206240	82304:-8.316388	174144:-8.355773	172144:-8.478812	23476:-8.676288	35160:-9.534905	494:-9.576331	55065:-9.655196	23575:-10.050812	293:-10.083102
445	515	-0.014022589	515	-0.014022589	1	-21.156224966	-0.014022588	515:-0.014023	38290:-4.412805	12887:-7.090149	725:-7.177946	1178:-9.291931	207512:-10.867778	35160:-11.150579	13607:-11.179909	6:-11.648170	201777:-11.869007	19009:-12.034631	4110:-12.569256	828:-12.924249	22878:-12.989236	57543:-13.109259	38341:-13.229450	54893:-13.397581	1357:-13.500167	207149:-13.560052	9867:-13.593890
446	1178	-0.000099761	1178	-0.000099761	1	-21.012235267	-0.000099761	1178:-0.000100	1077:-11.292142	154566:-11.471103	18140:-11.564125	35160:-11.706038	5318:-11.771756	39:-12.681088	753:-12.773491	90323:-13.053429	4104:-13.066212	18567:-13.082724	50:-13.159203	4645:-13.234812	72543:-13.350735	425:-13.471692	21894:-14.227744	26044:-14.258808	515:-14.433303	5751:-14.434207	3715:-14.492253
447	35	-0.000098939	35	-0.000098939	1	-21.974915261	-0.000098939	35:-0.000099	67:-9.423294	21997:-12.662653	45:-13.111944	3967:-14.309614	34:-14.379898	33:-14.398427	7444:-14.418041	50:-14.478376	5683:-14.528847	44:-14.552601	37:-14.623801	46:-14.668582	49:-14.699441	36:-14.804938	43:-14.816217	39:-14.856187	64688:-14.900212	59884:-15.076998	30237:-15.358591
448	21997	-0.037272519	21997	-0.037272519	1	-19.064415759	-0.037272513	21997:-0.037273	34732:-3.404052	318:-6.313821	303:-7.058836	11951:-9.478915	55065:-9.502487	88698:-9.923860	660:-10.002179	444:-10.397372	69326:-10.549138	63583:-10.744971	3656:-10.754087	264:-10.843896	4176:-10.876961	73523:-10.950069	23575:-10.960644	46600:-11.034366	15910:-11.363202	378:-11.509680	54118:-11.846786
449	21360	-0.000166939	21360	-0.000166939	1	-21.392118977	-0.000166939	21360:-0.000167	32784:-10.475434	14710:-10.901458	2972:-11.017256	68906:-11.032017	18588:-11.683888	42310:-11.859916	34142:-12.322480	17292:-12.922269	60291:-13.038216	13540:-13.368547	60029:-13.528613	27526:-13.713975	423:-13.863620	29685:-14.055670	192490:-14.140700	31397:-14.247623	27886:-14.249307	183252:-14.319206	216166:-14.399440
450	13	-0.245521114	13	-0.245521114	1	-15.856695698	-0.245520985	13:-0.245521	660:-1.970878	1147:-3.876295	4931:-4.448889	318:-5.106793	28735:-5.203607	444:-5.682158	791:-5.779684	1538:-6.115404	13138:-6.316397	28275:-6.530692	213245:-6.563452	21997:-6.820291	1789:-6.846872	52550:-6.964534	378:-7.215104	174090:-7.230155	11:-7.283927	66554:-7.380672	14786:-7.398864
451	171777	-1.051602152	171777	-1.051602152	1	-15.358785418	-1.051601939	171777:-1.051602	271:-1.093350	436:-2.322144	41552:-3.078883	174317:-3.323609	1297:-3.416405	11248:-3.577407	173401:-4.246577	193775:-4.508532	190736:-4.542922	171397:-4.962569	13827:-5.574237	4770:-5.788398	7305:-5.854733	2228:-5.905209	1188:-7.069096	183739:-7.269087	1900:-7.305102	6282:-7.306331	12674:-7.328247
452	11094	-0.582794720	11094	-0.582794720	1	-15.108845764	-0.582794445	11094:-0.582795	203018:-2.179879	56904:-2.313262	49167:-3.245195	192372:-3.248330	187665:-3.394850	2397:-3.888767	184974:-4.093566	233817:-4.738585	213825:-4.822967	237069:-5.186333	197542:-5.949169	77137:-5.955730	73371:-6.299507	77983:-6.312172	174140:-6.339335	172918:-6.792962	1740:-6.826330	59166:-6.993281	160738:-7.073795
453	632	-0.629275614	632	-0.629275614	1	-18.903593713	-0.629275608	632:-0.629276	324:-1.962508	3687:-1.963260	201924:-2.378734	23148:-2.783916	750:-5.003130	2695:-5.553550	22056:-6.229215	173575:-6.271894	4931:-6.440564	77191:-6.805085	61721:-6.858865	173135:-6.965452	45963:-7.110717	23426:-7.262425	189305:-7.270006	196323:-7.593416	46213:-7.853729	201798:-7.869003	2972:-7.892933
454	515	-0.085022555	515	-0.085022555	1	-16.784432994	-0.085022504	515:-0.085023	56904:-3.302233	6:-4.249402	187665:-5.320334	75186:-5.541987	42965:-5.587288	213825:-5.679975	174140:-6.546195	40140:-6.970301	29137:-6.979336	184974:-7.026610	236264:-7.665559	63178:-7.817972	207512:-7.937347	1001:-8.022280	160738:-8.080398	174710:-8.138058	174297:-8.352429	27684:-8.459687	186035:-8.557340
455	205574	-0.005286484	205574	-0.005286484	1	-21.531857639	-0.005286484	205574:-0.005286	14578:-6.013007	177023:-6.781791	8303:-8.099765	236264:-8.917448	185231:-9.300514	3189:-9.653725	216496:-9.956477	8987:-10.125901	189235:-10.203880	182309:-10.228437	194581:-10.459747	97324:-10.737335	81058:-10.743165	1531:-10.760033	13581:-10.760736	204285:-10.799049	429:-10.808113	226742:-10.818556	183232:-10.856781
456	221518	-0.508803336	221518	-0.508803336	1	-16.900252072	-0.508803290	221518:-0.508803	4931:-1.666520	2695:-2.964370	190729:-3.541079	2920:-4.149110	1789:-4.371136	328:-4.592954	1001:-4.824141	191187:-4.827418	2972:-5.007306	233716:-5.058165	213245:-5.242388	181668:-5.318806	799:-5.393670	264:-5.636014	224692:-6.078637	184406:-6.153210	46213:-6.355576	23148:-6.628579	201924:-6.639514
457	171744	-1.097079246	171744	-1.097079246	1	-16.304254024	-1.097079163	171744:-1.097079	318:-1.362971	7256:-1.402940	4931:-3.391026	11:-3.568329	500:-3.611454	378:-3.831225	1147:-4.064020	58902:-4.384603	2920:-5.631869	184406:-5.751858	7411:-6.687080	8410:-6.820795	13:-6.964015	13138:-7.131173	29752:-7.628389	191187:-7.647791	1298:-7.704877	21997:-7.890842	184901:-7.976647
458	21997	-0.460609198	21997	-0.460609198	1	-19.350339413	-0.460609194	21997:-0.460609	11951:-1.759758	660:-2.480915	95271:-2.839840	444:-3.694984	15910:-3.964950	264:-4.821201	961:-6.302614	60534:-8.341801	90339:-8.578163	1147:-9.881087	324:-10.071364	501:-10.129970	57193:-10.235749	27026:-10.728288	3656:-10.892235	63934:-10.993433	1564:-11.044266	2316:-11.247714	34759:-11.381781
459	21360	-1.130642993	21360	-1.130642993	1	-17.185223920	-1.130642958	21360:-1.130643	13540:-1.245137	18588:-1.533998	21966:-3.276527	198201:-3.736184	6297:-4.209412	183252:-4.260754	3590:-4.409803	24150:-4.512120	224544:-4.705098	185817:-4.709703	68906:-4.760134	67351:-5.657222	230106:-5.809356	221472:-6.516637	228335:-6.739061	175906:-7.237830	194083:-7.275194	12204:-7.450834	6165:-7.552357
460	11	-0.424842817	11	-0.424842817	1	-17.089316828	-0.424842779	11:-0.424843	173394:-1.217552	7256:-4.150684	296:-4.844432	13:-5.016294	14:-5.383295	378:-6.396251	190273:-6.636070	49300:-6.682867	21997:-6.749953	11069:-7.253593	26355:-7.398245	4924:-7.430739	2899:-7.667374	15328:-8.199087	11339:-8.230144	58663:-8.264117	10968:-8.517467	183198:-8.532909	100601:-8.671061
461	7256	-0.007299750	7256	-0.007299750	1	-19.846193879	-0.007299748	7256:-0.007300	73988:-5.598805	378:-7.224298	4931:-7.653710	184901:-7.728809	58902:-7.777112	203018:-7.995194	199487:-9.485184	1523:-9.513136	2920:-10.024802	1667:-10.174927	53544:-10.358658	8311:-10.625258	11004:-10.656010	2397:-10.743944	171996:-10.761426	190337:-10.775631	4259:-10.862272	18848:-10.867177	61721:-10.956789
462	203018	-0.604287464	203018	-0.604287464	1	-17.648226816	-0.604287443	203018:-0.604287	199487:-1.483838	4931:-3.568314	184901:-3.735905	53544:-3.877205	237069:-4.078379	233817:-4.129743	180122:-4.254837	2397:-4.378396	189305:-4.490286	11094:-5.001489	8311:-5.010788	174294:-5.412979	34949:-5.483405	173575:-5.524183	8418:-6.118673	190729:-6.183058	4259:-6.226443	204903:-6.281609	218322:-6.319103
463	4931	-0.373487391	4931	-0.373487391	1	-19.548255123	-0.373487387	4931:-0.373487	13138:-1.258423	173135:-4.813532	1980:-5.200436	181978:-5.611064	1789:-5.743600	2972:-5.929510	427:-7.006231	191878:-7.482819	46154:-8.003115	182713:-8.537510	175981:-8.837579	660:-8.859348	175971:-9.006953	91080:-9.261066	45963:-9.417902	191061:-9.443271	41552:-9.446801	172504:-9.694384	85854:-9.787616
464	91806	-0.059274267	91806	-0.059274267	1	-20.650875162	-0.059274266	91806:-0.059274	52174:-2.862810	13138:-9.321773	35316:-9.770731	93126:-9.990742	12924:-10.494122	34142:-10.839576	224692:-10.999384	82746:-11.011348	176067:-11.295484	1980:-11.503843	216007:-11.527269	296:-11.610389	232131:-11.790628	181362:-11.801513	15912:-12.047244	1132:-12.290814	45929:-12.724007	4256:-12.967571	181978:-13.082467
465	52174	-0.000873061	52174	-0.000873061	1	-20.256349059	-0.000873059	52174:-0.000873	93126:-8.176891	660:-8.272697	176067:-8.690067	216007:-10.603059	232131:-10.895435	15912:-11.274987	296:-11.447556	34994:-11.962635	91806:-12.276236	52648:-12.477788	19938:-12.583307	195745:-12.625514	18943:-12.707310	67351:-12.710615	791:-12.837729	4256:-13.194210	45929:-13.265320	57834:-13.629842	318:-13.634076
466	660	-0.657038466	660	-0.657038466	1	-17.211992041	-0.657038432	660:-0.657038	318:-1.466491	791:-1.872636	296:-2.832505	13:-3.481423	28735:-5.794209	444:-7.244773	500:-7.558664	28275:-7.825646	21997:-7.985892	264:-8.086876	961:-8.848205	73523:-8.996829	57193:-9.432446	34142:-9.558391	378:-9.599452	11:-9.673958	1759:-9.686581	1810:-9.807624	52550:-9.973005
467	61377	-0.838327819	54893	-0.702902251	0	-19.189854556	-0.838327814	54893:-0.702902	61377:-0.838328	515:-2.825100	84725:-4.803330	57543:-6.617537	725:-7.162935	189408:-8.127289	46450:-8.660988	38341:-8.871621	20746:-9.059021	49333:-9.079092	13607:-9.168967	178944:-9.190323	86056:-9.315232	38290:-9.607430	78281:-9.716544	3309:-9.829822	58005:-9.887470	87211:-9.894991	27684:-10.078008
468	43482	-0.025425357	43482	-0.025425357	1	-19.611776275	-0.025425354	43482:-0.025425	441:-3.740330	42298:-8.103350	32132:-8.876564	172605:-9.155392	8494:-9.266114	41475:-9.454067	59949:-9.698955	37089:-9.849411	6869:-10.658709	70250:-11.035122	83136:-11.112196	4027:-11.161979	4717:-11.202385	154315:-11.327170	789:-11.519795	2750:-11.669150	197436:-11.707088	7965:-11.730338	773:-11.756073
469	13	-0.458047840	13	-0.458047840	1	-17.905044052	-0.458047823	13:-0.458048	14786:-1.465197	296:-2.315657	318:-3.427032	1538:-6.468444	1789:-6.600141	23476:-6.904186	11:-8.056321	378:-9.192154	26109:-9.390022	25253:-9.519808	230009:-9.576894	3669:-10.041352	500:-10.137484	3376:-10.142986	4460:-10.217415	78787:-10.248273	175283:-10.362083	126466:-10.771101	27718:-11.008849
470	271	-0.000066218	271	-0.000066218	1	-15.082179484	-0.000065936	271:-0.000066	198:-10.179590	18050:-12.116348	2228:-12.974706	1297:-13.613485	41552:-13.822955	348:-14.005869	436:-14.165475	4770:-14.264158	11493:-14.597958	9358:-14.653764	1368:-14.661231	4558:-14.804343	2972:-14.965776	248046:-15.082179	7305:-15.200405	1188:-15.232551	13827:-15.422427	1160:-15.433252	3495:-15.468019
471	17	-0.000098084	17	-0.000098084	1	-16.460386132	-0.000098013	17:-0.000098	256:-10.175021	18:-10.512184	794:-11.809589	19:-12.910910	16:-12.918538	13962:-13.287116	21:-13.670182	20:-13.710582	169286:-13.747685	9008:-14.218221	29:-14.449014	550:-14.560252	23:-14.593064	2592:-14.614606	71093:-14.679085	22:-15.247306	15:-15.277871	46916:-15.362135	5690:-15.458567
472	13	-0.000003003	13	-0.000003003	1	-15.362120770	-0.000002790	13:-0.000003	159029:-13.776481	2972:-14.400684	248046:-15.362121	29545:-15.813823	8:-16.469199	2487:-16.559710	486:-16.887371	6889:-17.246661	641:-17.304036	1920:-17.448908	5946:-17.468391	256:-17.862268	553:-17.961938	64:-18.297830	159034:-18.436801	46292:-18.438124	17:-18.497074	179604:-18.512068	18:-18.533908
473	2972	-0.000071847	2972	-0.000071847	1	-14.708938920	-0.000071438	2972:-0.000072	21360:-11.031329	189816:-11.960346	178380:-12.662603	32784:-12.733420	172100:-12.888461	220:-13.063804	171446:-13.148259	29702:-13.281586	176217:-13.335471	173976:-13.541792	179604:-13.566404	172299:-13.627037	256:-14.111954	187113:-14.279270	16654:-14.301640	239466:-14.343103	13540:-14.681012	348:-14.698163	248046:-14.708939
474	32784	-0.014318803	32784	-0.014318803	1	-19.954975703	-0.014318801	32784:-0.014319	7976:-5.164261	61693:-6.232315	30576:-6.514872	8585:-7.052046	18232:-7.490164	5697:-8.952630	49:-8.984961	34:-9.043507	8316:-9.275646	35187:-9.367931	48213:-9.668205	2655:-9.763291	623:-9.804720	18247:-9.963823	1178:-10.033127	1652:-10.056712	7188:-10.088869	52782:-10.141589	38:-10.215939
475	11069	-0.007212573	11069	-0.007212573	1	-15.307169849	-0.007212349	11069:-0.007213	74994:-5.179547	92217:-8.652830	478:-9.023484	378:-9.115702	45881:-9.229670	593:-9.340989	44481:-9.517362	318:-9.612899	18588:-9.902224	25:-9.984407	18887:-9.992783	5972:-10.076568	1411:-10.089887	14:-10.495256	21966:-10.502783	13540:-10.503108	2972:-10.681434	10968:-11.000769	594:-11.151689
476	18588	-0.199498300	18588	-0.199498300	1	-18.954331998	-0.199498294	18588:-0.199498	18887:-2.354909	13540:-2.589936	21966:-5.116910	8340:-6.941276	21360:-7.703264	18232:-8.554259	240385:-9.355424	35160:-9.660253	6297:-9.709614	351:-9.883729	14840:-9.955651	63442:-9.956632	629:-10.062807	73645:-10.067266	41943:-10.279126	225871:-10.302766	20094:-10.333657	37582:-10.361827	27212:-10.381721
477	1354	-0.000026622	1354	-0.000026622	1	-21.735273280	-0.000026621	1354:-0.000027	308:-10.888010	6556:-13.490673	44:-13.996035	15552:-14.689566	55771:-14.836812	939:-14.943122	1058:-15.171996	92217:-15.218626	64318:-15.231615	1825:-15.263641	36840:-15.366158	2642:-15.399595	5901:-15.585055	2629:-15.589839	905:-15.807342	32784:-15.827286	23991:-15.841213	10862:-16.058443	2456:-16.100543
478	92217	-0.098838948	92217	-0.098838948	1	-18.374043606	-0.098838937	92217:-0.098839	318:-2.480126	332:-4.630419	296:-8.396916	593:-10.401539	14:-10.726845	171446:-10.893874	25:-10.979990	15328:-11.074711	378:-11.429617	478:-11.430389	21966:-11.498314	14786:-11.566217	80838:-11.867710	77340:-12.034244	193260:-12.179967	794:-12.214396	10968:-12.272890	500:-12.366293	159034:-12.408825
479	2228	-0.000070617	2228	-0.000070617	1	-14.077404067	-0.000069847	2228:-0.000071	5690:-10.868225	585:-11.697702	353:-12.549882	18050:-12.996770	695:-13.333455	198:-13.428484	1031:-13.520111	2972:-13.711700	220:-13.981709	10109:-14.060292	248046:-14.077404	189551:-14.249007	1639:-14.306793	17511:-14.342852	19735:-14.893181	18943:-15.153536	15231:-15.185979	348:-15.186235	373:-15.268657
480	256	-0.000108119	256	-0.000108119	1	-18.863121387	-0.000108113	256:-0.000108	262:-10.210746	257:-11.103771	7305:-11.780717	4770:-11.841184	220:-11.963646	41552:-12.231886	8482:-13.052818	353:-13.173078	1297:-13.429550	5690:-13.475610	61930:-13.690051	11707:-14.079879	40:-14.193605	406:-14.214908	13412:-14.288370	2228:-14.343955	3495:-14.385091	950:-14.624654	1900:-14.755852
481	4770	-0.826723532	4770	-0.826723532	1	-19.415527479	-0.826723529	4770:-0.826724	7305:-1.599678	41552:-2.042572	3495:-2.235228	353:-3.406260	1297:-3.819878	13412:-4.041878	1900:-4.071250	436:-5.270668	182652:-5.698252	173401:-5.778584	11248:-6.157381	27198:-6.308299	176145:-6.333883	160166:-6.615973	88506:-6.720674	25676:-7.012191	12674:-7.220316	33960:-7.387138	13827:-7.508257
482	21966	-1.206000696	21966	-1.206000696	1	-16.672536264	-1.206000639	21966:-1.206001	18943:-1.512025	21360:-1.680093	2972:-1.900920	154078:-2.333024	13540:-3.426893	15271:-6.926057	4018:-7.011346	68906:-7.223326	92378:-7.644693	18588:-7.790931	88102:-7.850208	198339:-8.268942	23828:-8.379074	176832:-8.408992	178298:-8.487111	180843:-8.541162	919:-8.799540	17292:-8.900422	230960:-8.936252
483	6185	-0.690326036	6185	-0.690326036	1	-15.680572332	-0.690325881	6185:-0.690326	318:-1.025983	2397:-2.590970	34949:-3.723306	11:-4.946975	212833:-5.347888	191532:-5.369683	190411:-6.093601	192372:-6.124435	28545:-6.444572	209947:-6.467943	11094:-6.991288	3749:-7.017024	49167:-7.269894	73879:-7.319639	195273:-7.321184	197542:-7.493642	32598:-7.501611	829:-7.558826	90721:-7.582194
484	174830	-0.001276449	174830	-0.001276449	1	-19.755996660	-0.001276447	174830:-0.001276	4931:-8.619206	160738:-8.638919	173135:-8.917458	180742:-9.025695	60460:-9.436361	3687:-9.693166	68906:-9.697203	632:-9.914901	1147:-10.568888	195881:-11.198459	240458:-11.299748	585:-11.412421	201451:-11.427426	13138:-11.471724	174972:-11.611488	501:-11.648359	66211:-11.670687	187870:-11.877397	190999:-11.896203
485	1538	-0.748536473	1538	-0.748536473	1	-18.716946012	-0.748536466	1538:-0.748536	1789:-1.065114	21133:-1.850545	26109:-4.216237	14786:-5.634134	2920:-5.921885	45013:-6.769636	23476:-7.180542	160738:-7.532384	3687:-8.133245	78787:-8.902552	585:-8.954199	2528:-9.617828	66211:-9.628435	401:-9.940200	187912:-10.694672	4931:-10.700288	23957:-10.791810	293:-10.927930	5377:-10.948354
486	175973	-0.001049713	175973	-0.001049713	1	-20.624902204	-0.001049712	175973:-0.001050	35710:-8.748839	1558:-8.891854	34751:-9.320349	182796:-9.517554	2972:-9.550299	103725:-9.858062	184974:-10.408684	79653:-10.468812	221134:-10.543746	328:-10.966010	1001:-11.307299	241690:-11.326298	72576:-11.585229	182142:-11.751573	17511:-11.784539	57844:-11.826630	63178:-11.882153	49775:-11.940708	196092:-11.993848
487	34732	-0.435452688	34732	-0.435452688	1	-17.463869798	-0.435452662	34732:-0.435453	791:-1.478412	303:-2.475492	23575:-4.400516	54118:-4.920329	73371:-5.745182	175991:-5.881356	69326:-6.023674	219391:-6.721486	318:-6.809297	378:-7.224018	184974:-7.349822	55065:-7.581908	177154:-7.691932	2972:-7.779888	264:-8.215831	66211:-8.224880	81703:-8.366860	15563:-8.489808	86612:-8.662098
488	18759	-0.048080608	18759	-0.048080608	1	-22.022157594	-0.048080608	18759:-0.048081	2972:-3.172907	172856:-5.374008	68906:-9.275668	49775:-9.433310	32654:-9.880852	92702:-10.290964	1141:-10.571077	63685:-11.020198	182594:-11.157108	93972:-11.164727	885:-11.289563	203548:-11.822707	18588:-12.329113	61727:-12.529058	176842:-12.537254	50347:-12.608662	173394:-12.616508	19399:-13.254257	20419:-13.328823
489	68906	-0.095699977	68906	-0.095699977	1	-19.676210355	-0.095699974	68906:-0.095700	2972:-2.420483	172856:-7.703991	4779:-8.190240	15563:-8.807307	183252:-8.815863	195514:-9.246619	207664:-9.284096	18588:-9.286122	184500:-9.326811	214507:-9.748668	173394:-10.002536	189305:-10.006345	108777:-10.037549	1770:-10.324301	176444:-10.541781	225871:-10.557119	192490:-10.573606	29716:-10.658208	184743:-10.829564
490	184500	-0.063832313	184500	-0.063832313	1	-18.207492620	-0.063832300	184500:-0.063832	189305:-4.146039	73879:-4.846544	241912:-5.394644	207664:-5.428177	961:-5.669815	176444:-5.708559	183198:-5.878269	204903:-5.882348	2972:-5.896877	54770:-6.558911	11886:-6.889415	71103:-7.171172	210447:-7.292296	209462:-7.304715	182008:-7.481011	18006:-7.616492	11:-7.726247	318:-7.730198	173072:-7.785270
491	73879	-0.079163213	73879	-0.079163213	1	-18.030312677	-0.079163198	73879:-0.079163	11:-2.653540	318:-5.763093	25:-6.770871	13:-7.208127	791:-8.498073	171446:-9.071969	2972:-9.785116	21126:-10.220274	4460:-10.220702	27718:-10.620287	21997:-11.337432	1147:-11.531105	203323:-12.116603	67608:-12.161328	1651:-12.521105	264:-12.628373	19185:-12.690219	21739:-12.706286	378:-12.747612
492	18232	-0.000014043	18232	-0.000014043	1	-24.777050233	-0.000014043	18232:-0.000014	53:-12.000684	32784:-13.805431	18588:-14.287412	19833:-14.774435	12991:-15.227440	18349:-15.259743	35653:-15.291126	12452:-15.296023	34369:-15.307639	14138:-15.360507	12117:-15.541671	10862:-15.655780	10960:-15.666986	4343:-15.750121	17389:-15.997143	1457:-16.067645	65425:-16.104744	53793:-16.232228	29696:-16.255860
493	1354	-0.000067849	1354	-0.000067849	1	-22.130212445	-0.000067849	1354:-0.000068	308:-10.903102	1058:-11.786080	6556:-12.100534	40557:-12.665300	15552:-12.667171	55771:-13.166356	10862:-13.181377	36840:-13.483977	41890:-13.490895	5901:-13.505150	1825:-13.536151	32784:-13.885954	2456:-13.914388	44:-14.009664	1745:-14.101072	64318:-14.260757	4680:-14.336236	8018:-14.345262	23991:-14.388147
494	40557	-0.065833536	40557	-0.065833536	1	-20.361992804	-0.065833535	40557:-0.065834	332:-2.791086	220491:-6.256805	31230:-8.967262	203309:-9.811704	215495:-9.983905	159034:-10.156093	93868:-10.377261	3636:-11.339286	187237:-11.390123	8:-11.622140	185038:-11.891671	26971:-11.896523	31789:-12.037458	422:-12.140726	837:-12.173414	871:-12.845805	31438:-12.930587	221719:-12.979434	187525:-13.021089
495	791	-0.007580745	791	-0.007580745	1	-19.176928985	-0.007580741	791:-0.007581	58902:-4.967742	19802:-9.197205	378:-10.337749	190337:-10.343143	223073:-10.587103	296:-10.660956	208801:-10.720632	3239:-10.805277	2944:-10.946170	1564:-11.005761	2649:-11.372912	174007:-11.421937	24150:-11.609461	2920:-11.754529	500:-11.873412	264:-12.185490	187949:-12.231334	45963:-12.359565	26892:-12.535888
496	24150	-0.428680248	24150	-0.428680248	1	-19.412379213	-0.428680245	24150:-0.428680	19802:-2.034765	208801:-2.148481	1564:-3.655802	13771:-4.324793	174007:-5.005644	186289:-5.038814	2649:-5.403288	187949:-5.560402	183215:-5.768605	43550:-5.809229	158096:-5.836297	2944:-5.928251	33132:-6.085691	1817:-6.155895	241570:-6.657625	160308:-6.842106	233378:-7.158566	39171:-7.190756	1704:-7.200516
497	58876	-0.122984124	58876	-0.122984124	1	-20.922575188	-0.122984123	58876:-0.122984	532:-2.175034	12169:-7.517979	174395:-8.090409	193638:-8.156430	184612:-8.446756	277:-9.567686	180719:-9.696154	212166:-9.735425	232788:-10.075296	65263:-10.200287	57988:-10.322493	178104:-10.536524	46649:-10.996577	379:-11.016777	202963:-11.071647	30612:-11.163743	2692:-11.256184	4329:-11.520327	4189:-11.562626
498	13	-0.693538228	13	-0.693538228	1	-18.986622849	-0.693538222	13:-0.693538	183821:-0.971057	223428:-2.369606	303:-4.610739	961:-5.667268	10727:-5.848573	384:-5.961950	22056:-6.747444	189305:-6.881037	28750:-7.025422	231627:-8.277002	10725:-8.333807	45963:-8.510460	8781:-8.783585	264:-8.811104	11:-8.845955	40543:-8.870137	225233:-8.939132	5964:-8.951252	4778:-9.038260
499	4770	-1.553166067	7305	-1.515118276	0	-18.543741023	-1.553166058	7305:-1.515118	4770:-1.553166	186685:-1.666148	1297:-1.667252	353:-2.171662	2228:-4.247111	41552:-4.452986	160166:-4.508885	27198:-5.245076	1900:-5.557704	188101:-5.882344	25676:-6.232236	436:-6.611213	227501:-6.695906	172080:-6.726921	13827:-6.887377	7521:-7.191792	13412:-7.237384	208771:-7.405237	3297:-7.468213
500	21360	-0.118768808	21360	-0.118768808	1	-16.766829130	-0.118768756	21360:-0.118769	18943:-3.068283	13540:-3.849502	190411:-4.923535	154078:-4.945406	18588:-5.567779	4018:-5.718561	2972:-5.784206	21966:-6.191532	27886:-6.968887	68906:-7.497458	185232:-7.526133	197542:-7.761159	17292:-8.005644	178298:-8.028059	180843:-8.088966	182743:-8.131727	14710:-8.495603	15271:-8.545027	23828:-8.602993
501	161713	-0.436761719	161713	-0.436761719	1	-17.052752358	-0.436761680	161713:-0.436762	190411:-2.236929	1475:-2.325218	27886:-3.778321	5969:-4.093389	32063:-4.502711	947:-4.964049	205507:-5.009182	175026:-5.109897	8059:-5.195305	318:-5.264649	328:-5.383018	8418:-5.537586	1785:-5.545074	2384:-5.800196	2148:-6.181499	197542:-6.388291	198132:-6.482782	4259:-6.529728	378:-6.805071
502	86195	-0.000713272	86195	-0.000713272	1	-20.858049435	-0.000713271	86195:-0.000713	89101:-8.092953	3317:-9.869858	284:-10.326740	540:-10.338634	68:-10.509684	543:-10.680577	181885:-10.684212	173898:-10.783718	341:-11.089171	1029:-11.394863	10246:-11.555377	14949:-11.797166	72:-12.016498	9185:-12.047506	22796:-12.264388	212087:-12.526676	627:-12.593237	8968:-12.763692	16284:-12.827102
503	585	-0.411356403	585	-0.411356403	1	-18.875087454	-0.411356397	585:-0.411356	3687:-1.209483	76193:-4.868895	4018:-5.096438	501:-5.116775	18943:-5.544152	86685:-5.892592	4931:-6.112862	39394:-6.663629	17511:-7.254917	69003:-7.378585	1147:-7.430785	27026:-7.447113	192672:-7.731657	15271:-7.791497	201430:-7.898108	73988:-7.898411	57627:-8.218621	592:-8.574805	242242:-8.857717
504	17511	-0.332088439	17511	-0.332088439	1	-18.010782926	-0.332088424	17511:-0.332088	69003:-1.486151	226168:-3.367681	328:-4.960114	39394:-6.239189	35710:-6.736550	81244:-6.845436	192672:-6.977638	592:-7.040167	6000:-7.239924	15167:-7.245710	113726:-7.407062	11540:-7.911253	183368:-7.912092	46189:-8.300900	189751:-8.329483	76193:-8.498810	13914:-8.596149	182796:-8.678118	191209:-8.795677
505	72	-0.000248675	72	-0.000248675	1	-21.552507882	-0.000248675	72:-0.000249	6383:-9.388899	10291:-11.001728	14913:-11.352243	1538:-11.426196	64:-11.614376	9031:-11.693496	48934:-11.741879	7505:-12.100150	11950:-12.109666	13208:-12.167804	61334:-12.217765	27031:-12.358757	9302:-12.490628	20149:-12.558338	30577:-12.565609	14183:-12.696782	24050:-13.144270	11927:-13.170552	205979:-13.784953
506	1538	-0.017603353	1538	-0.017603353	1	-19.160154775	-0.017603348	1538:-0.017603	318:-4.529494	378:-5.488196	28758:-6.544680	46674:-8.476013	21133:-9.488881	175973:-9.731022	7609:-10.010291	20515:-10.019784	4460:-10.188949	75616:-10.368848	14786:-10.371143	5344:-10.408774	123777:-10.443164	1789:-10.565176	26109:-11.091901	196092:-11.127696	46189:-11.497218	1558:-11.718646	58439:-11.864330
507	175973	-0.000966343	175973	-0.000966343	1	-20.085508617	-0.000966341	175973:-0.000966	1558:-8.628421	182796:-9.295036	34751:-9.298106	103725:-10.055578	221134:-10.214347	196092:-10.287244	34732:-10.296412	57844:-10.626277	79653:-10.868120	20515:-10.913746	51122:-11.274489	241690:-11.562766	186179:-11.570920	46369:-11.603317	172009:-11.821849	70257:-11.860818	27327:-11.935588	21997:-12.013552	28758:-12.021761
508	34732	-0.345422519	34732	-0.345422519	1	-17.591800940	-0.345422496	34732:-0.345423	21997:-2.028486	318:-2.039377	378:-4.251577	46600:-5.174897	303:-5.788792	23575:-6.375614	69326:-7.120370	54118:-7.232439	88698:-7.699908	23957:-8.090239	63583:-8.108593	55065:-8.453060	444:-8.673676	60868:-8.984016	4460:-9.251375	15910:-9.350139	4176:-9.380304	73879:-9.384461	241258:-9.427942
509	18588	-0.009864313	18588	-0.009864313	1	-19.654795153	-0.009864310	18588:-0.009864	2972:-4.636022	18232:-10.756473	21966:-11.192926	629:-11.542717	31858:-11.949732	42057:-12.687288	34817:-12.778972	17261:-12.937391	21360:-13.139949	208380:-13.151185	61295:-13.479351	70415:-13.652194	34905:-13.730349	42206:-13.756889	33909:-13.778426	68906:-13.795867	6064:-13.861894	20263:-13.875162	42310:-13.900278
510	1354	-0.000120312	1354	-0.000120312	1	-22.357896477	-0.000120312	1354:-0.000120	308:-9.468981	44:-11.327644	1825:-12.451471	1745:-12.845741	5901:-12.862000	1058:-12.905457	6556:-12.918423	2456:-13.581593	13:-13.702759	15552:-13.742767	2642:-13.933057	1728:-13.934578	1803:-14.027726	55771:-14.058092	53:-14.624322	41890:-14.632554	20011:-14.696196	10862:-14.882528	1846:-14.947657
511	13	-0.016889972	13	-0.016889972	1	-19.707908077	-0.016889970	13:-0.016890	14786:-4.464365	11:-6.450599	174588:-6.625595	303:-7.707160	318:-7.827032	500:-8.096436	4417:-8.428410	1538:-8.595576	171822:-9.229365	1789:-9.964821	384:-10.133369	23476:-10.578512	791:-10.593853	961:-10.834198	264:-10.851723	63362:-10.918408	52550:-11.025687	2228:-11.135431	55065:-11.241168
512	2228	-0.024536742	2228	-0.024536742	1	-17.644105090	-0.024536721	2228:-0.024537	1297:-3.791009	4770:-7.943385	171777:-8.388611	41552:-8.683461	208771:-9.289799	190736:-9.478749	174317:-9.648804	7305:-10.100056	1900:-10.100495	11248:-10.303042	173401:-10.357478	246665:-10.616999	171397:-10.814680	39758:-11.042319	6282:-11.093021	174349:-11.101178	436:-11.135979	183739:-11.183789	11493:-11.395733
513	256	-0.000012090	256	-0.000012090	1	-18.582415273	-0.000012082	256:-0.000012	348:-11.752095	9:-13.241001	5690:-14.557209	257:-14.638625	262:-15.089108	220:-16.509616	1460:-16.574908	2228:-16.959448	12:-17.296593	471:-17.339754	1297:-17.390330	36:-17.688544	18:-17.765771	406:-17.804970	248069:-17.805350	29:-17.921094	197:-18.164507	20:-18.249985	18050:-18.290270
514	348	-0.001635346	348	-0.001635346	1	-17.646873269	-0.001635325	348:-0.001635	471:-7.163865	1297:-7.304159	2972:-9.981790	835:-11.398356	458:-12.162377	2765:-12.296751	11069:-12.315983	212779:-12.360825	16654:-12.572219	171397:-12.594292	4770:-12.749249	177001:-13.543581	41552:-13.560533	500:-13.682646	12492:-13.750333	1368:-13.773798	7305:-13.805775	8963:-13.843906	11493:-13.854155
515	36	-0.012866839	36	-0.012866839	1	-20.470408781	-0.012866837	36:-0.012867	80063:-4.625807	11180:-6.590607	1597:-7.305151	1460:-8.478897	34:-9.056705	2536:-9.361508	1073:-10.219656	16040:-10.469716	8839:-10.742596	1289:-10.779720	12929:-10.908371	3758:-10.910101	50525:-11.127527	49023:-11.149581	7865:-11.194940	47:-11.311091	45:-11.453148	46:-11.507664	212779:-11.605232
516	323	-0.000175909	323	-0.000175909	1	-20.164885000	-0.000175907	323:-0.000176	73:-10.018365	773:-11.258449	4863:-11.313347	14186:-11.318829	55727:-11.805497	620:-12.068955	172452:-12.392247	435:-12.416821	11422:-12.473227	3924:-12.598481	341:-12.742827	684:-12.825161	6780:-13.053730	896:-13.645134	41:-13.891165	500:-13.892453	43184:-13.949545	21901:-14.123538	70:-14.271755
517	1261	-0.000029372	1261	-0.000029372	1	-22.566225099	-0.000029372	1261:-0.000029	6154:-11.740838	1030:-12.660417	38172:-13.173163	1701:-13.332652	3693:-13.576468	2508:-14.015384	153260:-14.361275	3157:-14.425962	5200:-14.569078	75017:-14.781015	980:-14.829804	848:-14.892915	587:-14.955412	2996:-14.974973	5602:-15.009131	38173:-15.140413	1461:-15.311076	10177:-15.329714	2085:-15.336550
518	789	-0.000094454	789	-0.000094454	1	-23.273874204	-0.000094454	789:-0.000094	78:-10.729471	43638:-12.186072	3682:-12.199906	24349:-12.294437	627:-12.402104	10074:-12.409978	6138:-12.993505	7078:-13.170465	6198:-13.171751	667:-13.246268	15560:-13.317227	72:-13.325644	3822:-13.440150	58781:-13.760026	21817:-13.769639	11578:-13.805844	316:-14.006751	4106:-14.007234	89439:-14.108245
519	77340	-0.000208340	77340	-0.000208340	1	-24.335534057	-0.000208339	77340:-0.000208	51595:-10.189379	1297:-10.685917	9:-10.810024	25:-10.994216	92217:-11.052125	11961:-11.564751	1590:-11.918263	19315:-12.225567	25961:-12.951920	228216:-12.981429	60439:-13.128642	85078:-13.174759	500:-13.193171	43143:-13.222477	4770:-13.524584	1188:-13.694443	187525:-13.767894	173401:-13.857069	4406:-13.898295
520	1297	-0.472186867	1297	-0.472186867	1	-18.145616833	-0.472186854	1297:-0.472187	353:-2.108543	7305:-2.448978	4770:-2.796535	1188:-3.063547	41552:-4.556940	1900:-4.691457	173401:-4.769897	178214:-5.747196	183739:-5.809709	1160:-6.124910	176145:-6.183805	174349:-6.608031	16434:-6.608774	3495:-6.664284	7521:-6.977811	33960:-7.187612	436:-7.229296	14889:-7.259304	733:-7.285576
521	1147	-0.370835490	1147	-0.370835490	1	-17.780913300	-0.370835471	1147:-0.370835	3687:-1.727031	44514:-2.109203	324:-6.160869	200684:-7.013375	632:-7.021863	501:-7.133910	585:-7.360974	40742:-7.904517	2397:-8.107837	4931:-8.116992	61727:-8.325226	586:-8.332302	750:-8.685302	9473:-8.714489	185046:-8.728112	6185:-8.874996	182796:-9.136941	8717:-9.171436	352:-9.182224
522	18588	-0.687373977	18588	-0.687373977	1	-17.172894340	-0.687373942	18588:-0.687374	61727:-0.950641	21966:-2.283323	21360:-6.978346	13540:-7.219710	192490:-7.869346	175973:-8.208994	60063:-8.442099	181500:-8.450718	176678:-8.901919	9473:-9.124977	86930:-9.132999	72969:-9.169990	178837:-9.393795	173394:-9.581219	343:-9.606926	68906:-9.638676	178423:-9.694080	629:-9.695490	17261:-9.785265
523	1354	-0.000057636	1354	-0.000057636	1	-26.282487808	-0.000057636	1354:-0.000058	308:-10.053212	5901:-11.971892	6556:-13.404746	1825:-13.658003	55771:-14.299437	2642:-14.536034	1058:-14.704199	44:-14.753054	1646:-15.003724	1745:-15.208826	32:-15.227831	41890:-15.303750	2456:-15.549066	1803:-15.632796	1846:-15.684788	1833:-15.814501	36840:-15.989356	30084:-16.130461	8402:-16.143869
524	11094	-0.143985811	11094	-0.143985811	1	-17.625258270	-0.143985789	11094:-0.143986	14786:-2.669972	6185:-3.595764	2397:-4.038479	174068:-4.458530	1538:-6.381326	173275:-6.671259	49167:-7.109925	37043:-7.692133	2899:-7.996824	61727:-8.556482	77659:-8.645927	1789:-8.924230	23476:-9.182079	2702:-9.369104	20187:-9.457851	175737:-9.741240	55065:-9.742918	245031:-9.802374	378:-10.025192
525	220	-0.680318770	220	-0.680318770	1	-15.403162417	-0.680318565	220:-0.680319	1789:-1.896439	37043:-2.476202	2899:-2.671408	245031:-2.878147	181942:-3.363140	205010:-3.396177	193479:-4.424702	187553:-4.565283	175067:-4.960770	23828:-5.351162	58556:-5.363732	22056:-6.002682	13613:-6.453338	220168:-6.574449	214500:-6.654289	218390:-7.402161	174068:-7.422569	237372:-7.455033	242170:-7.616274
526	23	-0.132509967	23	-0.132509967	1	-17.335738440	-0.132509937	23:-0.132510	16:-2.265740	21:-4.455788	19:-5.336463	17:-5.573519	18:-9.951426	20:-10.219697	24:-10.754248	22:-11.922409	15:-12.408346	220:-14.438072	25229:-15.420959	40492:-15.609123	149:-16.910497	68086:-16.975937	151:-17.191536	197:-17.196375	248046:-17.335738	65121:-17.487413	26064:-17.589712
527	18295	-0.001854668	18295	-0.001854668	1	-18.400476704	-0.001854658	18295:-0.001855	5213:-6.449082	12954:-10.143214	14944:-10.198010	29096:-10.258045	15:-11.002597	469:-11.483859	24223:-11.560963	18588:-11.639626	4006:-11.811092	218192:-11.909865	61295:-11.941642	10:-11.999614	16:-12.211903	49580:-12.309787	14:-12.470795	95224:-12.691475	11:-12.974215	21966:-13.009742	11572:-13.054786
528	378	-0.411887624	378	-0.411887624	1	-20.084130742	-0.411887622	378:-0.411888	11:-1.087795	7256:-8.473420	3687:-10.013280	1789:-10.404456	318:-10.434693	296:-11.223972	13613:-11.375813	1523:-11.402990	49167:-11.474808	175973:-11.825419	885:-11.858530	22056:-11.935597	88846:-11.976789	187553:-12.203813	205010:-12.284057	49460:-12.367603	68:-12.469678	18943:-12.525290	73371:-12.581775
529	3687	-0.002775441	3687	-0.002775441	1	-18.644202005	-0.002775433	3687:-0.002775	1147:-6.950738	585:-8.238014	808:-8.813322	750:-8.838684	324:-9.194796	175973:-9.234511	632:-9.307116	44514:-9.507757	4931:-10.015273	2397:-10.076950	501:-10.113624	8717:-10.514797	6185:-10.761375	49460:-10.830754	182796:-11.046553	9473:-11.092945	41852:-11.110252	197542:-11.215004	20187:-11.248157
530	175973	-0.000763961	175973	-0.000763961	1	-20.799554178	-0.000763960	175973:-0.000764	57844:-8.519773	1558:-9.152498	103725:-9.168347	221134:-9.738326	34751:-10.034007	17511:-10.847768	79653:-11.070169	11094:-11.254127	182796:-11.338087	122826:-11.721109	241690:-11.822871	205681:-11.927371	192372:-11.937186	60063:-12.007081	196092:-12.059249	175319:-12.242679	1410:-12.266162	186179:-12.543347	172009:-12.634390
531	11094	-0.451112994	11094	-0.451112994	1	-16.740880021	-0.451112941	11094:-0.451113	808:-2.065117	192372:-2.387390	205681:-2.623488	17511:-3.001910	6185:-5.091435	9854:-5.896362	196937:-6.669250	478:-7.007888	32598:-7.256066	212833:-7.459488	8418:-7.600098	2148:-7.777472	27581:-7.929932	2899:-8.103846	79834:-8.104727	22056:-8.213398	20187:-8.389806	220:-8.408385	45993:-8.517967
532	220	-0.018645607	220	-0.018645607	1	-17.099817119	-0.018645569	220:-0.018646	1789:-4.748212	23828:-6.187340	22056:-6.198529	243414:-7.058953	11794:-7.167952	175067:-7.759960	176816:-7.786817	2899:-8.216032	215544:-8.771261	23835:-8.908679	69028:-9.029631	164084:-9.055213	46546:-9.236976	190734:-9.316253	196896:-9.468660	219073:-9.550071	233716:-9.700632	303:-9.711046	163411:-9.721244
533	22	-0.077628683	22	-0.077628683	1	-18.708105158	-0.077628676	22:-0.077629	21:-2.904016	20:-4.579126	19:-4.798156	16:-7.013876	23:-8.298345	18:-9.153719	17:-9.588651	24:-9.964634	15:-12.354613	220:-15.875703	25229:-16.493608	40492:-17.689095	65121:-17.763900	149:-17.811918	68086:-18.083423	151:-18.424275	197:-18.588807	248046:-18.708105	10:-18.800509
534	18295	-0.000537600	18295	-0.000537600	1	-19.591110195	-0.000537596	18295:-0.000538	11:-8.157230	13:-9.459312	5213:-9.978769	12954:-10.472602	14944:-12.004394	24223:-12.130655	49580:-12.173326	29096:-12.265285	10:-12.278243	469:-12.619783	39890:-12.845167	218192:-12.856734	38696:-12.870399	15:-12.878130	61295:-13.239649	35362:-13.245200	11572:-13.260905	80389:-13.452621	5413:-13.503772
535	11	-0.000522923	11	-0.000522923	1	-20.123639893	-0.000522921	11:-0.000523	478:-8.626707	49460:-9.032889	272:-10.157835	318:-10.802435	3687:-10.949866	79834:-11.169251	11486:-11.349613	43181:-11.395350	10:-11.625481	22056:-11.682995	17437:-12.299904	41852:-12.452702	11161:-12.855002	172291:-13.018915	750:-13.139737	194485:-13.227461	324:-13.233389	585:-13.248226	378:-13.302369
536	49460	-0.793699075	49460	-0.793699075	1	-18.571938206	-0.793699067	49460:-0.793699	3687:-1.391054	79834:-2.059748	272:-3.417839	324:-3.785635	11486:-3.904866	11161:-4.052091	41852:-4.372997	750:-4.521271	585:-4.837779	27581:-5.000229	172624:-5.340479	1147:-5.662928	238277:-5.990060	53544:-6.153501	4931:-6.189350	46154:-6.474626	194485:-6.612767	49167:-6.627182	192777:-6.636267
537	3687	-0.297709344	3687	-0.297709344	1	-18.954040645	-0.297709338	3687:-0.297709	79834:-1.687455	27581:-3.598842	750:-4.766116	53544:-4.844346	49167:-4.928399	10840:-5.422310	238277:-5.584609	11161:-6.104995	4259:-6.722414	11486:-6.841994	198132:-7.159237	6561:-7.237844	11094:-7.736401	172695:-7.804405	44315:-7.820091	9532:-8.095971	324:-8.576032	192777:-8.579230	172918:-8.701173
538	175973	-0.001006721	175973	-0.001006721	1	-21.776579260	-0.001006721	175973:-0.001007	34751:-8.444659	1558:-8.567896	103725:-8.863765	57844:-10.038219	79653:-10.210024	27581:-10.289820	221134:-10.492084	241690:-10.587888	184974:-11.106317	182796:-11.158716	196092:-11.385617	27886:-11.402605	175319:-11.747638	73371:-11.872570	173575:-11.900886	79834:-11.949841	93384:-12.012882	182142:-12.137982	2448:-12.421695
539	79834	-0.669447727	79834	-0.669447727	1	-19.077601499	-0.669447722	79834:-0.669448	49167:-1.418446	27581:-2.196862	53544:-2.574942	9532:-4.738139	4259:-4.806010	192777:-5.050927	10840:-5.053822	93608:-5.218833	11161:-6.025472	11094:-6.044802	238277:-6.344251	44315:-6.586932	232100:-6.688591	179198:-7.273293	197542:-7.320344	76337:-7.344106	205681:-7.428060	6561:-7.457791	73371:-7.557444
540	303	-0.707313065	34732	-0.693974976	0	-18.631265406	-0.707313057	34732:-0.693975	303:-0.707313	175991:-6.217059	81703:-6.490139	161904:-7.941772	23575:-7.968053	212737:-8.128045	18588:-8.242635	178430:-8.251806	63583:-8.274255	69326:-8.768079	177154:-8.838382	200801:-8.937576	54118:-8.996307	40543:-9.524428	25349:-9.881188	77378:-10.085586	264:-10.199440	173828:-10.245553	13:-10.336279
541	18588	-0.000190957	18588	-0.000190957	1	-19.806588395	-0.000190954	18588:-0.000191	21966:-9.825075	68906:-10.403268	18232:-10.847206	629:-11.699991	21360:-12.515500	173451:-12.742354	4931:-12.799720	31858:-12.851215	14345:-13.380386	632:-13.398363	20263:-13.464937	42057:-13.869187	2678:-14.017164	34817:-14.081497	32234:-14.157973	61295:-14.169996	208380:-14.189863	240947:-14.260075	20243:-14.277056
542	1354	-0.000061510	1354	-0.000061510	1	-22.311209677	-0.000061510	1354:-0.000062	308:-10.074019	6556:-12.612437	10862:-13.305218	1745:-13.459492	55771:-13.508461	13:-14.012595	2642:-14.043413	1825:-14.072357	5901:-14.384134	1058:-14.446597	23991:-14.485718	1803:-14.666504	1728:-14.884595	1846:-15.079047	36840:-15.120227	15552:-15.171610	2456:-15.276422	148357:-15.333430	44:-15.377409
543	13	-0.038460697	13	-0.038460697	1	-17.882668460	-0.038460680	13:-0.038461	378:-3.532081	40543:-5.537240	11:-5.914767	384:-7.719517	303:-9.114572	500:-9.312325	66340:-9.437522	791:-9.454108	172291:-9.538068	318:-10.277095	26:-10.526199	1297:-10.571046	183821:-10.622096	86612:-10.651026	1523:-10.664157	264:-10.886970	178430:-10.936393	4931:-11.087986	57193:-11.162244
544	1297	-0.033199811	1297	-0.033199811	1	-16.384671712	-0.033199734	1297:-0.033200	7305:-4.460708	4770:-5.857438	1900:-6.169966	6282:-6.215129	11248:-6.358655	353:-6.496938	171777:-6.799990	436:-7.111470	171397:-7.116128	210067:-7.606018	183739:-8.125848	188101:-8.242275	41552:-8.278542	173401:-8.281273	443:-8.425429	11493:-8.616051	190736:-8.708169	733:-8.741934	172080:-8.787335
545	3687	-0.076681074	3687	-0.076681074	1	-17.492300924	-0.076681048	3687:-0.076681	11094:-3.663797	1147:-3.707754	172755:-4.699715	2397:-5.229537	171902:-6.166860	874:-6.558659	203949:-7.096293	324:-7.681280	44514:-8.162776	585:-8.444467	31822:-8.591206	18588:-8.692959	34105:-8.753290	11486:-8.836704	272:-8.854227	750:-8.927544	212826:-8.958334	808:-9.162719	175973:-9.185091
546	175973	-0.000644730	175973	-0.000644730	1	-20.440194176	-0.000644728	175973:-0.000645	34751:-8.900187	9640:-9.673452	1558:-9.934660	103725:-10.143741	182796:-10.254160	11094:-10.376722	79653:-10.692680	221134:-10.935757	60063:-11.005730	186179:-11.350824	57844:-11.405170	27886:-11.500481	18588:-11.622231	172755:-11.941475	188105:-12.042655	241690:-12.376064	172009:-12.426313	80687:-12.477125	191081:-12.568512
547	11094	-0.026278520	11094	-0.026278520	1	-19.698245311	-0.026278518	11094:-0.026279	172755:-3.799535	203949:-6.646077	22056:-7.470891	11057:-7.550963	2397:-7.735707	192372:-9.246195	31822:-9.675475	17511:-9.931115	6185:-9.994550	2148:-10.158883	205681:-10.379838	171397:-10.942648	34105:-11.169900	211370:-11.493617	9854:-11.578437	46778:-11.590154	175067:-11.642119	378:-11.745754	20187:-11.798649
548	22056	-0.440711330	22056	-0.440711330	1	-17.842280219	-0.440711312	22056:-0.440711	220:-1.396938	175067:-2.266874	23828:-6.229249	1789:-6.803825	176832:-7.478158	20614:-8.593813	7928:-9.191833	2899:-9.295989	7875:-9.306585	2166:-9.524532	45963:-9.559480	110380:-9.561273	835:-9.720787	104386:-9.888635	10917:-10.058496	220907:-10.656690	190736:-10.702681	178589:-10.848396	86685:-11.015663
549	23828	-0.000682952	23828	-0.000682952	1	-21.982155683	-0.000682952	23828:-0.000683	221249:-8.552777	223252:-9.346804	86685:-9.439194	233716:-9.669809	176816:-10.154747	61756:-10.221815	35317:-10.231295	14786:-11.041541	193617:-11.312597	189305:-11.640202	22575:-11.862930	3349:-11.970830	242153:-12.092351	173316:-12.459941	81959:-12.503878	241426:-12.517678	170068:-12.614903	174127:-12.927887	201892:-12.997347
550	14786	-0.094843343	14786	-0.094843343	1	-19.304924443	-0.094843339	14786:-0.094843	11:-2.552557	318:-5.102299	1789:-5.257269	23476:-8.058952	1538:-8.524118	78787:-8.542143	26109:-9.077282	378:-9.243781	21133:-9.488737	2920:-9.641906	45013:-10.688071	296:-11.207787	171744:-11.214539	18588:-11.520812	1147:-11.844599	21997:-11.905419	74224:-11.990891	174068:-12.093612	46600:-12.115046
551	18588	-0.000021210	18588	-0.000021210	1	-22.371142140	-0.000021210	18588:-0.000021	18232:-12.212342	61727:-12.614195	31858:-13.397107	629:-13.435805	21360:-13.564158	208380:-14.146558	175906:-14.334675	174068:-14.625660	21966:-14.972734	186711:-15.037050	68906:-15.148964	34905:-15.341700	42057:-15.389550	2420:-15.451155	17261:-15.632336	20263:-15.680436	34817:-15.879090	42206:-15.962542	343:-15.991343
552	1354	-0.000129637	1354	-0.000129637	1	-20.306715903	-0.000129636	1354:-0.000130	308:-9.994959	6556:-11.502741	44:-11.763297	5901:-12.195586	1058:-12.501213	32:-12.562360	14006:-12.621540	10862:-12.655288	1728:-12.823166	4680:-12.910379	1803:-13.205744	2629:-13.218269	1846:-13.268997	1646:-13.323655	905:-13.529367	7839:-13.606410	8018:-13.606951	2456:-13.624485	939:-13.653595
553	11	-0.017488077	11	-0.017488077	1	-17.412430599	-0.017488050	11:-0.017488	174068:-4.334524	318:-6.292693	18943:-7.358999	2420:-8.904951	175737:-9.248041	16001:-9.346435	4259:-9.750179	10028:-9.831718	15661:-9.854457	104395:-9.863130	26098:-9.871906	186711:-10.142788	180432:-10.251130	52911:-10.391641	173275:-10.753839	90500:-10.774511	173528:-10.964674	378:-10.976399	191163:-11.113924
554	18943	-0.526093568	18943	-0.526093568	1	-16.571671333	-0.526093505	18943:-0.526094	173528:-2.343425	4259:-2.585847	4931:-2.702197	3687:-2.903802	93026:-2.996293	13138:-4.131969	34949:-5.146219	53544:-5.203519	1147:-5.253030	76193:-5.644118	324:-5.672031	49167:-6.154083	2397:-6.345981	1010:-6.530214	585:-6.746166	173319:-6.913059	179198:-7.010517	501:-7.097657	172918:-7.238171
555	1538	-1.214926057	1538	-1.214926057	1	-16.162773423	-1.214925961	1538:-1.214926	1789:-1.879536	21133:-1.989115	93608:-2.034846	192777:-2.306048	34949:-2.586903	2645:-3.569947	29146:-4.260997	53544:-4.393521	184623:-4.401584	179198:-5.252687	78787:-6.051893	172918:-6.169223	178399:-6.191913	49167:-6.234793	232100:-6.570500	76337:-6.671974	26109:-6.772830	23476:-6.773979	14786:-6.970082
556	175973	-0.003368041	175973	-0.003368041	1	-19.988228461	-0.003368039	175973:-0.003368	63178:-7.046088	184974:-7.336061	60603:-8.107355	230106:-8.292985	34751:-8.935974	1558:-9.265934	103725:-9.451042	221134:-9.745259	27886:-9.815569	73371:-10.174078	182142:-10.382234	35710:-10.425525	182796:-10.512446	56904:-10.566391	49775:-10.571489	175723:-10.594875	79653:-10.620365	93608:-10.746346	213825:-10.831638
557	93608	-0.546012728	93608	-0.546012728	1	-17.519109099	-0.546012704	93608:-0.546013	192777:-1.206922	34949:-3.245008	29146:-3.785044	2645:-4.310121	49167:-4.760649	53544:-4.765844	184623:-4.846161	172918:-4.948000	179198:-6.642688	178399:-6.673596	62869:-7.201519	231847:-7.394703	76337:-7.488561	164780:-7.709881	180461:-8.027203	27581:-8.268440	8198:-8.297941	178692:-8.470461	206789:-8.475874
558	303	-0.145366731	303	-0.145366731	1	-18.463981691	-0.145366721	303:-0.145367	34732:-2.028374	55065:-7.410884	885:-8.435284	173854:-8.468013	69326:-8.556693	23575:-8.666269	164084:-8.853586	63583:-8.980332	1298:-9.107148	21360:-9.491239	73371:-9.602824	4176:-9.696842	210632:-9.917641	54118:-9.949774	296:-9.982105	264:-10.029549	1001:-10.031322	12378:-10.053940	13138:-10.104212
559	21360	-0.002679995	21360	-0.002679995	1	-20.308929136	-0.002679993	21360:-0.002680	2972:-6.215498	18588:-9.314931	13540:-9.430999	27886:-9.988514	32784:-10.239046	14710:-10.387303	717:-10.725745	66554:-11.064442	17292:-11.078707	68906:-11.165776	60291:-11.371405	1785:-11.487257	4931:-11.516714	35160:-11.632557	27526:-11.859709	21966:-12.024906	296:-12.071654	348:-12.107872	74976:-12.227464
560	378	-0.580102163	378	-0.580102163	1	-16.684682089	-0.580102106	378:-0.580102	296:-1.508971	318:-2.161065	11:-2.339614	3376:-7.453695	1523:-7.528562	53544:-8.067939	25:-8.116994	1789:-8.122222	1147:-8.339822	25253:-8.462834	13:-8.485441	384:-8.491118	73879:-8.703611	175283:-8.798557	7256:-8.974883	34732:-9.222806	3687:-9.238561	15328:-9.272128	22056:-9.286561
561	53544	-0.156351475	53544	-0.156351475	1	-16.802531628	-0.156351425	53544:-0.156351	1147:-2.324614	34949:-4.655101	18943:-4.833857	4259:-5.353537	3687:-5.910533	585:-6.072976	52550:-6.730530	324:-6.874879	173319:-7.113848	93026:-7.140247	10840:-7.174416	34732:-7.183747	49167:-7.299968	3170:-7.533959	179198:-7.553177	750:-7.628005	994:-7.809699	4931:-7.922192	32350:-7.981573
562	73371	-1.533844423	73371	-1.533844423	1	-16.592279863	-1.533844361	73371:-1.533844	226597:-1.553782	188166:-2.030681	193683:-2.426665	161713:-2.503514	328:-2.718697	233429:-3.666651	201798:-3.797533	994:-4.022564	66211:-4.220637	586:-4.869213	183540:-4.935210	12378:-4.990957	234566:-5.262856	201550:-5.500921	184654:-5.782767	233770:-5.884943	160738:-5.967905	8238:-6.070357	203323:-6.331930
563	4189	-0.008461690	4189	-0.008461690	1	-23.400770402	-0.008461690	4189:-0.008462	450:-4.788522	9031:-11.102154	16263:-11.649929	55198:-12.188185	56157:-12.243247	266:-12.476701	532:-12.713350	5475:-12.837750	88671:-13.087451	42553:-13.139325	951:-13.266602	1481:-13.309920	4726:-13.399478	13168:-13.502674	21502:-13.636167	13627:-14.111948	34139:-14.141379	10101:-14.199613	4073:-14.310116
564	328	-1.233518823	328	-1.233518823	1	-17.671317204	-1.233518802	328:-1.233519	303:-1.324217	264:-1.675841	1298:-2.215857	1001:-4.394787	28735:-4.416405	13138:-4.494669	50850:-4.642750	885:-4.676981	11288:-4.800442	14:-4.842816	1789:-5.211836	13780:-5.441763	4936:-5.558485	34732:-5.735775	204334:-5.858220	57627:-6.021956	660:-6.057789	2805:-6.378191	4181:-6.379749
565	64	-0.133488896	64	-0.133488896	1	-24.028638127	-0.133488896	64:-0.133489	263:-2.949674	278:-3.473159	26183:-3.714008	258:-5.854181	25148:-6.621972	1671:-6.623119	370:-6.749162	38632:-6.869759	528:-7.168392	20267:-7.235678	21666:-7.727460	82:-7.923651	69:-8.079044	8317:-8.171971	243098:-8.232173	182643:-8.249286	692:-8.338841	204334:-8.567569	6161:-8.903552
566	192672	-0.174234511	192672	-0.174234511	1	-17.640324475	-0.174234489	192672:-0.174235	1016:-3.025757	39394:-3.103567	204334:-4.392376	175102:-4.918994	11540:-5.039391	25903:-5.953480	592:-6.000935	201415:-6.126043	947:-6.403961	5571:-6.520489	281:-6.872414	219253:-6.975607	509:-7.019555	184458:-7.106992	2265:-7.131234	242242:-7.234554	383:-7.364245	182743:-7.441568	4018:-7.637264
567	1	-0.122637619	1	-0.122637619	1	-20.524112333	-0.122637618	1:-0.122638	487:-2.185168	3158:-5.974713	763:-9.138299	1288:-9.546674	828:-9.717285	28735:-10.454932	4961:-10.834696	28275:-10.964216	9059:-11.357608	172692:-12.080758	62804:-12.518830	42418:-12.575895	11:-12.712217	6:-12.802253	1149:-12.815688	93868:-12.867944	34732:-12.873484	50799:-12.923142	318:-12.934850
568	318	-0.782844787	318	-0.782844787	1	-17.094112878	-0.782844749	318:-0.782845	28735:-1.352904	28275:-1.686659	34732:-2.878111	52550:-4.775549	88846:-5.102165	46600:-5.115771	303:-5.577397	22056:-5.721111	55065:-6.337575	1317:-6.919453	1892:-6.970714	855:-7.085375	69326:-7.146454	210364:-7.409674	885:-7.574536	2261:-7.598747	296:-7.737314	2445:-7.870420	3376:-7.951161
569	2413	-1.055677018	2413	-1.055677018	1	-20.224423490	-1.055677017	2413:-1.055677	435:-1.830932	1783:-2.278425	699:-2.688898	34045:-2.926138	3122:-3.714735	164020:-3.818410	29456:-3.878044	80:-4.422140	647:-4.427324	205574:-4.773836	66752:-4.897473	164013:-5.100720	898:-5.194368	895:-5.377155	3965:-5.507553	4480:-5.565872	75:-5.603766	6122:-5.628273	354:-5.808010
570	14495	-0.008019711	14495	-0.008019711	1	-17.665471817	-0.008019689	14495:-0.008020	84:-6.673940	201924:-6.929107	563:-7.364562	4311:-7.802243	6445:-7.906884	21502:-8.129343	11452:-8.182393	163237:-8.291717	565:-8.391618	4783:-9.034946	512:-9.273435	9298:-9.722101	6161:-9.763786	13168:-9.794297	6933:-9.919553	49529:-9.929012	16263:-10.144353	9715:-10.279466	2314:-10.293314
571	201924	-0.009875670	201924	-0.009875670	1	-21.093878403	-0.009875669	201924:-0.009876	210364:-5.143566	194456:-6.503118	221518:-6.806692	46213:-7.567424	6103:-7.828312	13569:-9.832935	37535:-10.304407	189305:-10.606847	97448:-11.029170	324:-11.415992	61240:-11.460557	200087:-11.574494	173316:-11.601358	1678:-11.724189	36885:-11.740851	214391:-11.756348	181447:-12.018512	73701:-12.107598	110272:-12.122018
572	553	-0.004054266	553	-0.004054266	1	-20.894517856	-0.004054265	553:-0.004054	11:-6.046926	378:-6.841975	681:-8.558793	8:-9.565377	40984:-9.780725	296:-10.107906	791:-10.654050	1523:-10.811284	77191:-11.159238	11069:-11.622602	7256:-11.639123	13:-11.790618	303:-12.241697	187525:-12.330256	384:-12.332107	2899:-12.384010	58902:-12.416583	1789:-12.516261	28275:-12.529871
573	271	-0.000041530	271	-0.000041530	1	-14.706517741	-0.000041119	271:-0.000042	2228:-12.495121	4558:-12.978212	198:-13.038833	18050:-13.070054	2972:-13.120493	348:-14.562585	248046:-14.706518	1061:-14.814978	436:-15.072970	733:-15.109147	1368:-15.181513	1297:-15.227384	3495:-15.231747	13697:-15.246667	351:-15.303484	1188:-15.330188	13827:-15.339202	353:-15.512784	171777:-15.620185
574	18	-0.000037880	18	-0.000037880	1	-20.990541191	-0.000037879	18:-0.000038	794:-10.535476	256:-11.942142	19:-13.335581	29:-13.824417	17:-14.957725	332:-15.976913	169286:-15.978631	4277:-16.172740	20:-16.346531	16:-16.346943	9008:-16.610542	21:-16.638603	12:-16.830879	13962:-16.974490	15:-17.003026	41776:-17.284254	9:-17.422382	23:-17.679540	550:-17.697723
575	13	-0.000008943	13	-0.000008943	1	-15.973830583	-0.000008828	13:-0.000009	2972:-12.742843	159029:-13.516063	29545:-14.831256	8:-15.088001	248046:-15.973831	553:-16.448161	486:-16.687230	332:-16.725923	64:-16.768865	707:-16.769754	159034:-16.798991	2487:-16.802415	641:-16.854386	18261:-16.889104	5946:-16.965780	6889:-16.991508	25:-17.016952	735:-17.129270	1173:-17.180373
576	2972	-0.000216582	2972	-0.000216582	1	-15.945290664	-0.000216463	2972:-0.000217	18887:-9.994772	6558:-10.163274	13540:-10.890853	178380:-12.150754	7976:-12.375400	173976:-12.521724	172100:-12.585071	189816:-12.630689	436:-12.833697	171446:-12.948223	348:-13.305129	176217:-13.352635	6297:-13.357040	21360:-13.364312	187113:-13.400895	26196:-13.576546	29702:-13.644229	179604:-13.660746	217634:-13.687329
577	7976	-0.866887944	7976	-0.866887944	1	-19.229198115	-0.866887940	7976:-0.866888	52782:-1.191675	30576:-2.116350	32784:-3.827984	43:-3.893923	9764:-3.998220	11707:-4.508377	3197:-4.636505	6374:-4.736805	2425:-5.093597	7188:-5.160992	27950:-5.530716	49:-5.536958	51:-5.606981	34:-6.242304	59898:-6.278707	18232:-6.328976	18340:-6.695900	34021:-6.764200	2198:-6.861439
578	13540	-0.214618137	13540	-0.214618137	1	-17.436500957	-0.214618110	13540:-0.214618	14786:-1.650470	1538:-8.460186	30576:-8.489915	1789:-9.219374	63266:-9.851055	21124:-9.948654	28770:-10.372429	26109:-10.464409	23476:-10.572986	378:-10.643381	14840:-11.034364	21966:-11.409791	21133:-11.473302	18887:-11.556290	78787:-11.599177	34732:-11.748551	21360:-11.829770	14737:-11.972207	351:-12.098772
579	92217	-0.139839342	92217	-0.139839342	1	-16.226396730	-0.139839252	92217:-0.139839	378:-2.611080	11069:-3.790663	318:-4.577498	28275:-4.818172	74994:-6.169297	25:-6.354947	332:-6.732532	7199:-6.758269	23575:-6.900344	478:-7.276938	791:-7.361946	594:-7.367513	593:-7.382494	5972:-7.725875	916:-7.897099	34732:-8.186302	1317:-8.227114	175553:-8.382841	203731:-8.874693
580	2228	-0.000152294	2228	-0.000152294	1	-14.792308514	-0.000151918	2228:-0.000152	172567:-11.128814	28275:-11.152689	88846:-11.287091	5690:-11.520473	4770:-11.564706	198:-12.450888	695:-12.711675	15563:-13.186821	195406:-13.844093	37511:-13.884322	1147:-13.885960	20537:-13.997780	202015:-14.005685	1345:-14.006880	11615:-14.245168	5788:-14.283660	175523:-14.312979	53544:-14.340769	1031:-14.434371
581	256	-0.000137162	256	-0.000137162	1	-20.320696663	-0.000137160	256:-0.000137	262:-9.772906	257:-10.284340	220:-10.663055	202015:-12.650011	406:-12.925834	4770:-13.522035	8482:-13.527598	950:-13.622221	5690:-14.076758	12:-14.123442	88846:-14.374928	7305:-14.385074	44:-14.708852	2228:-14.775419	172567:-14.804432	260:-14.812141	88506:-14.866168	197155:-15.035453	16:-15.197326
582	4770	-0.674312940	4770	-0.674312940	1	-18.829059890	-0.674312934	4770:-0.674313	7305:-1.691021	202015:-2.056671	172567:-2.462017	88506:-2.981226	436:-4.519940	1900:-5.629189	88846:-5.684847	197155:-6.529644	380:-6.613751	185166:-6.766894	5788:-6.881951	3495:-6.956080	85318:-7.012050	353:-7.269170	1297:-7.380306	10690:-7.554403	177198:-7.630993	41552:-7.668248	173401:-7.672989
583	13540	-0.052077690	13540	-0.052077690	1	-17.864681164	-0.052077673	13540:-0.052078	2972:-3.673356	6297:-4.025840	185817:-6.866044	18943:-6.979873	61727:-7.224356	68906:-7.722824	173433:-7.763961	18887:-7.926894	1817:-8.766120	21966:-8.957950	30576:-9.145450	230960:-9.295425	17393:-9.319425	16809:-9.553273	13792:-9.622547	181942:-9.666181	24150:-9.801902	63266:-9.831038	14840:-10.179871
584	12378	-0.452505270	12378	-0.452505270	1	-15.917002121	-0.452505148	12378:-0.452505	32598:-1.623018	172508:-3.246760	193871:-3.663367	24150:-4.215096	1817:-4.365521	318:-4.587258	34949:-4.607404	2397:-4.774921	195273:-5.154840	6185:-5.302999	198402:-5.552345	4259:-5.901776	16005:-5.996899	158096:-6.365896	3080:-6.441518	220107:-6.704017	11:-6.710101	209947:-7.070671	154694:-7.151270
585	86195	-0.001027290	86195	-0.001027290	1	-21.041067545	-0.001027290	86195:-0.001027	89101:-7.771623	212087:-8.899085	181885:-9.524142	6059:-9.587167	10246:-10.569515	284:-10.737894	173898:-10.752747	3317:-10.931119	543:-10.934724	40312:-11.395230	8565:-11.618292	14949:-11.635656	9185:-11.880419	1029:-11.931932	614:-12.008161	6138:-12.080226	6156:-12.124059	28527:-12.186061	16284:-12.292113
586	324	-0.405765267	324	-0.405765267	1	-18.385020467	-0.405765257	324:-0.405765	3687:-1.310142	1147:-3.587255	501:-4.111759	585:-4.384548	27026:-6.363920	76193:-7.554793	178910:-8.020368	32082:-8.066990	916:-8.306076	750:-8.466192	18943:-8.466403	189197:-8.587398	187769:-8.651627	182276:-8.912148	237206:-9.093067	25:-9.173557	213790:-9.216690	90339:-9.422106	1879:-9.440888
587	515	-0.002436123	515	-0.002436123	1	-22.573665104	-0.002436123	515:-0.002436	78281:-7.292618	6:-7.742396	61377:-8.547120	57543:-8.609404	725:-8.995692	13607:-9.187681	207512:-9.347145	84725:-9.561830	4110:-10.141693	38290:-10.187730	20746:-10.300822	86056:-10.305216	54893:-10.362149	1357:-10.409194	73437:-10.474839	19009:-10.694061	38341:-10.798499	64938:-11.004602	27684:-11.011330
588	2173	-0.038562593	2173	-0.038562593	1	-22.499213037	-0.038562593	2173:-0.038563	1307:-3.889274	16403:-4.897875	72172:-6.078213	178551:-7.530632	300:-7.712945	89130:-7.868674	188182:-8.081134	196166:-8.371193	191915:-8.414937	13654:-8.426182	20923:-8.501264	40:-8.513193	3197:-8.522433	183516:-8.687738	183232:-8.814814	205574:-8.897696	242522:-8.987150	216274:-9.046800	61570:-9.130802
589	228963	-0.020152971	228963	-0.020152971	1	-21.822872206	-0.020152971	228963:-0.020153	14578:-4.396473	21497:-5.941745	69:-6.387940	1666:-7.808200	776:-8.304760	3189:-8.328295	223007:-8.659457	7790:-9.199516	1795:-9.217312	154782:-9.530321	33458:-9.649072	1039:-9.759101	1509:-9.987005	4983:-10.007075	9603:-10.151352	177023:-10.191948	172984:-10.315533	30612:-10.496938	195282:-10.628245
590	199082	-0.834531386	199082	-0.834531386	1	-16.741123278	-0.834531332	199082:-0.834531	11:-1.329141	318:-2.238010	384:-2.835384	1789:-3.420282	1538:-3.859552	25:-4.091131	23476:-4.108841	216657:-4.229381	9300:-4.992235	3061:-5.013666	14786:-5.311289	1228:-6.257378	378:-6.740885	3370:-6.777725	1156:-6.967556	175712:-7.044592	8357:-7.464992	7281:-7.548574	175723:-7.577186
591	11	-0.152387923	11	-0.152387923	1	-17.607272452	-0.152387900	11:-0.152388	378:-2.509487	318:-2.842919	25:-6.670302	13:-8.820251	3687:-10.237974	1523:-10.272412	296:-10.312273	19052:-11.237381	2920:-11.817206	3817:-11.863560	384:-11.918967	324:-11.937598	27718:-11.957172	1538:-12.090144	88846:-12.721327	25253:-12.800085	1147:-12.883726	585:-12.986719	172508:-12.998869
592	3687	-0.609641222	3687	-0.609641222	1	-16.574714808	-0.609641159	3687:-0.609641	1147:-1.215268	324:-2.992904	3817:-3.095723	193871:-4.654317	585:-4.914525	19052:-4.962762	172508:-5.269971	1304:-6.104871	501:-6.119098	750:-6.267290	24150:-6.272384	74995:-6.411578	9372:-6.417059	3080:-6.523540	829:-7.120732	6518:-7.127315	44424:-7.213279	3214:-7.289861	21621:-7.299931
593	21621	-0.756012117	21621	-0.756012117	1	-17.346081411	-0.756012088	21621:-0.756012	3817:-1.429142	6518:-2.104862	44424:-2.305702	6713:-5.158339	9640:-5.398945	829:-5.496349	27123:-5.731171	1817:-5.846008	4563:-6.042427	61483:-6.090336	184026:-6.208397	82637:-6.248917	6040:-6.293808	188105:-6.382058	74995:-6.410825	3421:-6.468067	240243:-6.499141	27886:-6.501763	175723:-6.577364
594	1538	-0.003505808	1538	-0.003505808	1	-18.573790651	-0.003505799	1538:-0.003506	318:-6.552080	14786:-6.948202	26109:-8.464605	21133:-8.632023	1228:-8.757798	213245:-8.992285	175723:-9.310327	23476:-9.385196	45013:-10.232687	78787:-10.631497	3817:-11.212257	9302:-11.515778	1789:-11.524216	3687:-11.767746	60063:-11.772343	65826:-12.025789	1879:-12.252552	1414:-12.347811	9640:-12.628208
595	175723	-0.831047532	175723	-0.831047532	1	-17.866023538	-0.831047515	175723:-0.831048	9640:-1.146019	60063:-1.439938	186179:-6.005414	3817:-6.633313	1228:-7.467080	205533:-7.539364	30970:-7.576107	1414:-8.333720	192670:-8.694164	1879:-8.835280	9473:-8.844826	80687:-8.906229	61727:-9.084690	176678:-9.105854	39242:-9.281788	57491:-9.440152	52782:-9.464293	2619:-9.511227	886:-9.674177
